order_id,customer_id,order_dt,category,unit_price,quantity,discount_rate,is_member,payment_type,gross_amount,net_amount
1,103,2025-05-27,Electronics,87.37,21,0.0,Y,card,1834.77,1834.77
2,436,2025-04-28,Beauty,114.15,45,0.05,Y,card,5136.75,4879.91
3,271,2025-06-01,Fashion,99.25,38,0.1,Y,card,3771.5,3394.35
4,107,2025-03-13,Grocery,,20,0.15,Y,card,1726.2,"₩1,467.27"
5,72,2025-12-29,Fashion,63.58,62,0.05,Y,card,3941.96,3744.86
6,701,2025-05-17,Grocery,86.41,79,0.1,Y,bank,6826.39,6143.75
7,21,2025-06-24,Fashion,33.84,94,0.0,Y,card,3180.96,3180.96
8,615,2025-10-16,Fashion,54.57,83,0.05,Y,card,4529.31,"₩4,302.84"
9,122,2025-01-19,Fashion,121.21,56,0.2,N,card,6787.76,5430.21
10,467,2025-07-14,Grocery,,42,0.0,N,card,5004.72,5004.72
11,215,2025-11-26,Electronics,109.7,90,0.05,Y,card,9873.0,9379.35
12,331,2025-06-24,Grocery,131.61,76,0.1,Y,card,10002.36,"₩9,002.12"
13,459,2025-12-20,Grocery,91.91,52,0.1,Y,card,4779.32,4301.39
14,88,2025-05-21,Electronics,114.19,27,0.05,N,card,3083.13,2928.97
15,373,2025-09-03,Electronics,151.35,83,0.0,N,,12562.05,12562.05
16,100,2025-04-03,Fashion,62.25,62,0.05,N,card,3859.5,3666.52
17,664,2025-08-27,Grocery,40.74,48,0.0,N,card,1955.52,1955.52
18,131,2025-07-24,Electronics,42.28,81,0.1,N,card,3424.68,3082.21
19,662,2025-02-17,Fashion,112.97,43,0.05,Y,card,4857.71,4614.82
20,309,2025-09-02,Grocery,219.29,46,0.15,N,card,10087.34,8574.24
21,770,2025-11-16,Grocery,120.55,50,0.0,N,card,6027.5,6027.5
22,344,2025-11-13,Fashion,46.58,58,0.05,Y,card,2701.64,2566.56
23,492,2025-10-22,Fashion,54.33,19,0.05,Y,card,1032.27,980.66
24,414,2025-05-08,Grocery,99.83,49,0.0,Y,card,4891.67,4891.67
25,386,2025-12-10,Beauty,45.13,27,0.05,Y,card,1218.51,1157.58
26,192,2025-10-09,Beauty,79.16,34,,N,card,2691.44,2691.44
27,277,2025-01-17,Grocery,,50,0.0,N,bank,3097.5,"₩3,097.50"
28,161,2025-03-12,Fashion,,45,0.0,Y,wallet,3769.2,3769.2
29,460,2025-09-26,Fashion,,11,0.0,Y,bank,712.25,712.25
30,314,2025-11-21,Electronics,85.12,92,0.15,N,card,7831.04,6656.38
31,22,2025-10-09,Electronics,98.45,83,0.0,Y,card,8171.35,8171.35
32,253,2025-11-01,Grocery,89.01,58,,Y,card,5162.58,4388.19
33,748,2025-01-07,Fashion,57.64,76,0.05,Y,card,4380.64,4161.61
34,561,2025-11-10,Fashion,63.71,62,0.05,N,card,3950.02,3752.52
35,475,2025-11-01,Beauty,115.06,28,0.05,N,card,3221.68,3060.6
36,59,2025-04-13,Electronics,12.5,35,0.15,Y,card,437.5,₩371.88
37,511,2025-11-05,Electronics,95.14,63,0.1,Y,card,5993.82,5394.44
38,682,2025-07-12,Electronics,17.17,60,0.2,Y,card,1030.2,824.16
39,476,2025-08-29,Grocery,58.13,34,0.1,Y,card,1976.42,1778.78
40,700,2025-03-03,Grocery,137.61,26,0.0,N,card,3577.86,"₩3,577.86"
41,783,2025-01-17,Fashion,107.81,83,0.2,Y,card,8948.23,7158.58
42,190,2025-06-20,Fashion,31.43,70,0.2,Y,card,2200.1,1760.08
43,687,2025-01-25,Grocery,51.96,55,0.0,N,card,2857.8,2857.8
44,563,2025-09-08,Grocery,103.47,64,0.15,Y,card,6622.08,5628.77
45,567,2025-09-10,Beauty,112.49,59,0.1,N,,6636.91,"₩5,973.22"
46,244,2025-07-26,Grocery,29.98,84,0.15,Y,card,2518.32,2140.57
47,505,2025-01-29,Grocery,11.88,20,0.15,Y,card,237.6,201.96
48,131,2025-04-27,Electronics,52.27,21,0.15,N,bank,1097.67,₩933.02
49,485,2025-10-09,Electronics,57.1,49,0.15,Y,wallet,2797.9,2378.22
50,647,2025-05-24,Electronics,40.44,57,0.0,Y,wallet,2305.08,2305.08
51,21,2025-01-25,Grocery,70.39,65,0.0,Y,card,4575.35,4575.35
52,167,2025-11-06,Grocery,70.68,17,0.0,Y,card,1201.56,"₩1,201.56"
53,274,2025-06-05,Fashion,96.69,97,0.0,N,card,9378.93,9378.93
54,388,2025-03-14,Electronics,48.31,23,0.05,Y,wallet,1111.13,1055.57
55,601,2025-04-30,Fashion,20.31,96,0.1,Y,bank,1949.76,1754.78
56,316,2025-11-08,Beauty,64.45,65,0.05,N,bank,4189.25,3979.79
57,14,2025-11-17,Grocery,27.77,63,0.1,Y,card,1749.51,1574.56
58,242,2025-04-03,Grocery,97.12,26,0.15,N,card,2525.12,2146.35
59,777,2025-03-27,Grocery,115.24,54,,Y,card,6222.96,5600.66
60,346,2025-12-02,Beauty,65.85,14,0.05,Y,wallet,921.9,875.8
61,565,2025-12-30,Grocery,45.78,12,0.0,Y,card,549.36,549.36
62,340,2025-04-28,Grocery,44.35,18,0.0,Y,,798.3,798.3
63,92,2025-08-21,Electronics,105.97,93,0.05,Y,card,9855.21,9362.45
64,367,2025-07-18,Electronics,91.57,29,0.1,Y,bank,2655.53,2389.98
65,455,2025-07-25,Fashion,103.99,92,0.05,N,card,9567.08,9088.73
66,428,2025-12-05,Electronics,76.76,30,0.1,Y,bank,2302.8,2072.52
67,509,2025-05-27,Beauty,52.87,89,0.0,Y,card,4705.43,4705.43
68,776,2025-09-28,Fashion,38.04,42,,Y,card,1597.68,1597.68
69,35,2025-05-19,Beauty,127.11,14,0.1,Y,card,1779.54,"₩1,601.59"
70,206,2025-06-30,Fashion,60.8,33,0.0,Y,bank,2006.4,2006.4
71,81,2025-01-30,Fashion,157.41,72,0.1,Y,bank,11333.52,10200.17
72,562,2025-02-26,Beauty,93.57,88,0.15,N,card,8234.16,6999.04
73,388,2025-08-20,Fashion,219.03,35,0.0,Y,card,7666.05,7666.05
74,2,2025-05-26,Fashion,52.83,98,0.05,Y,card,5177.34,"₩4,918.47"
75,390,2025-02-17,Electronics,169.08,42,0.1,Y,,7101.36,6391.22
76,566,2025-07-13,Grocery,171.49,27,0.1,Y,,4630.23,"₩4,167.21"
77,106,2025-08-12,Fashion,79.83,27,0.0,N,card,2155.41,2155.41
78,772,2025-05-16,Grocery,45.63,47,0.15,Y,card,2144.61,1822.92
79,477,2025-01-22,Grocery,52.72,42,0.0,Y,card,2214.24,2214.24
80,703,2025-01-06,Grocery,38.68,36,,Y,bank,1392.48,1322.86
81,402,2025-07-23,Grocery,57.78,58,0.05,N,wallet,3351.24,3183.68
82,730,2025-08-27,Fashion,57.29,59,0.0,Y,card,3380.11,3380.11
83,556,2025-07-04,Fashion,114.35,24,0.0,N,card,2744.4,2744.4
84,162,2025-12-26,Grocery,58.14,86,0.0,Y,bank,5000.04,5000.04
85,202,2025-10-19,Fashion,68.41,61,0.05,Y,card,4173.01,3964.36
86,270,2025-12-01,Fashion,112.47,77,0.0,N,card,8660.19,"₩8,660.19"
87,271,2025-08-08,Fashion,81.14,28,0.15,Y,bank,2271.92,1931.13
88,456,2025-04-26,Beauty,171.24,34,0.0,Y,bank,5822.16,5822.16
89,462,2025-11-09,Fashion,35.57,85,0.15,Y,bank,3023.45,"₩2,569.93"
90,727,2025-02-18,Fashion,107.6,85,0.15,Y,card,9146.0,7774.1
91,252,2025-06-22,Grocery,88.7,34,0.05,Y,card,3015.8,"₩2,865.01"
92,702,2025-03-23,Grocery,21.02,42,0.05,Y,card,882.84,838.7
93,296,2025-11-18,Electronics,32.46,69,0.0,Y,card,2239.74,2239.74
94,725,2025-11-29,Fashion,97.16,46,0.2,Y,card,4469.36,3575.49
95,720,2025-02-14,Grocery,121.97,52,0.1,N,card,6342.44,5708.2
96,749,2025-12-01,Beauty,21.87,18,0.2,Y,card,393.66,314.93
97,338,2025-01-20,Grocery,141.71,23,0.05,Y,card,3259.33,3096.36
98,53,2025-08-09,Fashion,51.85,12,0.15,N,bank,622.2,528.87
99,792,2025-05-03,Electronics,152.71,78,0.05,Y,card,11911.38,11315.81
100,217,2025-08-22,Beauty,113.33,65,0.15,N,card,7366.45,6261.48
101,764,2025-08-09,Grocery,93.78,35,,N,card,3282.3,"₩3,282.30"
102,188,2025-11-19,Electronics,74.5,62,0.1,N,card,4619.0,4157.1
103,380,2025-12-05,Electronics,85.39,50,0.1,Y,card,4269.5,3842.55
104,493,2025-01-03,Grocery,86.27,91,0.1,N,bank,7850.57,7065.51
105,41,2025-07-01,Fashion,103.39,30,0.05,N,card,3101.7,"₩2,946.62"
106,157,2025-07-25,Fashion,75.6,48,0.1,N,card,3628.8,3265.92
107,15,2025-11-16,Electronics,114.26,89,0.0,Y,card,10169.14,10169.14
108,65,2025-02-09,Fashion,91.38,32,0.05,N,card,2924.16,2777.95
109,521,2025-02-28,Fashion,61.69,83,0.05,N,card,5120.27,4864.26
110,344,2025-03-03,Grocery,90.15,67,0.0,Y,bank,6040.05,6040.05
111,129,2025-05-12,Fashion,64.69,78,0.1,N,bank,5045.82,4541.24
112,648,2025-03-01,Fashion,119.72,84,0.0,Y,bank,10056.48,10056.48
113,472,2025-11-27,Fashion,129.1,38,0.0,N,card,4905.8,4905.8
114,63,2025-05-02,Fashion,185.67,71,0.05,N,bank,13182.57,12523.44
115,139,2025-04-17,Electronics,78.27,62,0.15,Y,card,4852.74,4124.83
116,499,2025-04-06,Fashion,39.67,54,0.05,N,bank,2142.18,2035.07
117,593,2025-12-13,Grocery,110.55,36,0.15,N,card,3979.8,3382.83
118,392,2025-08-23,Electronics,70.73,43,0.05,Y,bank,3041.39,2889.32
119,675,2025-03-03,Electronics,67.75,23,0.1,Y,card,1558.25,1402.42
120,419,2025-09-13,Electronics,52.65,50,0.0,N,bank,2632.5,2632.5
121,289,2025-02-18,Fashion,53.38,83,0.15,Y,card,4430.54,3765.96
122,379,2025-12-14,Beauty,103.88,69,0.05,Y,card,7167.72,6809.33
123,773,2025-06-08,Electronics,59.88,51,0.05,N,card,3053.88,2901.19
124,490,2025-05-04,Beauty,63.93,60,,N,card,3835.8,3835.8
125,231,2025-11-13,Electronics,84.96,84,0.15,Y,card,7136.64,6066.14
126,41,2025-07-26,Grocery,94.6,20,0.1,Y,card,1892.0,1702.8
127,28,2025-02-17,Fashion,31.86,44,0.15,N,card,1401.84,1191.56
128,135,2025-05-16,Grocery,56.22,28,0.0,N,card,1574.16,"₩1,574.16"
129,201,2025-07-20,Fashion,51.57,97,0.0,N,card,5002.29,5002.29
130,780,2025-09-07,Fashion,51.85,74,0.0,Y,card,3836.9,3836.9
131,33,2025-11-10,Grocery,74.11,85,0.05,Y,card,6299.35,5984.38
132,48,2025-12-23,Grocery,71.27,70,0.15,Y,card,4988.9,4240.56
133,503,2025-11-14,Fashion,83.12,56,0.05,N,card,4654.72,4421.98
134,407,2025-10-22,Electronics,76.09,23,0.0,Y,wallet,1750.07,1750.07
135,574,2025-11-10,Electronics,67.75,76,0.05,N,wallet,5149.0,4891.55
136,728,2025-07-28,Grocery,26.88,61,0.1,Y,bank,1639.68,1475.71
137,99,2025-12-21,Fashion,49.54,41,,N,card,2031.14,2031.14
138,684,2025-07-30,Fashion,175.59,89,0.2,Y,bank,15627.51,12502.01
139,726,2025-07-11,Grocery,137.31,19,0.0,N,card,2608.89,2608.89
140,547,2025-02-13,Beauty,189.76,26,0.1,N,card,4933.76,4440.38
141,739,2025-01-29,Grocery,69.47,49,0.05,N,bank,3404.03,3233.83
142,613,2025-02-28,Grocery,48.4,77,,N,wallet,3726.8,3726.8
143,462,2025-03-12,Grocery,133.32,72,0.1,Y,bank,9599.04,8639.14
144,643,2025-04-02,Fashion,99.9,24,0.05,Y,card,2397.6,"₩2,277.72"
145,769,2025-09-22,Fashion,59.61,48,0.1,Y,card,2861.28,2575.15
146,5,2025-08-08,Grocery,113.38,66,0.1,Y,card,7483.08,6734.77
147,218,2025-08-03,Fashion,67.94,19,0.0,Y,card,1290.86,"₩1,290.86"
148,503,2025-10-04,Beauty,57.93,80,0.15,N,bank,4634.4,3939.24
149,767,2025-03-05,Electronics,66.96,26,0.1,N,card,1740.96,1566.86
150,398,2025-12-12,Electronics,42.23,85,,Y,card,3589.55,3230.6
151,795,2025-10-19,Beauty,65.74,26,0.05,N,card,1709.24,1623.78
152,393,2025-09-02,Grocery,126.85,25,0.0,Y,card,3171.25,3171.25
153,207,2025-03-03,Fashion,98.61,87,0.0,N,wallet,8579.07,8579.07
154,15,2025-11-28,Grocery,85.94,12,0.15,Y,card,1031.28,876.59
155,554,2025-06-19,Grocery,57.19,60,0.15,Y,card,3431.4,2916.69
156,461,2025-09-26,Fashion,149.04,55,0.05,Y,card,8197.2,7787.34
157,691,2025-09-24,Electronics,112.92,64,0.0,N,card,7226.88,7226.88
158,575,2025-02-23,Grocery,54.21,35,0.1,N,bank,1897.35,1707.62
159,743,2025-01-16,Beauty,28.61,85,0.1,Y,card,2431.85,2188.66
160,241,2025-01-08,Electronics,77.29,40,0.15,Y,card,3091.6,2627.86
161,564,2025-04-14,Beauty,99.16,90,0.0,N,card,8924.4,8924.4
162,96,2025-02-28,Beauty,52.59,81,0.0,Y,bank,4259.79,4259.79
163,734,2025-11-09,Fashion,91.83,28,0.05,N,card,2571.24,2442.68
164,485,2025-02-09,Grocery,61.88,99,0.0,Y,bank,6126.12,6126.12
165,407,2025-08-25,Fashion,46.01,77,0.15,N,card,3542.77,3011.35
166,231,2025-04-04,Fashion,82.88,24,0.05,Y,bank,1989.12,1889.66
167,749,2025-08-10,Grocery,50.04,67,0.15,Y,card,3352.68,2849.78
168,655,2025-07-23,Beauty,101.07,87,0.0,Y,,8793.09,"₩8,793.09"
169,171,2025-05-18,Grocery,112.7,39,0.1,N,card,4395.3,3955.77
170,541,2025-10-27,Fashion,124.09,57,0.05,Y,card,7073.13,6719.47
171,36,2025-07-26,Electronics,50.67,65,0.0,N,card,3293.55,3293.55
172,525,2025-12-02,Electronics,39.32,51,0.05,Y,card,2005.32,1905.05
173,160,2025-03-22,Fashion,84.94,33,0.05,Y,card,2803.02,2662.87
174,699,2025-08-06,Electronics,127.63,61,0.15,N,card,7785.43,6617.62
175,243,2025-01-02,Grocery,105.7,52,0.0,Y,card,5496.4,5496.4
176,86,2025-06-27,Fashion,51.98,43,0.15,N,bank,2235.14,1899.87
177,796,2025-12-12,Grocery,54.56,69,0.2,N,card,3764.64,3011.71
178,578,2025-10-06,Fashion,62.29,92,,N,bank,5730.68,5157.61
179,682,2025-05-26,Grocery,124.11,12,0.1,Y,card,1489.32,1340.39
180,557,2025-11-14,Fashion,88.63,77,0.0,N,card,6824.51,6824.51
181,574,2025-08-12,Electronics,85.59,20,0.05,N,card,1711.8,"₩1,626.21"
182,646,2025-03-03,Electronics,13.83,22,0.1,N,card,304.26,273.83
183,796,2025-10-21,Fashion,75.83,59,0.1,N,card,4473.97,4026.57
184,28,2025-08-27,Beauty,129.91,91,0.05,Y,bank,11821.81,"₩11,230.72"
185,620,2025-07-14,Electronics,123.89,28,0.15,N,card,3468.92,2948.58
186,556,2025-06-15,Grocery,93.11,53,0.05,Y,bank,4934.83,4688.09
187,340,2025-08-10,Beauty,52.72,42,0.2,Y,card,2214.24,1771.39
188,798,2025-03-02,Grocery,47.78,47,0.05,N,card,2245.66,2133.38
189,331,2025-05-09,Electronics,70.65,12,0.1,N,bank,847.8,763.02
190,640,2025-06-22,Beauty,129.71,74,,N,bank,9598.54,8638.69
191,506,2025-06-05,Electronics,33.61,44,0.1,N,card,1478.84,1330.96
192,348,2025-04-20,Fashion,73.73,45,0.0,Y,card,3317.85,3317.85
193,473,2025-09-26,Beauty,105.2,47,0.0,Y,card,4944.4,4944.4
194,231,2025-12-22,Grocery,114.99,48,0.05,Y,card,5519.52,"₩5,243.54"
195,190,2025-10-05,Fashion,125.78,34,0.15,Y,card,4276.52,3635.04
196,225,2025-03-15,Fashion,75.94,73,0.1,Y,wallet,5543.62,4989.26
197,385,2025-07-26,Fashion,20.99,22,0.0,N,card,461.78,461.78
198,377,2025-10-06,Fashion,97.78,77,0.0,Y,card,7529.06,7529.06
199,283,2025-11-22,Fashion,62.78,79,0.1,Y,card,4959.62,"₩4,463.66"
200,633,2025-12-06,Beauty,49.44,84,0.05,Y,card,4152.96,3945.31
201,628,2025-12-23,Beauty,26.13,10,0.2,N,bank,261.3,209.04
202,745,2025-12-06,Beauty,64.88,81,,Y,card,5255.28,4992.52
203,259,2025-07-23,Fashion,51.7,63,0.05,Y,card,3257.1,3094.24
204,359,2025-06-10,Grocery,54.95,18,0.05,Y,card,989.1,939.64
205,710,2025-01-28,Beauty,76.89,45,0.1,Y,card,3460.05,3114.04
206,456,2025-09-14,Beauty,58.85,46,0.05,N,card,2707.1,2571.74
207,411,2025-06-14,Fashion,46.05,68,0.0,N,wallet,3131.4,3131.4
208,649,2025-03-04,Electronics,89.39,30,0.0,Y,,2681.7,2681.7
209,318,2025-01-22,Electronics,81.39,29,0.1,N,bank,2360.31,2124.28
210,677,2025-03-11,Grocery,48.88,10,0.0,Y,card,488.8,488.8
211,225,2025-04-06,Grocery,37.15,68,0.0,Y,wallet,2526.2,"₩2,526.20"
212,234,2025-06-12,Grocery,99.29,37,0.0,N,card,3673.73,"₩3,673.73"
213,684,2025-03-20,Fashion,39.17,80,0.15,N,card,3133.6,2663.56
214,664,2025-01-05,Electronics,128.65,65,0.0,Y,card,8362.25,8362.25
215,374,2025-11-12,Fashion,33.68,18,0.1,N,card,606.24,₩545.62
216,672,2025-04-30,Fashion,102.36,74,0.1,Y,card,7574.64,6817.18
217,608,2025-10-29,Electronics,48.43,45,0.1,N,bank,2179.35,1961.42
218,472,2025-06-27,Grocery,69.87,43,0.1,N,card,3004.41,2703.97
219,233,2025-06-25,Fashion,113.44,90,0.05,Y,card,10209.6,9699.12
220,692,2025-08-05,Grocery,173.55,41,0.05,Y,card,7115.55,6759.77
221,113,2025-02-25,Fashion,91.51,75,,N,card,6863.25,6863.25
222,497,2025-07-06,Fashion,128.29,34,0.05,N,wallet,4361.86,4143.77
223,442,2025-08-20,Fashion,103.77,60,0.15,N,card,6226.2,5292.27
224,564,2025-09-12,Beauty,44.66,72,0.15,N,card,3215.52,"₩2,733.19"
225,268,2025-04-14,Electronics,92.36,99,0.1,Y,card,9143.64,"₩8,229.28"
226,510,2025-03-18,Grocery,33.01,54,0.15,N,card,1782.54,1515.16
227,386,2025-08-18,Fashion,112.01,35,0.2,Y,card,3920.35,3136.28
228,387,2025-09-15,Beauty,63.47,30,0.1,Y,card,1904.1,1713.69
229,113,2025-09-21,Grocery,65.76,91,0.05,N,bank,5984.16,5684.95
230,613,2025-11-27,Fashion,84.38,60,0.05,Y,bank,5062.8,4809.66
231,625,2025-07-01,Grocery,,33,0.15,Y,bank,2226.18,"₩1,892.25"
232,81,2025-09-13,Electronics,38.15,21,0.1,N,wallet,801.15,₩721.04
233,699,2025-02-07,Beauty,38.71,20,0.15,Y,card,774.2,658.07
234,113,2025-06-25,Fashion,46.54,36,0.0,N,card,1675.44,1675.44
235,2,2025-01-27,Fashion,23.7,32,0.0,Y,card,758.4,758.4
236,642,2025-10-03,Grocery,78.18,42,0.0,Y,card,3283.56,3283.56
237,220,2025-05-20,Grocery,77.4,89,0.0,Y,,6888.6,"₩6,888.60"
238,566,2025-10-26,Electronics,62.57,47,0.15,Y,card,2940.79,2499.67
239,736,2025-10-14,Grocery,72.45,64,0.0,N,card,4636.8,4636.8
240,225,2025-04-01,Fashion,67.91,79,0.05,Y,card,5364.89,5096.65
241,385,2025-03-02,Fashion,63.26,51,0.0,Y,card,3226.26,3226.26
242,403,2025-12-31,Grocery,58.62,38,0.0,Y,card,2227.56,2227.56
243,638,2025-12-13,Fashion,78.89,43,0.0,N,bank,3392.27,3392.27
244,130,2025-06-12,Fashion,113.84,66,0.2,Y,wallet,7513.44,"₩6,010.75"
245,53,2025-12-17,Grocery,94.96,12,0.1,N,card,1139.52,1025.57
246,684,2025-05-23,Electronics,117.37,15,0.1,N,bank,1760.55,1584.5
247,730,2025-09-10,Grocery,58.3,57,0.15,Y,card,3323.1,2824.64
248,672,2025-09-26,Electronics,81.0,73,0.2,N,card,5913.0,4730.4
249,710,2025-10-18,Electronics,53.98,22,0.05,N,card,1187.56,1128.18
250,416,2025-07-06,Electronics,68.03,45,0.0,Y,card,3061.35,3061.35
251,247,2025-10-31,Grocery,81.74,88,0.0,N,card,7193.12,7193.12
252,439,2025-10-18,Grocery,13.38,79,0.0,N,card,1057.02,"₩1,057.02"
253,203,2025-03-27,Electronics,70.43,42,0.0,N,bank,2958.06,2958.06
254,184,2025-06-15,Electronics,146.99,85,0.05,Y,wallet,12494.15,11869.44
255,123,2025-04-24,Beauty,68.83,66,0.0,N,card,4542.78,4542.78
256,401,2025-12-22,Electronics,53.96,64,0.15,Y,card,3453.44,2935.42
257,767,2025-07-02,Beauty,64.89,22,0.15,Y,card,1427.58,1213.44
258,294,2025-07-26,Electronics,61.47,60,0.0,N,bank,3688.2,3688.2
259,280,2025-09-13,Grocery,134.54,62,0.15,N,card,8341.48,7090.26
260,610,2025-08-23,Fashion,36.06,45,0.1,N,card,1622.7,1460.43
261,198,2025-12-21,Beauty,83.15,14,0.0,N,bank,1164.1,1164.1
262,511,2025-01-03,Grocery,90.23,34,0.1,N,card,3067.82,2761.04
263,752,2025-07-27,Fashion,107.2,90,0.0,N,card,9648.0,9648.0
264,144,2025-07-16,Electronics,60.27,46,,Y,wallet,2772.42,2772.42
265,609,2025-12-07,Grocery,82.12,28,0.05,Y,card,2299.36,2184.39
266,201,2025-05-05,Grocery,61.49,44,0.05,N,card,2705.56,2570.28
267,124,2025-05-18,Electronics,72.09,43,0.0,Y,card,3099.87,3099.87
268,187,2025-12-05,Electronics,91.4,63,0.05,Y,card,5758.2,"₩5,470.29"
269,326,2025-01-25,Grocery,175.38,55,0.15,N,wallet,9645.9,8199.02
270,464,2025-03-09,Fashion,52.81,15,0.1,N,card,792.15,712.94
271,349,2025-03-02,Grocery,88.92,92,0.1,Y,,8180.64,7362.58
272,771,2025-01-29,Fashion,84.09,10,0.1,N,card,840.9,₩756.81
273,660,2025-01-19,Beauty,25.97,80,,Y,card,2077.6,1869.84
274,764,2025-06-20,Beauty,89.18,43,0.0,Y,card,3834.74,3834.74
275,403,2025-03-15,Beauty,22.44,65,0.15,Y,wallet,1458.6,1239.81
276,346,2025-03-02,Electronics,163.92,92,0.15,Y,card,15080.64,12818.54
277,511,2025-06-02,Beauty,104.95,35,0.0,Y,card,3673.25,3673.25
278,147,2025-10-03,Fashion,26.5,51,0.05,Y,card,1351.5,1283.92
279,148,2025-02-17,Grocery,92.82,47,0.1,N,bank,4362.54,3926.29
280,711,2025-07-30,Fashion,92.1,35,0.0,N,wallet,3223.5,3223.5
281,489,2025-12-09,Electronics,105.71,68,0.0,Y,card,7188.28,7188.28
282,640,2025-05-19,Beauty,88.38,93,0.0,Y,card,8219.34,8219.34
283,551,2025-04-20,Electronics,80.04,33,0.15,Y,card,2641.32,2245.12
284,338,2025-07-02,Grocery,26.53,30,0.0,N,card,795.9,795.9
285,641,2025-01-28,Grocery,181.11,69,0.0,Y,card,12496.59,"₩12,496.59"
286,779,2025-07-16,Grocery,89.28,99,0.0,N,,8838.72,8838.72
287,473,2025-07-10,Electronics,114.52,29,,Y,bank,3321.08,"₩2,988.97"
288,151,2025-11-11,Fashion,63.22,15,0.15,N,card,948.3,806.06
289,415,2025-02-20,Grocery,71.69,76,0.05,Y,card,5448.44,5176.02
290,298,2025-05-29,Fashion,80.83,19,0.0,N,bank,1535.77,"₩1,535.77"
291,611,2025-09-25,Fashion,71.47,21,0.05,N,wallet,1500.87,"₩1,425.83"
292,263,2025-02-19,Fashion,74.58,31,0.1,N,card,2311.98,2080.78
293,764,2025-09-03,Fashion,,71,,N,card,2764.03,2487.63
294,144,2025-04-23,Beauty,83.57,70,0.1,N,card,5849.9,5264.91
295,346,2025-06-19,Fashion,37.5,89,0.0,N,card,3337.5,3337.5
296,624,2025-06-15,Grocery,37.61,26,0.0,N,card,977.86,977.86
297,572,2025-01-14,Fashion,14.97,19,0.0,Y,wallet,284.43,₩284.43
298,2,2025-07-22,Fashion,140.92,21,0.2,Y,card,2959.32,2367.46
299,304,2025-10-15,Electronics,86.46,92,0.1,Y,bank,7954.32,7158.89
300,254,2025-07-08,Fashion,82.32,49,0.1,N,card,4033.68,3630.31
301,652,2025-06-04,Fashion,58.84,32,0.15,Y,card,1882.88,1600.45
302,453,2025-02-24,Grocery,129.97,49,0.15,N,card,6368.53,5413.25
303,37,2025-07-01,Fashion,99.52,83,0.0,Y,bank,8260.16,8260.16
304,160,2025-07-29,Fashion,33.34,83,0.0,Y,card,2767.22,2767.22
305,9,2025-03-16,Fashion,37.3,59,0.15,Y,card,2200.7,1870.59
306,233,2025-10-04,Electronics,51.95,19,0.2,Y,card,987.05,789.64
307,99,2025-05-13,Beauty,,13,0.05,N,card,683.8,649.61
308,659,2025-12-09,Fashion,16.7,10,0.15,Y,card,167.0,141.95
309,208,2025-02-28,Electronics,120.79,52,0.0,Y,card,6281.08,6281.08
310,131,2025-12-11,Electronics,142.16,92,0.0,N,card,13078.72,"₩13,078.72"
311,404,2025-07-01,Beauty,65.35,14,0.05,Y,card,914.9,869.16
312,152,2025-12-05,Electronics,72.22,99,0.15,Y,card,7149.78,6077.31
313,54,2025-11-17,Grocery,61.26,43,,N,wallet,2634.18,2370.76
314,120,2025-03-05,Electronics,131.89,75,0.1,Y,card,9891.75,8902.58
315,673,2025-11-23,Beauty,74.29,33,0.0,Y,wallet,2451.57,"₩2,451.57"
316,628,2025-09-17,Beauty,173.24,23,0.0,Y,card,3984.52,3984.52
317,587,2025-07-12,Grocery,79.43,50,0.15,Y,card,3971.5,"₩3,375.78"
318,625,2025-05-23,Electronics,64.43,51,0.0,Y,card,3285.93,3285.93
319,420,2025-04-14,Fashion,94.33,22,0.1,Y,card,2075.26,1867.73
320,422,2025-08-02,Fashion,167.32,38,0.1,Y,,6358.16,5722.34
321,104,2025-08-30,Fashion,77.17,74,0.1,Y,card,5710.58,5139.52
322,254,2025-07-28,Fashion,131.49,55,0.2,Y,card,7231.95,5785.56
323,227,2025-04-03,Electronics,119.06,43,0.05,Y,card,5119.58,"₩4,863.60"
324,112,2025-05-22,Grocery,26.66,72,0.1,Y,card,1919.52,"₩1,727.57"
325,510,2025-04-22,Fashion,65.6,13,0.0,Y,card,852.8,852.8
326,473,2025-02-28,Fashion,31.5,37,0.05,N,card,1165.5,"₩1,107.22"
327,99,2025-02-12,Electronics,47.52,92,0.05,N,card,4371.84,4153.25
328,153,2025-07-26,Beauty,109.89,10,0.0,N,card,1098.9,1098.9
329,338,2025-09-25,Fashion,84.71,45,0.15,N,card,3811.95,3240.16
330,706,2025-10-23,Grocery,62.47,22,0.1,N,card,1374.34,1236.91
331,163,2025-04-28,Fashion,95.15,14,0.0,Y,card,1332.1,1332.1
332,720,2025-01-20,Electronics,48.6,23,,Y,card,1117.8,1117.8
333,681,2025-08-10,Fashion,37.52,89,0.0,Y,card,3339.28,3339.28
334,161,2025-06-15,Fashion,20.31,41,,Y,card,832.71,749.44
335,580,2025-05-11,Grocery,138.37,59,0.15,Y,bank,8163.83,6939.26
336,398,2025-06-05,Grocery,128.51,36,0.05,N,card,4626.36,4395.04
337,277,2025-07-03,Fashion,78.24,44,0.0,N,card,3442.56,3442.56
338,504,2025-03-31,Beauty,123.83,12,0.0,Y,card,1485.96,1485.96
339,392,2025-04-04,Fashion,150.38,13,0.0,N,wallet,1954.94,1954.94
340,135,2025-01-13,Beauty,136.71,16,0.1,Y,wallet,2187.36,1968.62
341,195,2025-11-18,Beauty,59.86,86,0.0,N,card,5147.96,5147.96
342,401,2025-10-20,Electronics,107.5,12,0.0,N,card,1290.0,1290.0
343,640,2025-08-18,Fashion,117.04,90,0.0,Y,card,10533.6,10533.6
344,33,2025-11-18,Fashion,31.34,68,0.05,N,card,2131.12,2024.56
345,688,2025-10-19,Grocery,119.16,83,0.05,N,card,9890.28,9395.77
346,460,2025-01-26,Fashion,46.4,10,0.15,Y,card,464.0,394.4
347,470,2025-03-16,Beauty,123.56,37,0.1,Y,card,4571.72,4114.55
348,375,2025-12-30,Grocery,101.76,68,0.1,N,bank,6919.68,6227.71
349,22,2025-10-26,Electronics,96.2,62,0.0,N,bank,5964.4,"₩5,964.40"
350,750,2025-05-30,Electronics,62.72,19,0.0,N,card,1191.68,1191.68
351,670,2025-05-28,Grocery,60.98,80,0.05,Y,bank,4878.4,4634.48
352,38,2025-01-08,Electronics,262.53,12,0.0,Y,card,3150.36,"₩3,150.36"
353,230,2025-01-29,Grocery,58.77,16,0.05,N,card,940.32,893.3
354,365,2025-10-23,Fashion,39.83,18,0.0,Y,card,716.94,716.94
355,563,2025-07-28,Fashion,65.52,99,0.0,Y,wallet,6486.48,6486.48
356,438,2025-05-08,Electronics,48.49,78,0.0,Y,card,3782.22,3782.22
357,776,2025-12-06,Grocery,81.15,22,0.15,Y,bank,1785.3,1517.5
358,283,2025-04-26,Electronics,51.83,49,0.0,Y,card,2539.67,"₩2,539.67"
359,27,2025-05-24,Grocery,37.41,71,0.0,Y,bank,2656.11,"₩2,656.11"
360,226,2025-11-14,Fashion,104.69,71,0.0,Y,bank,7432.99,7432.99
361,277,2025-08-23,Grocery,82.45,19,0.1,N,bank,1566.55,1409.9
362,798,2025-01-07,Grocery,48.25,96,,Y,wallet,4632.0,4168.8
363,609,2025-02-14,Electronics,,20,0.0,Y,card,2981.0,2981.0
364,284,2025-08-27,Grocery,67.87,85,0.1,N,card,5768.95,5192.06
365,481,2025-06-04,Electronics,214.54,71,0.05,Y,card,15232.34,14470.72
366,453,2025-06-30,Fashion,39.97,86,0.1,Y,card,3437.42,3093.68
367,659,2025-08-03,Electronics,99.52,65,0.1,Y,bank,6468.8,5821.92
368,516,2025-03-29,Grocery,54.73,58,0.1,N,card,3174.34,2856.91
369,547,2025-09-13,Beauty,90.87,25,0.1,N,bank,2271.75,2044.58
370,192,2025-03-14,Grocery,112.95,82,0.0,Y,bank,9261.9,"₩9,261.90"
371,49,2025-06-28,Fashion,120.17,83,0.05,N,card,9974.11,9475.4
372,512,2025-07-31,Grocery,84.94,18,0.0,N,card,1528.92,1528.92
373,17,2025-10-20,Electronics,131.31,42,0.2,Y,card,5515.02,4412.02
374,172,2025-08-22,Beauty,113.11,97,0.0,N,bank,10971.67,10971.67
375,220,2025-08-27,Electronics,176.82,44,0.05,Y,card,7780.08,7391.08
376,158,2025-08-11,Beauty,214.52,84,0.0,Y,card,18019.68,18019.68
377,477,2025-04-29,Grocery,55.1,48,0.0,Y,card,2644.8,2644.8
378,46,2025-11-09,Grocery,101.48,86,0.1,N,card,8727.28,7854.55
379,373,2025-09-21,Grocery,22.65,96,,N,card,2174.4,2065.68
380,518,2025-07-26,Fashion,60.36,34,0.05,N,bank,2052.24,1949.63
381,99,2025-04-05,Grocery,60.02,89,0.0,Y,card,5341.78,5341.78
382,745,2025-08-10,Electronics,95.94,65,0.1,Y,card,6236.1,"₩5,612.49"
383,37,2025-10-03,Grocery,159.82,57,0.0,N,card,9109.74,9109.74
384,280,2025-08-19,Grocery,107.44,94,0.05,Y,card,10099.36,9594.39
385,349,2025-11-05,Beauty,38.82,19,0.1,Y,card,737.58,663.82
386,497,2025-04-29,Fashion,83.55,50,0.05,Y,card,4177.5,3968.62
387,302,2025-09-25,Electronics,123.68,92,0.0,Y,card,11378.56,11378.56
388,181,2025-09-30,Fashion,80.68,68,0.1,Y,card,5486.24,4937.62
389,607,2025-03-05,Grocery,80.79,37,0.0,N,,2989.23,2989.23
390,99,2025-10-25,Electronics,,50,0.0,Y,card,2681.5,2681.5
391,700,2025-12-16,Fashion,30.49,75,0.05,N,card,2286.75,2172.41
392,116,2025-01-11,Grocery,136.59,60,0.0,Y,wallet,8195.4,8195.4
393,191,2025-04-08,Grocery,14.11,71,0.0,N,card,1001.81,1001.81
394,253,2025-03-12,Fashion,69.56,39,0.1,Y,card,2712.84,2441.56
395,161,2025-12-30,Fashion,77.5,49,0.15,N,wallet,3797.5,3227.88
396,256,2025-02-27,Grocery,128.83,49,0.05,Y,card,6312.67,5997.04
397,323,2025-10-17,Fashion,185.75,78,0.0,N,card,14488.5,"₩14,488.50"
398,128,2025-09-08,Grocery,133.03,71,0.0,Y,card,9445.13,9445.13
399,18,2025-10-03,Electronics,114.07,24,0.1,N,card,2737.68,2463.91
400,793,2025-02-19,Beauty,56.3,12,0.05,Y,card,675.6,641.82
401,735,2025-12-24,Fashion,53.23,33,0.0,Y,bank,1756.59,1756.59
402,566,2025-08-04,Fashion,62.06,50,0.1,Y,card,3103.0,2792.7
403,570,2025-02-21,Grocery,93.6,72,0.0,N,card,6739.2,6739.2
404,323,2025-09-28,Grocery,140.39,57,0.0,Y,card,8002.23,8002.23
405,686,2025-03-25,Electronics,,70,0.0,N,bank,7080.5,"₩7,080.50"
406,792,2025-10-20,Grocery,166.64,57,0.1,N,card,9498.48,8548.63
407,626,2025-05-06,Fashion,96.63,56,0.0,Y,wallet,5411.28,5411.28
408,288,2025-10-23,Beauty,62.07,65,0.0,N,card,4034.55,4034.55
409,663,2025-03-13,Grocery,40.84,85,0.0,Y,card,3471.4,3471.4
410,639,2025-10-23,Fashion,85.0,17,0.15,N,card,1445.0,"₩1,228.25"
411,155,2025-08-24,Grocery,57.42,87,0.05,N,bank,4995.54,4745.76
412,490,2025-02-25,Fashion,102.14,27,,N,card,2757.78,2757.78
413,386,2025-12-26,Electronics,108.77,93,0.1,Y,bank,10115.61,"₩9,104.05"
414,785,2025-04-20,Beauty,30.78,32,0.0,N,card,984.96,984.96
415,104,2025-07-11,Grocery,159.64,78,0.05,Y,wallet,12451.92,11829.32
416,393,2025-04-03,Fashion,44.89,74,0.05,Y,bank,3321.86,3155.77
417,246,2025-12-16,Fashion,68.29,55,0.05,Y,card,3755.95,3568.15
418,176,2025-02-25,Fashion,74.83,75,0.0,Y,bank,5612.25,"₩5,612.25"
419,39,2025-03-01,Beauty,50.07,89,0.15,N,wallet,4456.23,3787.8
420,477,2025-05-18,Electronics,37.64,78,,Y,card,2935.92,2789.12
421,682,2025-02-08,Fashion,89.53,31,0.2,N,wallet,2775.43,2220.34
422,759,2025-01-28,Fashion,162.16,74,0.1,N,card,11999.84,10799.86
423,538,2025-02-18,Fashion,75.45,21,0.2,N,bank,1584.45,"₩1,267.56"
424,408,2025-05-05,Fashion,38.84,28,0.05,N,card,1087.52,1033.14
425,525,2025-01-13,Electronics,50.49,31,0.0,N,card,1565.19,1565.19
426,506,2025-02-05,Electronics,76.05,64,0.1,Y,bank,4867.2,4380.48
427,36,2025-04-11,Fashion,74.41,71,0.1,Y,card,5283.11,4754.8
428,685,2025-10-09,Beauty,75.7,60,0.15,Y,card,4542.0,3860.7
429,20,2025-03-27,Electronics,57.29,57,0.0,Y,card,3265.53,3265.53
430,321,2025-01-04,Grocery,120.86,26,0.05,Y,wallet,3142.36,2985.24
431,776,2025-08-11,Grocery,247.96,22,0.15,N,,5455.12,4636.85
432,512,2025-12-04,Grocery,92.09,37,0.15,Y,card,3407.33,2896.23
433,400,2025-06-15,Beauty,91.02,76,0.0,Y,card,6917.52,6917.52
434,654,2025-12-10,Fashion,100.05,14,0.1,Y,card,1400.7,1260.63
435,471,2025-10-05,Electronics,122.69,69,0.1,Y,card,8465.61,7619.05
436,143,2025-05-10,Fashion,16.35,24,0.0,N,card,392.4,392.4
437,92,2025-01-31,Fashion,82.6,90,0.15,N,card,7434.0,6318.9
438,354,2025-01-11,Grocery,,53,0.05,N,wallet,850.65,808.12
439,800,2025-10-29,Grocery,145.22,55,0.1,Y,wallet,7987.1,7188.39
440,727,2025-04-06,Beauty,44.95,38,0.15,Y,,1708.1,1451.88
441,51,2025-07-09,Electronics,38.91,77,0.0,Y,bank,2996.07,2996.07
442,665,2025-07-11,Beauty,164.77,58,0.15,N,card,9556.66,8123.16
443,698,2025-09-23,Fashion,138.9,52,0.1,Y,card,7222.8,6500.52
444,575,2025-05-08,Fashion,,77,0.15,Y,,4186.49,3558.52
445,190,2025-08-26,Fashion,54.1,86,0.05,Y,card,4652.6,4419.97
446,125,2025-12-21,Grocery,57.71,29,0.0,Y,card,1673.59,1673.59
447,150,2025-04-22,Fashion,60.23,27,0.1,Y,card,1626.21,1463.59
448,314,2025-11-12,Beauty,151.1,73,0.05,N,card,11030.3,10478.78
449,570,2025-12-09,Beauty,43.89,58,0.05,N,card,2545.62,2418.34
450,342,2025-05-25,Beauty,81.86,51,0.05,Y,card,4174.86,3966.12
451,305,2025-03-06,Electronics,175.79,21,0.05,Y,wallet,3691.59,3507.01
452,692,2025-09-04,Beauty,65.25,98,0.1,Y,card,6394.5,5755.05
453,682,2025-08-11,Grocery,218.33,88,0.1,N,card,19213.04,17291.74
454,783,2025-11-09,Electronics,47.68,45,0.1,N,card,2145.6,1931.04
455,54,2025-04-16,Electronics,30.49,17,0.1,N,bank,518.33,466.5
456,444,2025-06-30,Electronics,41.54,37,0.15,Y,card,1536.98,1306.43
457,613,2025-07-03,Electronics,12.28,95,0.0,N,card,1166.6,1166.6
458,264,2025-08-14,Fashion,85.79,69,,N,card,5919.51,5031.58
459,53,2025-09-22,Beauty,37.89,58,0.05,N,card,2197.62,2087.74
460,572,2025-10-05,Fashion,156.21,47,0.05,Y,card,7341.87,6974.78
461,620,2025-03-30,Fashion,66.72,89,0.05,N,card,5938.08,5641.18
462,5,2025-06-25,Beauty,80.25,67,0.05,N,card,5376.75,5107.91
463,103,2025-01-18,Fashion,13.18,14,,Y,card,184.52,184.52
464,196,2025-04-16,Beauty,72.15,55,0.0,Y,card,3968.25,3968.25
465,774,2025-09-28,Fashion,78.05,84,0.0,N,card,6556.2,6556.2
466,350,2025-11-15,Grocery,34.15,11,0.05,N,card,375.65,356.87
467,47,2025-06-16,Fashion,94.83,98,0.0,N,bank,9293.34,9293.34
468,656,2025-01-13,Grocery,88.97,34,0.0,Y,wallet,3024.98,3024.98
469,269,2025-12-03,Electronics,,10,0.0,N,card,571.6,₩571.60
470,370,2025-02-01,Grocery,37.54,78,0.0,Y,card,2928.12,2928.12
471,636,2025-02-09,Fashion,172.4,49,0.15,N,wallet,8447.6,7180.46
472,106,2025-05-28,Beauty,79.24,77,0.1,Y,bank,6101.48,5491.33
473,670,2025-08-06,Fashion,75.71,78,0.15,Y,bank,5905.38,5019.57
474,659,2025-08-07,Electronics,90.26,78,0.1,Y,card,7040.28,6336.25
475,657,2025-03-23,Grocery,63.35,25,0.15,N,card,1583.75,1346.19
476,120,2025-11-29,Electronics,98.05,63,0.05,Y,wallet,6177.15,5868.29
477,787,2025-07-27,Grocery,75.45,72,0.05,N,card,5432.4,5160.78
478,604,2025-07-20,Beauty,50.46,27,0.05,Y,card,1362.42,"₩1,294.30"
479,58,2025-11-28,Grocery,270.52,26,0.0,Y,bank,7033.52,7033.52
480,346,2025-02-07,Electronics,60.67,91,0.1,Y,bank,5520.97,4968.87
481,741,2025-07-30,Grocery,45.2,13,0.15,Y,wallet,587.6,499.46
482,474,2025-11-23,Grocery,51.13,18,0.1,Y,card,920.34,828.31
483,117,2025-09-06,Grocery,60.58,40,0.05,N,card,2423.2,2302.04
484,791,2025-08-15,Electronics,56.67,14,0.2,Y,card,793.38,634.7
485,127,2025-02-17,Fashion,88.39,25,0.2,Y,bank,2209.75,1767.8
486,393,2025-01-18,Fashion,82.75,51,0.05,Y,card,4220.25,4009.24
487,641,2025-10-22,Electronics,161.96,50,0.15,Y,card,8098.0,6883.3
488,58,2025-07-15,Fashion,76.85,89,0.0,Y,bank,6839.65,6839.65
489,634,2025-07-06,Fashion,49.74,93,0.0,N,,4625.82,4625.82
490,513,2025-12-11,Grocery,224.9,39,0.0,Y,bank,8771.1,8771.1
491,751,2025-08-12,Beauty,135.8,35,0.1,N,,4753.0,4277.7
492,96,2025-11-14,Grocery,39.21,58,0.0,N,card,2274.18,2274.18
493,638,2025-12-31,Fashion,40.11,40,0.0,Y,card,1604.4,1604.4
494,118,2025-12-03,Fashion,67.53,59,0.0,N,card,3984.27,"₩3,984.27"
495,560,2025-08-17,Beauty,62.85,24,0.0,Y,,1508.4,1508.4
496,601,2025-03-18,Beauty,19.79,61,0.05,Y,card,1207.19,"₩1,146.83"
497,488,2025-07-07,Beauty,142.02,47,0.0,N,card,6674.94,6674.94
498,237,2025-12-12,Grocery,24.43,47,0.05,N,card,1148.21,1090.8
499,272,2025-09-27,Fashion,24.36,69,,N,card,1680.84,1680.84
500,189,2025-04-05,Grocery,35.84,29,0.0,N,bank,1039.36,1039.36
501,704,2025-11-06,Fashion,34.92,96,0.15,Y,wallet,3352.32,2849.47
502,447,2025-05-12,Fashion,96.21,53,0.2,N,card,5099.13,4079.3
503,581,2025-02-08,Grocery,,98,0.05,N,card,6135.78,5828.99
504,790,2025-03-13,Electronics,35.89,72,0.0,N,bank,2584.08,2584.08
505,247,2025-10-08,Electronics,128.71,59,0.15,N,card,7593.89,6454.81
506,76,2025-11-29,Fashion,142.22,31,0.05,N,wallet,4408.82,4188.38
507,154,2025-06-09,Fashion,55.04,81,0.1,Y,card,4458.24,4012.42
508,656,2025-07-06,Beauty,98.11,63,0.05,Y,card,6180.93,5871.88
509,435,2025-07-10,Electronics,16.39,18,0.0,N,wallet,295.02,295.02
510,86,2025-04-30,Electronics,,24,0.1,N,card,3307.92,2977.13
511,697,2025-08-08,Electronics,114.78,57,,N,card,6542.46,5888.21
512,285,2025-02-22,Electronics,30.72,29,0.05,Y,card,890.88,846.34
513,220,2025-08-10,Electronics,156.04,44,0.0,Y,card,6865.76,6865.76
514,69,2025-05-11,Grocery,103.12,76,0.15,Y,bank,7837.12,6661.55
515,47,2025-08-25,Fashion,22.66,69,0.0,N,card,1563.54,1563.54
516,94,2025-09-03,Grocery,47.51,43,0.1,Y,card,2042.93,1838.64
517,750,2025-08-14,Beauty,77.11,82,0.05,N,,6323.02,6006.87
518,453,2025-07-27,Grocery,52.26,63,0.05,N,card,3292.38,3127.76
519,204,2025-04-06,Electronics,80.1,99,0.0,Y,card,7929.9,"₩7,929.90"
520,218,2025-07-19,Electronics,115.45,21,0.1,Y,card,2424.45,2182.0
521,474,2025-09-04,Beauty,,97,0.0,Y,bank,9805.73,9805.73
522,432,2025-03-13,Fashion,102.04,28,0.05,Y,card,2857.12,2714.26
523,341,2025-11-14,Grocery,162.31,89,0.0,Y,bank,14445.59,14445.59
524,551,2025-07-04,Beauty,54.09,35,0.2,Y,card,1893.15,1514.52
525,612,2025-01-06,Beauty,22.81,32,0.2,Y,card,729.92,583.94
526,289,2025-07-25,Beauty,94.67,42,0.1,Y,bank,3976.14,3578.53
527,254,2025-02-01,Grocery,156.66,66,0.2,N,card,10339.56,8271.65
528,734,2025-04-09,Fashion,94.07,39,0.0,N,card,3668.73,3668.73
529,357,2025-09-13,Beauty,39.35,32,0.2,Y,wallet,1259.2,1007.36
530,23,2025-07-06,Fashion,91.53,83,0.0,N,card,7596.99,7596.99
531,762,2025-03-17,Electronics,75.79,45,0.05,Y,bank,3410.55,3240.02
532,522,2025-06-26,Grocery,86.68,95,0.0,Y,card,8234.6,8234.6
533,758,2025-11-11,Grocery,43.47,52,0.2,N,card,2260.44,1808.35
534,100,2025-10-14,Beauty,55.72,75,0.1,Y,card,4179.0,3761.1
535,180,2025-12-15,Grocery,79.19,62,0.05,Y,wallet,4909.78,4664.29
536,223,2025-09-12,Fashion,127.06,96,0.2,Y,card,12197.76,9758.21
537,762,2025-11-21,Beauty,66.45,69,0.1,N,card,4585.05,4126.54
538,659,2025-07-09,Grocery,120.81,46,,Y,card,5557.26,5001.53
539,442,2025-11-04,Grocery,49.45,70,0.0,N,bank,3461.5,3461.5
540,608,2025-12-11,Fashion,231.47,62,0.15,N,wallet,14351.14,12198.47
541,769,2025-05-07,Fashion,50.84,21,0.2,Y,bank,1067.64,854.11
542,325,2025-10-14,Grocery,55.37,44,0.2,Y,bank,2436.28,1949.02
543,516,2025-09-11,Electronics,95.27,76,0.0,Y,card,7240.52,7240.52
544,16,2025-08-01,Fashion,90.99,47,0.0,Y,bank,4276.53,4276.53
545,792,2025-09-07,Grocery,127.52,33,0.05,Y,card,4208.16,3997.75
546,336,2025-03-25,Fashion,94.71,90,0.0,Y,bank,8523.9,8523.9
547,759,2025-01-13,Fashion,58.42,49,0.0,Y,,2862.58,2862.58
548,258,2025-02-14,Electronics,124.72,74,0.1,Y,card,9229.28,8306.35
549,497,2025-05-07,Fashion,48.09,66,0.15,Y,card,3173.94,2697.85
550,160,2025-04-24,Grocery,89.4,81,0.15,Y,bank,7241.4,6155.19
551,475,2025-10-03,Fashion,28.3,88,0.0,N,bank,2490.4,2490.4
552,664,2025-07-24,Electronics,181.62,54,0.0,Y,card,9807.48,9807.48
553,690,2025-12-03,Grocery,114.78,98,0.0,N,card,11248.44,11248.44
554,675,2025-09-30,Beauty,94.84,81,0.05,N,wallet,7682.04,7297.94
555,380,2025-02-27,Grocery,61.5,22,0.05,Y,card,1353.0,1285.35
556,545,2025-11-24,Electronics,66.9,88,0.05,Y,card,5887.2,5592.84
557,691,2025-08-07,Fashion,25.59,15,0.2,Y,wallet,383.85,307.08
558,427,2025-04-19,Beauty,112.09,80,0.05,N,bank,8967.2,8518.84
559,613,2025-10-06,Electronics,45.99,56,0.05,N,card,2575.44,2446.67
560,268,2025-06-23,Grocery,186.45,53,0.1,Y,card,9881.85,8893.67
561,577,2025-11-24,Fashion,36.03,41,0.1,N,card,1477.23,1329.51
562,417,2025-09-21,Electronics,54.19,12,0.05,N,card,650.28,617.77
563,168,2025-11-11,Grocery,63.78,63,0.15,Y,card,4018.14,3415.42
564,43,2025-04-21,Grocery,83.32,93,0.1,N,bank,7748.76,"₩6,973.88"
565,556,2025-07-06,Grocery,78.01,87,0.15,N,card,6786.87,5768.84
566,285,2025-09-26,Electronics,107.4,47,0.0,Y,card,5047.8,5047.8
567,397,2025-08-17,Electronics,143.59,13,0.0,N,card,1866.67,1866.67
568,12,2025-06-05,Grocery,43.82,88,,Y,card,3856.16,3277.74
569,607,2025-07-08,Grocery,24.18,26,0.05,N,card,628.68,597.25
570,302,2025-09-29,Electronics,157.87,46,0.1,Y,bank,7262.02,6535.82
571,253,2025-01-02,Electronics,105.6,97,0.1,N,card,10243.2,9218.88
572,499,2025-09-03,Electronics,48.91,45,0.0,N,bank,2200.95,2200.95
573,754,2025-07-29,Beauty,24.56,67,0.05,N,card,1645.52,1563.24
574,35,2025-10-13,Grocery,75.29,50,0.15,N,card,3764.5,3199.82
575,727,2025-12-25,Beauty,114.5,17,0.15,Y,card,1946.5,1654.52
576,90,2025-01-13,Electronics,38.86,76,0.1,Y,card,2953.36,2658.02
577,776,2025-04-06,Beauty,88.29,39,0.1,Y,card,3443.31,3098.98
578,605,2025-08-09,Electronics,61.83,95,0.15,Y,card,5873.85,4992.77
579,602,2025-08-26,Fashion,56.67,61,0.1,Y,card,3456.87,3111.18
580,418,2025-04-04,Grocery,122.94,34,0.0,N,card,4179.96,4179.96
581,115,2025-12-04,Fashion,28.52,61,0.0,N,card,1739.72,1739.72
582,617,2025-09-26,Fashion,,68,0.05,Y,card,6921.04,6574.99
583,196,2025-06-20,Electronics,84.71,39,0.0,N,card,3303.69,3303.69
584,501,2025-04-04,Electronics,86.76,76,0.0,N,,6593.76,6593.76
585,626,2025-05-29,Grocery,67.69,13,0.2,N,card,879.97,703.98
586,493,2025-04-22,Grocery,57.14,66,0.1,N,card,3771.24,3394.12
587,75,2025-02-24,Grocery,52.08,72,0.15,Y,card,3749.76,3187.3
588,413,2025-12-03,Grocery,136.32,41,0.1,N,,5589.12,5030.21
589,376,2025-04-26,Grocery,68.47,96,0.05,Y,card,6573.12,6244.46
590,420,2025-05-23,Electronics,59.74,92,0.0,N,card,5496.08,5496.08
591,729,2025-07-20,Electronics,93.45,88,0.2,N,bank,8223.6,"₩6,578.88"
592,277,2025-06-29,Beauty,156.57,60,0.0,Y,card,9394.2,9394.2
593,761,2025-07-21,Electronics,92.18,72,0.1,N,card,6636.96,5973.26
594,676,2025-12-30,Grocery,81.04,89,,N,wallet,7212.56,"₩7,212.56"
595,394,2025-02-22,Electronics,73.46,96,0.0,N,card,7052.16,7052.16
596,457,2025-06-29,Grocery,112.62,10,0.0,Y,card,1126.2,1126.2
597,192,2025-11-09,Grocery,62.85,28,0.05,N,bank,1759.8,1671.81
598,739,2025-11-04,Electronics,118.6,44,0.15,N,card,5218.4,4435.64
599,689,2025-05-17,Fashion,126.64,72,0.1,N,card,9118.08,8206.27
600,99,2025-07-01,Grocery,21.72,90,0.1,N,card,1954.8,1759.32
601,548,2025-01-01,Fashion,118.55,35,0.15,N,bank,4149.25,3526.86
602,96,2025-02-13,Electronics,128.38,22,0.1,N,card,2824.36,2541.92
603,664,2025-08-15,Grocery,64.88,95,0.15,Y,bank,6163.6,5239.06
604,663,2025-11-27,Electronics,28.19,32,,N,card,902.08,856.98
605,190,2025-04-08,Beauty,76.3,44,0.15,N,card,3357.2,"₩2,853.62"
606,736,2025-07-27,Fashion,80.31,21,0.1,N,card,1686.51,1517.86
607,37,2025-09-22,Electronics,59.19,18,0.0,Y,card,1065.42,1065.42
608,780,2025-10-15,Grocery,39.88,87,0.0,Y,bank,3469.56,3469.56
609,369,2025-09-28,Fashion,53.46,76,0.0,Y,card,4062.96,4062.96
610,695,2025-05-20,Fashion,114.04,53,0.05,N,card,6044.12,5741.91
611,525,2025-08-25,Fashion,70.65,70,0.15,Y,card,4945.5,4203.68
612,279,2025-03-13,Fashion,42.7,30,0.1,Y,bank,1281.0,1152.9
613,217,2025-06-04,Fashion,139.23,16,,N,card,2227.68,1782.14
614,798,2025-07-09,Electronics,116.63,20,0.05,Y,card,2332.6,2215.97
615,273,2025-09-25,Fashion,81.84,54,0.1,N,bank,4419.36,3977.42
616,62,2025-11-17,Fashion,31.2,41,0.0,Y,card,1279.2,1279.2
617,596,2025-04-17,Grocery,142.26,95,0.1,N,card,13514.7,"₩12,163.23"
618,729,2025-08-20,Grocery,181.82,92,0.1,Y,bank,16727.44,15054.7
619,342,2025-02-11,Fashion,112.19,45,0.15,Y,card,5048.55,4291.27
620,397,2025-07-09,Grocery,102.61,46,0.05,Y,bank,4720.06,4484.06
621,699,2025-05-19,Grocery,112.6,84,0.1,N,card,9458.4,"₩8,512.56"
622,19,2025-04-13,Grocery,186.27,50,0.0,Y,,9313.5,9313.5
623,177,2025-06-20,Grocery,114.72,86,0.1,Y,card,9865.92,8879.33
624,612,2025-12-17,Fashion,22.18,58,0.15,N,card,1286.44,1093.47
625,396,2025-09-30,Beauty,55.19,24,0.05,Y,card,1324.56,1258.33
626,445,2025-08-09,Electronics,66.06,22,0.0,N,card,1453.32,1453.32
627,233,2025-08-01,Fashion,71.92,62,0.0,N,card,4459.04,4459.04
628,76,2025-12-07,Grocery,83.82,42,0.05,Y,card,3520.44,3344.42
629,265,2025-02-25,Electronics,129.18,81,0.1,N,card,10463.58,9417.22
630,455,2025-12-08,Electronics,59.64,41,0.0,N,card,2445.24,2445.24
631,796,2025-04-12,Grocery,47.59,57,0.15,Y,card,2712.63,"₩2,305.74"
632,718,2025-07-11,Grocery,135.4,77,0.05,Y,card,10425.8,9904.51
633,735,2025-11-06,Grocery,73.67,66,0.0,N,bank,4862.22,4862.22
634,384,2025-07-19,Grocery,21.17,71,0.1,Y,card,1503.07,1352.76
635,564,2025-08-21,Electronics,100.46,91,0.1,Y,wallet,9141.86,8227.67
636,506,2025-08-15,Electronics,36.63,96,0.15,N,card,3516.48,2989.01
637,367,2025-05-19,Grocery,95.2,11,0.0,Y,card,1047.2,1047.2
638,144,2025-12-10,Fashion,58.08,86,0.0,N,card,4994.88,4994.88
639,69,2025-11-01,Grocery,30.17,25,0.0,Y,card,754.25,754.25
640,99,2025-05-29,Electronics,70.71,17,0.0,Y,wallet,1202.07,1202.07
641,396,2025-04-25,Fashion,107.56,28,0.15,N,card,3011.68,2559.93
642,25,2025-03-04,Fashion,120.95,41,0.0,Y,card,4958.95,4958.95
643,469,2025-04-14,Grocery,29.75,76,0.2,N,card,2261.0,1808.8
644,484,2025-12-05,Fashion,48.18,41,0.1,N,bank,1975.38,1777.84
645,565,2025-12-25,Fashion,,94,0.1,Y,card,10391.7,"₩9,352.53"
646,151,2025-06-05,Fashion,57.28,34,,Y,card,1947.52,1558.02
647,144,2025-09-30,Electronics,44.86,62,0.0,Y,bank,2781.32,2781.32
648,569,2025-01-06,Electronics,102.19,90,0.0,N,wallet,9197.1,9197.1
649,39,2025-05-27,Fashion,48.44,34,,Y,card,1646.96,1482.26
650,109,2025-07-03,Fashion,30.44,42,0.0,Y,card,1278.48,1278.48
651,693,2025-01-28,Fashion,63.45,40,0.2,N,card,2538.0,2030.4
652,42,2025-02-07,Fashion,73.95,45,0.2,Y,card,3327.75,"₩2,662.20"
653,186,2025-04-29,Grocery,47.94,96,0.15,Y,card,4602.24,3911.9
654,398,2025-10-20,Beauty,21.72,98,0.15,N,bank,2128.56,1809.28
655,223,2025-09-01,Fashion,75.64,58,0.1,Y,card,4387.12,3948.41
656,634,2025-03-09,Electronics,121.31,53,0.1,Y,bank,6429.43,"₩5,786.49"
657,133,2025-08-02,Electronics,66.13,57,0.0,Y,card,3769.41,"₩3,769.41"
658,163,2025-08-06,Grocery,,39,0.1,N,bank,1325.22,1192.7
659,215,2025-06-26,Fashion,60.25,22,,Y,card,1325.5,1325.5
660,733,2025-10-26,Electronics,109.06,52,0.15,Y,wallet,5671.12,"₩4,820.45"
661,235,2025-06-13,Grocery,38.6,25,0.2,Y,card,965.0,772.0
662,658,2025-02-27,Electronics,71.93,35,,N,card,2517.55,2517.55
663,751,2025-09-26,Grocery,83.98,84,0.0,Y,card,7054.32,7054.32
664,588,2025-11-04,Fashion,64.56,56,,Y,wallet,3615.36,3434.59
665,9,2025-02-27,Grocery,39.66,46,0.1,N,card,1824.36,"₩1,641.92"
666,74,2025-10-15,Electronics,39.96,12,,Y,bank,479.52,431.57
667,492,2025-04-15,Beauty,85.38,35,,N,card,2988.3,2689.47
668,253,2025-08-16,Grocery,,24,0.15,N,bank,836.64,711.14
669,230,2025-09-04,Electronics,29.78,75,0.0,Y,wallet,2233.5,2233.5
670,519,2025-07-07,Electronics,100.44,37,0.1,N,card,3716.28,3344.65
671,174,2025-03-24,Fashion,112.13,93,0.1,Y,card,10428.09,9385.28
672,653,2025-07-05,Grocery,60.4,47,,Y,card,2838.8,2838.8
673,168,2025-09-09,Grocery,153.76,53,0.05,N,card,8149.28,7741.82
674,170,2025-12-21,Fashion,53.95,62,0.15,Y,card,3344.9,"₩2,843.16"
675,393,2025-08-26,Beauty,80.3,89,0.2,Y,card,7146.7,5717.36
676,795,2025-12-26,Electronics,123.19,13,0.1,Y,card,1601.47,1441.32
677,634,2025-07-03,Electronics,59.5,81,0.15,N,card,4819.5,4096.58
678,194,2025-10-11,Beauty,137.96,53,0.0,N,card,7311.88,7311.88
679,517,2025-07-29,Grocery,125.3,55,0.2,Y,card,6891.5,"₩5,513.20"
680,29,2025-10-31,Fashion,113.03,93,0.0,Y,card,10511.79,10511.79
681,165,2025-10-23,Grocery,40.34,35,,N,bank,1411.9,1341.3
682,422,2025-04-07,Beauty,126.14,22,0.0,Y,card,2775.08,2775.08
683,339,2025-07-27,Grocery,109.57,78,0.15,Y,card,8546.46,"₩7,264.49"
684,648,2025-05-17,Grocery,,53,0.0,N,card,3592.34,3592.34
685,496,2025-07-03,Grocery,44.06,62,0.0,Y,card,2731.72,2731.72
686,365,2025-03-17,Electronics,113.4,60,0.05,N,card,6804.0,6463.8
687,342,2025-10-14,Grocery,126.06,22,0.0,N,card,2773.32,2773.32
688,500,2025-05-22,Electronics,65.64,50,,Y,card,3282.0,"₩3,282.00"
689,657,2025-08-25,Beauty,98.08,20,0.1,N,card,1961.6,1765.44
690,511,2025-01-25,Fashion,105.5,46,0.0,N,card,4853.0,4853.0
691,327,2025-10-17,Grocery,35.28,69,0.0,N,card,2434.32,2434.32
692,217,2025-03-08,Fashion,125.25,41,0.0,Y,bank,5135.25,5135.25
693,301,2025-09-07,Electronics,136.75,54,0.0,N,card,7384.5,7384.5
694,132,2025-04-28,Fashion,39.61,27,0.05,Y,card,1069.47,1016.0
695,70,2025-03-14,Beauty,46.22,88,0.1,Y,card,4067.36,3660.62
696,252,2025-10-09,Beauty,81.95,29,0.05,Y,bank,2376.55,"₩2,257.72"
697,415,2025-12-26,Fashion,133.93,53,0.0,N,card,7098.29,7098.29
698,787,2025-01-10,Beauty,142.48,45,0.1,Y,card,6411.6,5770.44
699,445,2025-07-30,Grocery,37.3,78,,N,card,2909.4,2763.93
700,182,2025-11-19,Grocery,89.22,46,0.05,Y,wallet,4104.12,3898.91
701,167,2025-06-01,Electronics,46.44,42,0.0,N,card,1950.48,1950.48
702,91,2025-01-05,Beauty,31.3,91,0.0,Y,card,2848.3,2848.3
703,714,2025-07-14,Grocery,93.3,28,0.0,Y,card,2612.4,2612.4
704,531,2025-10-10,Beauty,85.06,60,0.0,N,card,5103.6,5103.6
705,39,2025-04-23,Grocery,106.35,41,0.0,Y,card,4360.35,4360.35
706,126,2025-09-28,Grocery,131.05,31,0.05,Y,,4062.55,3859.42
707,451,2025-06-12,Grocery,164.65,10,,N,,1646.5,1481.85
708,173,2025-04-15,Fashion,125.44,63,0.15,Y,card,7902.72,6717.31
709,653,2025-06-30,Fashion,80.29,98,0.1,N,wallet,7868.42,7081.58
710,754,2025-02-13,Fashion,92.49,29,0.1,Y,card,2682.21,2413.99
711,220,2025-10-09,Electronics,56.66,67,0.05,Y,card,3796.22,3606.41
712,638,2025-06-24,Grocery,186.12,44,0.0,N,card,8189.28,8189.28
713,58,2025-06-11,Grocery,89.51,79,0.05,Y,card,7071.29,6717.73
714,660,2025-12-17,Beauty,113.29,79,0.05,N,wallet,8949.91,8502.41
715,476,2025-12-06,Electronics,,70,0.1,Y,card,4285.4,3856.86
716,456,2025-05-20,Fashion,133.18,72,0.15,Y,bank,9588.96,8150.62
717,361,2025-05-12,Electronics,110.56,70,,Y,card,7739.2,7739.2
718,1,2025-03-28,Electronics,103.61,66,0.0,Y,card,6838.26,6838.26
719,387,2025-06-25,Electronics,76.68,12,0.05,Y,card,920.16,874.15
720,348,2025-07-02,Grocery,52.16,54,,Y,bank,2816.64,2675.81
721,190,2025-05-09,Electronics,134.74,24,0.0,Y,card,3233.76,3233.76
722,505,2025-09-03,Grocery,105.99,26,0.05,Y,wallet,2755.74,2617.95
723,191,2025-03-30,Electronics,29.43,24,0.0,N,bank,706.32,706.32
724,508,2025-03-07,Beauty,165.48,14,0.1,Y,card,2316.72,2085.05
725,369,2025-06-07,Grocery,98.99,95,0.0,N,wallet,9404.05,9404.05
726,409,2025-05-29,Beauty,91.38,55,0.05,Y,card,5025.9,4774.6
727,117,2025-12-06,Beauty,68.07,20,0.1,N,wallet,1361.4,1225.26
728,134,2025-04-26,Beauty,42.23,73,0.2,Y,bank,3082.79,2466.23
729,58,2025-08-02,Beauty,101.39,23,0.15,Y,card,2331.97,1982.17
730,556,2025-10-21,Grocery,172.72,48,0.05,Y,card,8290.56,7876.03
731,685,2025-09-10,Electronics,77.38,76,0.05,Y,bank,5880.88,5586.84
732,672,2025-05-23,Fashion,118.34,64,0.05,N,card,7573.76,7195.07
733,173,2025-09-07,Electronics,43.27,51,0.0,Y,card,2206.77,2206.77
734,149,2025-10-29,Grocery,137.36,84,,N,card,11538.24,11538.24
735,80,2025-01-25,Fashion,53.52,14,0.0,N,card,749.28,749.28
736,213,2025-10-04,Beauty,98.68,61,0.1,Y,wallet,6019.48,5417.53
737,203,2025-03-11,Beauty,169.06,31,0.05,Y,card,5240.86,4978.82
738,764,2025-04-23,Fashion,53.5,86,0.0,N,,4601.0,4601.0
739,229,2025-12-29,Fashion,27.0,53,0.1,Y,card,1431.0,1287.9
740,676,2025-04-22,Beauty,22.2,94,,N,card,2086.8,1878.12
741,227,2025-12-30,Fashion,70.42,68,0.1,N,card,4788.56,4309.7
742,659,2025-10-30,Grocery,45.2,34,0.05,N,wallet,1536.8,1459.96
743,532,2025-04-01,Electronics,102.12,30,0.0,N,card,3063.6,3063.6
744,441,2025-01-18,Grocery,101.19,73,0.0,N,card,7386.87,7386.87
745,402,2025-05-29,Fashion,137.39,77,0.15,N,bank,10579.03,8992.18
746,47,2025-08-15,Beauty,96.98,56,0.0,Y,bank,5430.88,5430.88
747,233,2025-08-02,Grocery,126.19,44,0.05,Y,bank,5552.36,5274.74
748,305,2025-12-26,Electronics,208.54,96,0.05,N,wallet,20019.84,19018.85
749,526,2025-05-31,Electronics,68.71,16,0.15,N,wallet,1099.36,934.46
750,143,2025-07-11,Fashion,149.68,65,0.05,Y,bank,9729.2,9242.74
751,415,2025-02-09,Beauty,225.15,61,0.05,Y,card,13734.15,13047.44
752,513,2025-08-30,Grocery,44.45,55,0.0,Y,card,2444.75,2444.75
753,373,2025-05-18,Fashion,127.31,18,0.2,N,card,2291.58,1833.26
754,566,2025-12-11,Fashion,51.59,67,0.1,Y,bank,3456.53,3110.88
755,259,2025-06-29,Fashion,70.42,32,0.0,N,card,2253.44,"₩2,253.44"
756,656,2025-07-19,Grocery,29.01,12,0.05,N,bank,348.12,₩330.71
757,471,2025-07-22,Grocery,29.51,70,0.05,Y,card,2065.7,1962.41
758,12,2025-03-02,Fashion,81.04,18,0.0,N,wallet,1458.72,"₩1,458.72"
759,330,2025-07-11,Grocery,119.38,62,0.05,N,card,7401.56,7031.48
760,736,2025-01-05,Grocery,82.5,77,0.1,N,bank,6352.5,5717.25
761,784,2025-08-25,Beauty,121.57,58,0.05,Y,card,7051.06,"₩6,698.51"
762,358,2025-06-30,Beauty,42.77,98,0.1,Y,wallet,4191.46,3772.31
763,408,2025-11-07,Grocery,46.63,79,0.1,N,card,3683.77,3315.39
764,668,2025-02-06,Grocery,176.81,57,0.1,Y,card,10078.17,9070.35
765,373,2025-02-25,Fashion,50.35,91,0.05,Y,card,4581.85,4352.76
766,8,2025-08-25,Grocery,69.96,16,0.05,N,card,1119.36,1063.39
767,122,2025-12-24,Fashion,57.89,40,0.0,N,card,2315.6,2315.6
768,348,2025-12-15,Fashion,81.34,65,0.0,Y,wallet,5287.1,5287.1
769,676,2025-07-16,Fashion,90.87,70,0.2,Y,card,6360.9,5088.72
770,90,2025-03-14,Grocery,76.61,14,0.15,N,card,1072.54,911.66
771,648,2025-02-28,Electronics,63.52,39,0.0,N,card,2477.28,2477.28
772,698,2025-08-28,Fashion,81.32,31,0.05,Y,card,2520.92,2394.87
773,316,2025-01-02,Fashion,92.52,26,0.15,Y,wallet,2405.52,2044.69
774,178,2025-12-26,Electronics,61.24,19,0.0,N,card,1163.56,1163.56
775,540,2025-07-07,Electronics,89.24,80,0.05,Y,bank,7139.2,6782.24
776,732,2025-11-03,Grocery,39.57,77,0.0,Y,bank,3046.89,3046.89
777,41,2025-01-30,Grocery,74.3,51,0.1,Y,bank,3789.3,"₩3,410.37"
778,740,2025-09-24,Fashion,79.86,36,0.15,Y,card,2874.96,2443.72
779,704,2025-04-18,Beauty,91.0,16,0.15,Y,bank,1456.0,1237.6
780,502,2025-11-28,Grocery,40.27,32,0.05,N,,1288.64,1224.21
781,145,2025-03-31,Fashion,65.26,84,0.1,Y,card,5481.84,4933.66
782,201,2025-07-24,Grocery,85.5,17,0.05,N,card,1453.5,1380.82
783,724,2025-08-08,Beauty,63.86,17,0.0,N,card,1085.62,1085.62
784,461,2025-04-04,Fashion,82.12,14,0.0,N,wallet,1149.68,"₩1,149.68"
785,732,2025-04-13,Electronics,97.85,80,0.2,Y,card,7828.0,6262.4
786,752,2025-08-11,Beauty,63.11,95,0.0,N,bank,5995.45,5995.45
787,558,2025-07-05,Grocery,105.4,11,0.05,N,card,1159.4,1101.43
788,547,2025-07-03,Electronics,94.85,97,0.05,Y,wallet,9200.45,8740.43
789,253,2025-06-11,Grocery,85.27,60,0.2,Y,card,5116.2,4092.96
790,390,2025-09-04,Fashion,157.84,75,0.1,Y,wallet,11838.0,"₩10,654.20"
791,594,2025-01-31,Beauty,139.86,21,0.1,Y,bank,2937.06,2643.35
792,256,2025-02-21,Fashion,150.71,56,0.05,Y,card,8439.76,8017.77
793,709,2025-12-11,Fashion,96.55,64,0.1,Y,card,6179.2,5561.28
794,450,2025-03-17,Grocery,48.04,35,0.1,Y,bank,1681.4,1513.26
795,10,2025-10-05,Fashion,46.06,54,0.15,Y,card,2487.24,2114.15
796,798,2025-02-09,Electronics,107.01,71,0.05,N,card,7597.71,7217.82
797,242,2025-04-11,Grocery,147.09,79,0.05,N,bank,11620.11,11039.1
798,251,2025-04-21,Grocery,120.28,96,0.15,N,card,11546.88,9814.85
799,5,2025-11-17,Electronics,158.57,11,0.1,Y,card,1744.27,1569.84
800,119,2025-09-06,Grocery,36.0,35,,N,card,1260.0,1260.0
801,374,2025-07-10,Fashion,37.32,23,0.0,N,,858.36,858.36
802,65,2025-07-01,Fashion,25.12,91,0.2,N,card,2285.92,1828.74
803,146,2025-12-01,Fashion,86.03,66,0.05,Y,bank,5677.98,5394.08
804,224,2025-07-28,Fashion,50.38,41,0.05,Y,bank,2065.58,1962.3
805,239,2025-01-22,Grocery,79.81,71,0.0,N,card,5666.51,5666.51
806,177,2025-06-15,Fashion,55.15,87,0.05,Y,card,4798.05,4558.15
807,779,2025-04-09,Grocery,94.9,39,0.1,Y,card,3701.1,3330.99
808,282,2025-07-27,Electronics,,22,0.05,Y,wallet,1903.88,1808.69
809,63,2025-01-08,Beauty,103.27,49,0.0,N,card,5060.23,5060.23
810,217,2025-07-09,Grocery,60.95,40,0.0,Y,wallet,2438.0,2438.0
811,795,2025-06-24,Grocery,134.69,46,0.15,N,card,6195.74,5266.38
812,689,2025-09-30,Fashion,,54,0.15,Y,card,4240.08,3604.07
813,461,2025-01-17,Fashion,,95,0.1,Y,card,5313.35,4782.02
814,610,2025-03-31,Electronics,61.8,68,0.1,Y,card,4202.4,3782.16
815,105,2025-05-21,Beauty,118.65,37,0.05,Y,card,4390.05,4170.55
816,99,2025-05-25,Fashion,82.8,70,0.15,N,bank,5796.0,4926.6
817,511,2025-06-15,Grocery,54.98,28,0.1,N,wallet,1539.44,1385.5
818,385,2025-12-03,Grocery,78.32,52,0.15,Y,wallet,4072.64,"₩3,461.74"
819,405,2025-03-19,Fashion,59.64,68,0.0,Y,,4055.52,4055.52
820,518,2025-09-19,Grocery,75.18,25,0.05,Y,card,1879.5,1785.52
821,476,2025-06-12,Grocery,201.07,78,0.1,N,card,15683.46,14115.11
822,709,2025-01-14,Grocery,134.38,53,0.05,Y,card,7122.14,6766.03
823,645,2025-08-27,Fashion,103.0,75,,Y,card,7725.0,7338.75
824,771,2025-03-13,Fashion,,19,0.1,Y,card,736.06,662.45
825,437,2025-05-23,Electronics,14.57,56,0.05,Y,bank,815.92,775.12
826,23,2025-11-06,Grocery,67.88,28,0.1,Y,card,1900.64,1710.58
827,565,2025-10-10,Grocery,72.97,93,,N,bank,6786.21,6786.21
828,677,2025-09-26,Fashion,102.52,98,0.1,Y,wallet,10046.96,9042.26
829,714,2025-08-29,Beauty,27.48,90,0.0,N,card,2473.2,2473.2
830,458,2025-09-02,Electronics,47.53,60,0.15,N,bank,2851.8,2424.03
831,83,2025-06-12,Beauty,144.65,22,0.0,Y,card,3182.3,3182.3
832,145,2025-03-01,Beauty,52.46,72,0.1,Y,card,3777.12,3399.41
833,85,2025-01-06,Beauty,54.81,25,0.05,N,card,1370.25,1301.74
834,78,2025-07-16,Grocery,243.56,62,0.0,N,card,15100.72,15100.72
835,457,2025-02-27,Fashion,138.73,44,0.05,Y,card,6104.12,5798.91
836,1,2025-11-01,Electronics,110.81,68,0.15,Y,card,7535.08,6404.82
837,51,2025-08-05,Grocery,108.62,48,0.0,N,bank,5213.76,5213.76
838,685,2025-01-26,Fashion,42.45,76,0.0,Y,bank,3226.2,3226.2
839,717,2025-10-30,Electronics,85.33,82,0.05,N,card,6997.06,"₩6,647.21"
840,772,2025-01-05,Grocery,71.51,70,0.0,N,,5005.7,5005.7
841,446,2025-01-20,Fashion,119.62,59,0.15,Y,card,7057.58,5998.94
842,449,2025-07-17,Beauty,22.36,62,0.05,N,card,1386.32,1317.0
843,488,2025-02-28,Grocery,86.44,55,0.1,N,card,4754.2,4278.78
844,800,2025-08-30,Grocery,125.63,61,0.0,Y,card,7663.43,7663.43
845,34,2025-05-26,Grocery,71.75,38,0.0,N,card,2726.5,2726.5
846,348,2025-09-30,Beauty,73.53,14,0.0,Y,card,1029.42,1029.42
847,95,2025-09-06,Grocery,74.67,76,0.05,N,card,5674.92,5391.17
848,72,2025-01-14,Grocery,54.16,83,0.05,N,card,4495.28,4270.52
849,551,2025-01-13,Fashion,122.47,84,0.0,N,card,10287.48,10287.48
850,154,2025-02-13,Beauty,171.69,90,0.15,Y,bank,15452.1,13134.28
851,250,2025-01-19,Grocery,27.2,49,0.05,Y,bank,1332.8,1266.16
852,674,2025-03-04,Fashion,105.19,81,0.0,N,card,8520.39,8520.39
853,438,2025-08-27,Electronics,72.97,11,0.0,Y,card,802.67,802.67
854,118,2025-12-03,Grocery,38.28,77,0.0,N,card,2947.56,2947.56
855,771,2025-04-10,Electronics,38.22,71,0.0,N,card,2713.62,2713.62
856,306,2025-06-12,Beauty,78.45,89,0.05,Y,bank,6982.05,"₩6,632.95"
857,268,2025-05-02,Beauty,69.86,67,0.15,Y,card,4680.62,3978.53
858,54,2025-02-13,Electronics,37.24,94,0.15,N,bank,3500.56,"₩2,975.48"
859,236,2025-12-26,Grocery,60.56,78,0.15,N,card,4723.68,4015.13
860,389,2025-11-13,Electronics,104.35,67,0.0,Y,bank,6991.45,6991.45
861,734,2025-05-25,Grocery,43.66,44,,N,card,1921.04,1921.04
862,763,2025-11-23,Fashion,77.48,23,0.2,N,card,1782.04,1425.63
863,401,2025-12-29,Grocery,107.11,24,0.1,Y,card,2570.64,2313.58
864,624,2025-02-19,Fashion,65.2,15,0.0,Y,bank,978.0,978.0
865,767,2025-03-06,Electronics,39.61,25,0.0,Y,card,990.25,990.25
866,303,2025-12-21,Fashion,90.52,96,0.05,Y,card,8689.92,8255.42
867,207,2025-10-15,Electronics,43.03,55,,N,bank,2366.65,"₩2,129.98"
868,229,2025-06-13,Grocery,90.99,72,0.15,N,card,6551.28,5568.59
869,578,2025-05-21,Electronics,80.28,21,0.0,Y,card,1685.88,1685.88
870,75,2025-11-10,Fashion,124.9,50,0.0,N,wallet,6245.0,"₩6,245.00"
871,435,2025-05-08,Beauty,67.51,28,0.05,Y,card,1890.28,1795.77
872,103,2025-08-27,Grocery,165.42,85,0.0,Y,card,14060.7,14060.7
873,422,2025-11-20,Beauty,107.64,86,0.05,Y,card,9257.04,"₩8,794.19"
874,704,2025-10-23,Beauty,137.5,11,0.1,N,card,1512.5,1361.25
875,764,2025-07-06,Electronics,72.52,29,0.0,Y,card,2103.08,2103.08
876,738,2025-07-27,Electronics,60.92,18,0.1,Y,card,1096.56,986.9
877,306,2025-08-08,Grocery,41.5,30,,N,card,1245.0,1245.0
878,98,2025-07-09,Beauty,56.82,17,0.1,N,card,965.94,869.35
879,798,2025-12-12,Beauty,72.89,48,0.1,Y,bank,3498.72,3148.85
880,335,2025-10-11,Electronics,117.0,46,0.0,Y,bank,5382.0,5382.0
881,435,2025-12-18,Fashion,76.3,38,0.1,N,bank,2899.4,2609.46
882,447,2025-08-25,Electronics,45.6,92,0.05,N,card,4195.2,3985.44
883,308,2025-07-13,Grocery,35.58,44,,N,bank,1565.52,1565.52
884,249,2025-10-14,Grocery,49.67,47,0.0,Y,card,2334.49,2334.49
885,166,2025-09-16,Electronics,46.37,99,0.0,Y,card,4590.63,4590.63
886,481,2025-09-03,Fashion,133.46,84,0.1,N,card,11210.64,10089.58
887,335,2025-05-16,Grocery,62.86,44,0.0,N,bank,2765.84,2765.84
888,542,2025-10-07,Grocery,35.24,77,0.1,N,card,2713.48,"₩2,442.13"
889,759,2025-09-28,Electronics,92.81,12,0.15,N,card,1113.72,946.66
890,106,2025-06-20,Beauty,75.78,21,0.05,N,bank,1591.38,1511.81
891,563,2025-06-08,Grocery,86.22,41,0.0,Y,bank,3535.02,3535.02
892,81,2025-07-20,Grocery,77.06,56,0.0,N,card,4315.36,4315.36
893,133,2025-02-14,Grocery,57.15,72,0.0,Y,card,4114.8,4114.8
894,797,2025-09-21,Electronics,52.5,35,0.0,Y,card,1837.5,1837.5
895,138,2025-03-12,Electronics,24.38,52,0.1,N,card,1267.76,"₩1,140.98"
896,184,2025-12-30,Grocery,70.42,86,0.0,N,bank,6056.12,6056.12
897,401,2025-04-13,Electronics,112.84,53,0.1,Y,wallet,5980.52,5382.47
898,330,2025-05-05,Grocery,115.99,47,0.0,Y,card,5451.53,5451.53
899,785,2025-11-09,Grocery,,38,0.0,Y,card,2046.3,2046.3
900,508,2025-10-13,Grocery,151.95,64,0.0,Y,,9724.8,9724.8
901,69,2025-08-18,Fashion,34.46,61,0.0,N,card,2102.06,"₩2,102.06"
902,546,2025-05-26,Fashion,75.62,28,0.0,N,card,2117.36,2117.36
903,774,2025-07-16,Grocery,49.78,44,0.1,Y,card,2190.32,1971.29
904,53,2025-08-09,Electronics,76.13,57,0.1,Y,card,4339.41,3905.47
905,450,2025-03-01,Grocery,137.96,69,0.0,Y,card,9519.24,9519.24
906,205,2025-04-08,Grocery,41.86,40,0.1,Y,bank,1674.4,1506.96
907,126,2025-06-20,Fashion,66.85,12,0.0,Y,card,802.2,802.2
908,747,2025-06-22,Grocery,63.23,44,0.0,N,card,2782.12,2782.12
909,43,2025-05-31,Electronics,70.64,97,0.15,N,card,6852.08,5824.27
910,752,2025-12-16,Fashion,52.36,61,0.15,N,card,3193.96,2714.87
911,111,2025-05-02,Beauty,98.46,80,0.15,N,bank,7876.8,6695.28
912,761,2025-04-18,Beauty,57.83,60,0.0,N,card,3469.8,3469.8
913,663,2025-01-04,Fashion,55.38,65,0.2,Y,wallet,3599.7,2879.76
914,183,2025-04-03,Beauty,138.78,30,0.1,Y,card,4163.4,3747.06
915,95,2025-01-06,Fashion,75.14,10,0.05,N,card,751.4,713.83
916,374,2025-10-15,Fashion,55.28,62,0.2,Y,card,3427.36,2741.89
917,520,2025-04-16,Fashion,103.48,15,0.15,N,bank,1552.2,"₩1,319.37"
918,360,2025-05-26,Beauty,69.27,91,0.1,Y,bank,6303.57,5673.21
919,696,2025-09-28,Electronics,63.21,71,0.15,N,,4487.91,3814.72
920,281,2025-04-06,Grocery,88.77,98,,Y,card,8699.46,8264.49
921,195,2025-08-17,Grocery,188.16,88,0.1,Y,card,16558.08,14902.27
922,195,2025-07-21,Grocery,64.29,56,0.0,N,bank,3600.24,3600.24
923,667,2025-07-31,Fashion,90.85,59,0.2,Y,card,5360.15,4288.12
924,93,2025-01-06,Fashion,74.22,91,0.05,N,card,6754.02,6416.32
925,672,2025-04-22,Electronics,37.69,40,0.15,Y,bank,1507.6,1281.46
926,61,2025-11-19,Grocery,47.92,73,0.05,N,card,3498.16,3323.25
927,634,2025-04-16,Grocery,92.21,38,0.1,Y,wallet,3503.98,"₩3,153.58"
928,51,2025-05-19,Grocery,71.75,24,0.05,Y,wallet,1722.0,1635.9
929,403,2025-10-26,Grocery,61.22,67,0.05,N,bank,4101.74,3896.65
930,789,2025-04-06,Electronics,95.88,32,0.1,Y,bank,3068.16,2761.34
931,5,2025-12-03,Beauty,85.63,47,0.0,Y,card,4024.61,4024.61
932,466,2025-10-24,Grocery,31.62,50,0.05,N,card,1581.0,1501.95
933,604,2025-08-02,Electronics,46.92,84,0.05,N,card,3941.28,3744.22
934,682,2025-10-18,Fashion,75.2,24,0.0,Y,bank,1804.8,"₩1,804.80"
935,534,2025-01-22,Grocery,43.22,96,0.0,Y,card,4149.12,4149.12
936,405,2025-07-12,Beauty,131.49,12,0.0,N,card,1577.88,1577.88
937,513,2025-05-30,Fashion,10.72,92,0.0,N,bank,986.24,986.24
938,645,2025-09-04,Grocery,75.16,10,0.15,N,bank,751.6,638.86
939,233,2025-09-24,Electronics,69.5,97,0.15,Y,card,6741.5,5730.28
940,524,2025-09-08,Electronics,154.01,84,0.1,N,card,12936.84,11643.16
941,346,2025-01-03,Grocery,79.39,20,0.0,Y,card,1587.8,1587.8
942,46,2025-11-12,Grocery,62.64,69,0.1,Y,card,4322.16,3889.94
943,546,2025-03-17,Grocery,48.37,74,0.05,Y,card,3579.38,3400.41
944,78,2025-03-28,Fashion,92.83,85,0.1,Y,card,7890.55,"₩7,101.50"
945,730,2025-09-27,Electronics,70.12,13,0.05,Y,card,911.56,865.98
946,73,2025-08-13,Fashion,37.28,34,0.0,Y,,1267.52,1267.52
947,794,2025-01-18,Electronics,98.9,81,0.1,N,card,8010.9,7209.81
948,249,2025-04-23,Electronics,60.28,88,0.05,N,bank,5304.64,5039.41
949,47,2025-09-08,Fashion,109.97,52,0.15,Y,card,5718.44,4860.67
950,121,2025-08-21,Fashion,138.87,49,0.1,N,card,6804.63,6124.17
951,214,2025-11-25,Fashion,34.39,94,0.05,N,card,3232.66,3071.03
952,239,2025-10-06,Grocery,69.07,53,0.1,Y,bank,3660.71,3294.64
953,56,2025-07-21,Electronics,86.92,81,0.05,Y,wallet,7040.52,6688.49
954,350,2025-03-24,Electronics,55.3,68,0.0,Y,card,3760.4,3760.4
955,107,2025-05-05,Grocery,83.47,32,0.05,Y,wallet,2671.04,2537.49
956,48,2025-06-24,Electronics,46.06,71,0.0,Y,card,3270.26,"₩3,270.26"
957,573,2025-03-10,Grocery,130.2,32,0.0,Y,card,4166.4,"₩4,166.40"
958,337,2025-02-16,Electronics,130.54,67,0.0,Y,card,8746.18,8746.18
959,26,2025-09-13,Fashion,52.76,64,0.0,Y,card,3376.64,3376.64
960,257,2025-08-03,Electronics,29.92,42,0.0,Y,card,1256.64,1256.64
961,8,2025-01-30,Electronics,62.82,86,0.1,Y,card,5402.52,4862.27
962,625,2025-10-08,Grocery,62.77,72,0.0,Y,card,4519.44,"₩4,519.44"
963,253,2025-08-25,Beauty,104.31,69,0.05,Y,card,7197.39,6837.52
964,692,2025-09-05,Electronics,37.62,70,0.05,Y,card,2633.4,2501.73
965,719,2025-01-25,Fashion,155.85,89,0.0,N,card,13870.65,13870.65
966,303,2025-03-15,Grocery,60.69,85,0.2,N,card,5158.65,4126.92
967,639,2025-07-25,Fashion,82.49,70,0.1,Y,bank,5774.3,"₩5,196.87"
968,56,2025-11-10,Grocery,80.56,78,0.15,N,bank,6283.68,5341.13
969,726,2025-04-04,Electronics,130.94,98,0.05,N,card,12832.12,12190.51
970,526,2025-05-07,Beauty,111.88,30,0.1,Y,card,3356.4,3020.76
971,474,2025-01-25,Fashion,169.23,12,0.2,Y,card,2030.76,1624.61
972,28,2025-11-30,Fashion,,57,0.0,Y,,3577.89,3577.89
973,78,2025-12-21,Beauty,67.46,19,0.05,Y,card,1281.74,1217.65
974,216,2025-04-26,Grocery,30.94,96,0.05,Y,card,2970.24,2821.73
975,386,2025-02-17,Fashion,83.95,90,0.2,Y,card,7555.5,6044.4
976,365,2025-08-14,Grocery,24.52,51,0.0,N,card,1250.52,1250.52
977,666,2025-09-23,Grocery,74.16,98,0.1,Y,wallet,7267.68,6540.91
978,526,2025-04-09,Electronics,78.0,75,0.0,Y,card,5850.0,5850.0
979,699,2025-01-11,Grocery,81.98,55,0.15,Y,wallet,4508.9,"₩3,832.56"
980,312,2025-03-26,Electronics,80.05,18,0.05,N,,1440.9,1368.86
981,7,2025-08-02,Grocery,43.6,58,0.15,Y,bank,2528.8,2149.48
982,3,2025-06-22,Beauty,168.57,13,0.15,Y,bank,2191.41,"₩1,862.70"
983,623,2025-07-28,Fashion,54.13,69,0.05,Y,card,3734.97,3548.22
984,750,2025-03-05,Fashion,119.33,99,0.1,Y,,11813.67,10632.3
985,363,2025-09-15,Electronics,203.12,38,0.1,Y,card,7718.56,"₩6,946.70"
986,751,2025-11-28,Electronics,68.28,95,0.05,N,card,6486.6,6162.27
987,508,2025-05-01,Beauty,35.26,56,0.05,Y,card,1974.56,1875.83
988,274,2025-10-25,Electronics,46.21,86,0.0,Y,card,3974.06,3974.06
989,506,2025-02-23,Fashion,72.5,96,0.05,Y,card,6960.0,6612.0
990,739,2025-11-27,Grocery,165.65,72,0.2,N,card,11926.8,9541.44
991,15,2025-09-29,Beauty,28.77,40,0.0,Y,card,1150.8,1150.8
992,192,2025-08-29,Fashion,72.07,60,0.1,N,bank,4324.2,3891.78
993,631,2025-08-31,Grocery,61.89,50,0.0,Y,bank,3094.5,3094.5
994,485,2025-01-18,Grocery,91.35,45,,Y,,4110.75,3905.21
995,28,2025-07-06,Beauty,93.34,49,0.0,N,card,4573.66,4573.66
996,714,2025-12-12,Grocery,84.88,69,0.05,Y,card,5856.72,5563.88
997,39,2025-05-24,Grocery,45.89,24,0.0,Y,card,1101.36,1101.36
998,273,2025-09-19,Electronics,44.91,87,0.1,Y,card,3907.17,3516.45
999,231,2025-12-30,Electronics,36.36,97,0.05,Y,card,3526.92,3350.57
1000,86,2025-08-27,Grocery,75.14,39,0.1,Y,bank,2930.46,"₩2,637.41"
1001,474,2025-10-31,Beauty,,39,0.05,Y,card,2354.04,2236.34
1002,126,2025-10-25,Beauty,80.75,36,0.15,Y,card,2907.0,2470.95
1003,537,2025-03-17,Beauty,66.14,49,0.1,Y,wallet,3240.86,2916.77
1004,145,2025-07-07,Fashion,177.13,87,0.0,N,bank,15410.31,15410.31
1005,525,2025-11-29,Grocery,20.48,54,0.0,Y,bank,1105.92,1105.92
1006,212,2025-09-03,Grocery,65.14,84,0.0,N,card,5471.76,5471.76
1007,25,2025-05-10,Grocery,33.86,56,0.05,Y,wallet,1896.16,1801.35
1008,580,2025-11-11,Fashion,102.11,99,0.05,N,card,10108.89,"₩9,603.45"
1009,394,2025-10-10,Fashion,58.62,65,0.15,N,card,3810.3,3238.76
1010,67,2025-03-20,Beauty,53.24,63,0.05,N,card,3354.12,3186.41
1011,233,2025-03-13,Fashion,121.14,94,,N,card,11387.16,10248.44
1012,109,2025-09-20,Beauty,43.7,18,0.0,Y,wallet,786.6,786.6
1013,146,2025-07-10,Electronics,182.98,74,0.0,Y,bank,13540.52,"₩13,540.52"
1014,111,2025-03-04,Grocery,110.6,79,0.15,N,card,8737.4,7426.79
1015,228,2025-01-12,Grocery,42.91,10,0.0,Y,,429.1,429.1
1016,111,2025-05-21,Grocery,82.31,95,0.15,Y,card,7819.45,6646.53
1017,470,2025-09-11,Fashion,138.0,22,0.0,Y,,3036.0,"₩3,036.00"
1018,34,2025-02-12,Beauty,244.59,47,0.15,Y,card,11495.73,"₩9,771.37"
1019,623,2025-01-17,Grocery,,54,0.1,N,card,1098.9,989.01
1020,776,2025-03-04,Fashion,,49,0.1,Y,card,1572.9,1415.61
1021,369,2025-09-10,Grocery,57.78,24,0.15,Y,bank,1386.72,1178.71
1022,748,2025-10-19,Fashion,42.23,59,0.0,N,card,2491.57,"₩2,491.57"
1023,595,2025-01-08,Fashion,114.43,11,0.0,Y,bank,1258.73,1258.73
1024,554,2025-11-21,Fashion,32.44,62,0.0,Y,card,2011.28,2011.28
1025,425,2025-03-31,Beauty,11.22,35,0.0,N,card,392.7,392.7
1026,613,2025-07-27,Fashion,56.5,75,0.05,Y,bank,4237.5,4025.62
1027,518,2025-10-19,Grocery,71.09,84,0.15,N,card,5971.56,5075.83
1028,692,2025-10-11,Fashion,47.46,42,0.0,Y,bank,1993.32,1993.32
1029,282,2025-04-28,Fashion,68.36,91,0.15,Y,bank,6220.76,5287.65
1030,320,2025-12-15,Beauty,39.92,94,0.15,Y,card,3752.48,3189.61
1031,738,2025-06-24,Grocery,30.08,68,0.1,Y,card,2045.44,1840.9
1032,443,2025-03-17,Beauty,65.43,35,0.15,N,bank,2290.05,"₩1,946.54"
1033,315,2025-04-11,Electronics,23.27,30,,N,card,698.1,628.29
1034,741,2025-05-31,Electronics,80.44,58,0.05,N,card,4665.52,4432.24
1035,377,2025-09-27,Beauty,62.47,89,0.1,Y,bank,5559.83,5003.85
1036,289,2025-03-12,Grocery,44.59,80,0.1,N,card,3567.2,3210.48
1037,437,2025-06-29,Electronics,91.32,95,0.0,N,card,8675.4,8675.4
1038,662,2025-05-04,Fashion,156.94,80,0.0,Y,card,12555.2,"₩12,555.20"
1039,277,2025-10-20,Grocery,219.12,75,0.05,N,card,16434.0,15612.3
1040,710,2025-10-12,Fashion,98.0,46,0.0,N,card,4508.0,4508.0
1041,582,2025-07-14,Grocery,107.76,23,0.2,N,card,2478.48,1982.78
1042,503,2025-08-16,Fashion,70.92,81,0.05,Y,card,5744.52,5457.29
1043,624,2025-10-02,Fashion,82.61,16,0.05,N,card,1321.76,1255.67
1044,516,2025-04-16,Beauty,61.01,47,0.0,Y,wallet,2867.47,2867.47
1045,350,2025-01-21,Electronics,93.72,54,0.05,N,card,5060.88,4807.84
1046,446,2025-03-05,Fashion,117.08,31,0.0,Y,bank,3629.48,3629.48
1047,350,2025-06-14,Grocery,40.7,53,0.0,N,card,2157.1,2157.1
1048,607,2025-01-27,Electronics,151.56,90,0.2,Y,bank,13640.4,10912.32
1049,664,2025-11-07,Fashion,90.66,89,0.0,Y,card,8068.74,8068.74
1050,137,2025-10-12,Grocery,67.43,44,0.1,Y,card,2966.92,2670.23
1051,759,2025-05-28,Fashion,56.88,69,,Y,wallet,3924.72,3924.72
1052,243,2025-10-08,Fashion,60.11,12,0.15,N,card,721.32,613.12
1053,543,2025-11-22,Fashion,,76,0.05,N,,6434.16,"₩6,112.45"
1054,40,2025-11-15,Grocery,75.66,81,0.1,Y,card,6128.46,5515.61
1055,229,2025-06-13,Grocery,106.89,64,0.1,Y,,6840.96,6156.86
1056,548,2025-08-12,Grocery,101.76,18,0.1,Y,card,1831.68,1648.51
1057,223,2025-09-29,Electronics,72.9,78,0.0,Y,,5686.2,5686.2
1058,6,2025-05-26,Grocery,39.0,37,0.05,N,card,1443.0,1370.85
1059,322,2025-12-22,Beauty,83.26,24,0.0,N,card,1998.24,1998.24
1060,468,2025-01-30,Fashion,49.57,40,0.05,Y,card,1982.8,1883.66
1061,732,2025-02-14,Grocery,29.57,68,0.05,Y,card,2010.76,1910.22
1062,75,2025-10-02,Grocery,82.46,91,0.15,N,bank,7503.86,6378.28
1063,4,2025-02-03,Beauty,34.05,63,,Y,card,2145.15,2145.15
1064,646,2025-05-21,Beauty,47.61,77,0.0,Y,wallet,3665.97,3665.97
1065,118,2025-11-14,Electronics,38.13,94,0.2,Y,bank,3584.22,2867.38
1066,606,2025-08-09,Fashion,76.28,56,0.15,Y,card,4271.68,3630.93
1067,504,2025-12-22,Fashion,79.65,51,0.2,Y,card,4062.15,3249.72
1068,574,2025-01-22,Fashion,125.59,32,0.05,N,card,4018.88,3817.94
1069,441,2025-06-29,Electronics,,95,0.0,Y,card,7947.7,7947.7
1070,194,2025-11-25,Grocery,117.52,74,0.15,N,bank,8696.48,7392.01
1071,715,2025-08-19,Electronics,40.61,98,0.0,Y,card,3979.78,3979.78
1072,392,2025-02-07,Fashion,128.17,63,0.0,N,card,8074.71,"₩8,074.71"
1073,26,2025-03-11,Grocery,39.12,20,0.0,Y,card,782.4,782.4
1074,435,2025-04-26,Electronics,33.12,72,0.1,Y,card,2384.64,2146.18
1075,173,2025-08-27,Beauty,82.34,31,,Y,,2552.54,"₩2,552.54"
1076,300,2025-12-01,Grocery,64.7,63,,N,card,4076.1,"₩3,668.49"
1077,645,2025-05-28,Fashion,61.69,98,0.0,N,wallet,6045.62,6045.62
1078,326,2025-01-09,Fashion,93.34,94,0.0,N,card,8773.96,8773.96
1079,410,2025-10-15,Electronics,42.19,45,0.05,Y,card,1898.55,1803.62
1080,118,2025-02-19,Grocery,95.35,67,0.05,Y,wallet,6388.45,6069.03
1081,787,2025-12-04,Electronics,66.99,29,0.2,Y,card,1942.71,1554.17
1082,724,2025-01-05,Grocery,115.86,25,0.2,Y,,2896.5,2317.2
1083,225,2025-12-09,Grocery,39.58,65,0.0,Y,card,2572.7,2572.7
1084,532,2025-05-06,Electronics,40.97,59,0.15,N,card,2417.23,2054.65
1085,113,2025-03-16,Beauty,164.07,99,0.1,Y,card,16242.93,14618.64
1086,140,2025-06-14,Electronics,86.71,75,0.05,N,card,6503.25,6178.09
1087,559,2025-10-05,Beauty,57.77,83,0.1,Y,card,4794.91,4315.42
1088,1,2025-11-20,Electronics,120.81,22,0.15,Y,card,2657.82,2259.15
1089,90,2025-10-27,Grocery,137.83,24,0.0,N,card,3307.92,3307.92
1090,654,2025-10-17,Fashion,53.68,82,0.0,Y,card,4401.76,"₩4,401.76"
1091,320,2025-03-18,Grocery,75.79,36,0.05,N,wallet,2728.44,"₩2,592.02"
1092,550,2025-10-25,Fashion,176.51,17,0.0,N,bank,3000.67,3000.67
1093,139,2025-05-17,Electronics,46.66,79,0.05,N,bank,3686.14,3501.83
1094,511,2025-04-16,Grocery,48.01,59,0.1,N,card,2832.59,2549.33
1095,259,2025-04-05,Fashion,81.78,97,0.15,Y,card,7932.66,6742.76
1096,673,2025-05-15,Grocery,39.01,76,0.0,Y,card,2964.76,2964.76
1097,690,2025-03-09,Beauty,75.75,35,0.0,N,bank,2651.25,2651.25
1098,10,2025-05-27,Fashion,72.61,45,0.1,Y,card,3267.45,2940.7
1099,261,2025-06-08,Fashion,37.56,30,0.05,Y,bank,1126.8,1070.46
1100,650,2025-06-12,Electronics,57.24,86,0.15,Y,wallet,4922.64,"₩4,184.24"
1101,172,2025-12-07,Grocery,172.41,61,0.2,Y,card,10517.01,8413.61
1102,13,2025-07-08,Fashion,86.52,20,0.2,N,card,1730.4,1384.32
1103,168,2025-12-05,Fashion,41.15,17,0.1,Y,card,699.55,629.6
1104,642,2025-04-05,Electronics,66.23,66,0.05,Y,card,4371.18,4152.62
1105,596,2025-06-30,Fashion,117.75,55,0.0,Y,card,6476.25,6476.25
1106,321,2025-10-15,Beauty,73.16,87,0.1,Y,card,6364.92,5728.43
1107,319,2025-11-18,Fashion,87.12,11,0.2,N,card,958.32,766.66
1108,613,2025-07-06,Grocery,105.14,73,0.0,N,card,7675.22,7675.22
1109,329,2025-05-18,Grocery,164.38,61,,Y,bank,10027.18,10027.18
1110,785,2025-05-10,Grocery,81.24,74,0.15,Y,wallet,6011.76,5110.0
1111,777,2025-07-13,Fashion,79.54,20,0.0,Y,bank,1590.8,1590.8
1112,550,2025-11-12,Grocery,86.29,15,0.0,Y,card,1294.35,1294.35
1113,419,2025-09-30,Beauty,121.25,88,0.15,N,card,10670.0,9069.5
1114,606,2025-12-18,Electronics,59.09,85,0.0,Y,card,5022.65,5022.65
1115,95,2025-05-24,Fashion,57.2,73,0.0,Y,card,4175.6,4175.6
1116,581,2025-01-16,Electronics,113.4,64,0.05,N,card,7257.6,6894.72
1117,318,2025-10-29,Fashion,130.66,53,0.1,N,card,6924.98,6232.48
1118,236,2025-09-02,Fashion,109.78,95,,N,card,10429.1,9907.64
1119,334,2025-04-17,Grocery,97.04,23,0.05,N,card,2231.92,2120.32
1120,376,2025-03-29,Electronics,99.25,92,0.1,Y,card,9131.0,8217.9
1121,459,2025-05-09,Fashion,116.19,14,0.05,Y,bank,1626.66,"₩1,545.33"
1122,137,2025-12-07,Grocery,72.63,34,0.0,Y,wallet,2469.42,2469.42
1123,588,2025-01-04,Fashion,99.34,59,0.0,Y,wallet,5861.06,5861.06
1124,547,2025-11-23,Grocery,113.32,82,0.05,Y,card,9292.24,"₩8,827.63"
1125,513,2025-11-02,Fashion,53.25,80,,N,bank,4260.0,3834.0
1126,296,2025-04-05,Beauty,,91,0.1,N,card,14190.54,"₩12,771.49"
1127,320,2025-07-28,Fashion,103.39,11,0.1,Y,card,1137.29,1023.56
1128,572,2025-08-13,Grocery,100.98,19,0.1,Y,bank,1918.62,1726.76
1129,349,2025-12-14,Grocery,51.53,11,0.0,N,card,566.83,566.83
1130,779,2025-11-17,Fashion,108.3,69,0.15,Y,wallet,7472.7,6351.8
1131,229,2025-02-16,Electronics,88.95,54,0.15,Y,card,4803.3,4082.8
1132,270,2025-06-30,Grocery,127.33,17,0.05,N,card,2164.61,2056.38
1133,798,2025-04-16,Fashion,54.51,67,0.0,Y,card,3652.17,3652.17
1134,291,2025-07-18,Beauty,48.77,16,0.05,Y,bank,780.32,741.3
1135,725,2025-04-16,Beauty,96.87,96,0.05,Y,card,9299.52,8834.54
1136,165,2025-10-07,Fashion,68.92,81,0.0,N,bank,5582.52,5582.52
1137,5,2025-09-17,Fashion,90.32,30,0.1,N,card,2709.6,2438.64
1138,379,2025-04-18,Fashion,58.3,56,0.1,N,card,3264.8,2938.32
1139,78,2025-01-19,Fashion,64.76,10,0.15,Y,bank,647.6,550.46
1140,410,2025-10-23,Grocery,144.91,21,0.0,N,card,3043.11,3043.11
1141,574,2025-11-02,Grocery,100.31,84,0.0,N,card,8426.04,8426.04
1142,132,2025-06-20,Fashion,178.68,57,0.1,Y,card,10184.76,9166.28
1143,601,2025-11-27,Electronics,104.65,13,0.15,Y,card,1360.45,1156.38
1144,749,2025-07-14,Fashion,79.83,43,0.05,N,card,3432.69,3261.06
1145,42,2025-01-12,Fashion,111.54,96,0.1,N,card,10707.84,9637.06
1146,89,2025-07-14,Grocery,105.34,41,0.0,N,bank,4318.94,4318.94
1147,402,2025-10-10,Electronics,81.16,12,0.1,Y,card,973.92,876.53
1148,296,2025-07-01,Grocery,75.0,77,0.2,N,bank,5775.0,4620.0
1149,295,2025-11-01,Grocery,99.53,66,0.1,Y,card,6568.98,5912.08
1150,616,2025-05-24,Grocery,62.32,85,0.15,Y,card,5297.2,4502.62
1151,526,2025-11-12,Fashion,57.15,33,0.05,N,card,1885.95,1791.65
1152,800,2025-07-01,Grocery,27.25,42,0.15,N,card,1144.5,972.82
1153,691,2025-01-30,Grocery,44.77,12,0.0,N,card,537.24,537.24
1154,637,2025-03-25,Grocery,158.94,13,0.0,N,card,2066.22,2066.22
1155,422,2025-06-15,Fashion,39.16,39,0.0,N,card,1527.24,1527.24
1156,23,2025-10-11,Fashion,186.81,79,,Y,card,14757.99,14020.09
1157,575,2025-10-08,Grocery,112.72,58,,N,card,6537.76,6537.76
1158,143,2025-04-06,Electronics,183.21,39,0.1,N,bank,7145.19,6430.67
1159,665,2025-09-23,Fashion,201.03,81,0.15,Y,bank,16283.43,13840.92
1160,145,2025-10-25,Beauty,68.73,91,,Y,bank,6254.43,5628.99
1161,225,2025-10-23,Electronics,64.64,25,0.0,Y,card,1616.0,1616.0
1162,503,2025-08-13,Fashion,18.05,62,0.15,N,wallet,1119.1,951.23
1163,616,2025-11-29,Fashion,53.91,15,0.05,N,bank,808.65,768.22
1164,104,2025-12-27,Grocery,20.08,33,0.1,N,card,662.64,596.38
1165,39,2025-02-11,Electronics,21.29,98,0.15,Y,bank,2086.42,1773.46
1166,198,2025-10-30,Grocery,43.76,37,0.2,N,card,1619.12,1295.3
1167,646,2025-09-03,Electronics,62.05,30,0.05,N,card,1861.5,1768.42
1168,579,2025-07-27,Electronics,93.22,17,0.15,Y,card,1584.74,1347.03
1169,391,2025-08-25,Grocery,64.53,45,0.05,N,card,2903.85,2758.66
1170,179,2025-01-22,Fashion,65.11,18,0.05,Y,card,1171.98,1113.38
1171,554,2025-07-04,Beauty,82.52,49,0.05,N,wallet,4043.48,"₩3,841.31"
1172,448,2025-08-30,Electronics,65.57,94,0.05,N,card,6163.58,5855.4
1173,500,2025-12-29,Fashion,157.08,60,0.05,N,card,9424.8,8953.56
1174,15,2025-10-10,Electronics,53.97,10,0.1,Y,card,539.7,485.73
1175,623,2025-02-10,Fashion,66.9,72,0.0,Y,,4816.8,4816.8
1176,669,2025-12-02,Beauty,87.54,77,,N,wallet,6740.58,6066.52
1177,289,2025-06-11,Beauty,86.03,83,0.1,Y,card,7140.49,6426.44
1178,478,2025-06-09,Electronics,,35,0.15,Y,card,2112.25,1795.41
1179,231,2025-03-30,Grocery,78.7,49,0.0,Y,bank,3856.3,3856.3
1180,420,2025-11-18,Grocery,55.84,12,0.15,Y,card,670.08,569.57
1181,157,2025-01-12,Electronics,82.34,18,0.15,N,wallet,1482.12,1259.8
1182,550,2025-03-14,Electronics,117.4,41,0.1,N,card,4813.4,"₩4,332.06"
1183,441,2025-03-17,Beauty,65.65,76,0.1,N,card,4989.4,4490.46
1184,97,2025-12-12,Beauty,78.44,13,0.05,N,bank,1019.72,968.73
1185,411,2025-07-20,Beauty,61.0,15,0.2,Y,card,915.0,732.0
1186,289,2025-01-10,Grocery,53.74,82,0.1,Y,card,4406.68,3966.01
1187,254,2025-12-18,Grocery,85.91,35,0.0,N,bank,3006.85,3006.85
1188,196,2025-08-14,Fashion,35.16,11,0.05,Y,card,386.76,367.42
1189,598,2025-06-25,Electronics,50.18,75,0.1,Y,card,3763.5,3387.15
1190,522,2025-10-03,Electronics,126.89,94,0.0,N,wallet,11927.66,11927.66
1191,517,2025-02-08,Grocery,36.82,95,0.1,Y,card,3497.9,3148.11
1192,635,2025-03-01,Grocery,,12,0.0,Y,card,1316.04,"₩1,316.04"
1193,118,2025-03-07,Grocery,109.68,44,0.05,Y,card,4825.92,4584.62
1194,159,2025-11-17,Beauty,70.16,68,,N,card,4770.88,4293.79
1195,228,2025-05-04,Beauty,66.96,47,0.15,Y,bank,3147.12,2675.05
1196,216,2025-06-13,Beauty,60.87,42,0.1,Y,card,2556.54,2300.89
1197,696,2025-06-08,Electronics,88.48,24,0.1,N,card,2123.52,1911.17
1198,15,2025-02-26,Grocery,59.78,84,0.15,N,wallet,5021.52,4268.29
1199,157,2025-03-19,Grocery,93.58,83,0.05,Y,bank,7767.14,7378.78
1200,648,2025-07-13,Fashion,43.22,23,,Y,card,994.06,844.95
1201,261,2025-10-12,Beauty,124.39,75,0.0,Y,card,9329.25,9329.25
1202,157,2025-01-15,Beauty,96.59,54,0.15,Y,bank,5215.86,"₩4,433.48"
1203,47,2025-01-12,Electronics,10.9,57,0.0,N,card,621.3,₩621.30
1204,324,2025-04-11,Electronics,121.88,53,0.15,Y,card,6459.64,5490.69
1205,685,2025-06-05,Grocery,117.49,46,0.0,Y,card,5404.54,5404.54
1206,130,2025-12-06,Grocery,131.89,38,0.0,N,card,5011.82,5011.82
1207,411,2025-05-05,Beauty,100.66,93,0.0,N,wallet,9361.38,9361.38
1208,95,2025-12-25,Electronics,101.63,94,0.0,N,bank,9553.22,9553.22
1209,627,2025-10-07,Electronics,35.58,43,0.05,N,card,1529.94,1453.44
1210,755,2025-04-20,Fashion,34.17,68,0.05,Y,bank,2323.56,2207.38
1211,292,2025-11-30,Electronics,113.2,52,0.15,N,card,5886.4,5003.44
1212,794,2025-12-23,Electronics,,42,0.05,Y,card,3624.6,3443.37
1213,283,2025-05-26,Beauty,19.15,28,0.0,Y,bank,536.2,536.2
1214,69,2025-08-04,Fashion,83.34,17,0.1,N,card,1416.78,"₩1,275.10"
1215,660,2025-06-11,Fashion,35.07,40,0.0,Y,bank,1402.8,1402.8
1216,11,2025-05-08,Electronics,26.67,20,0.15,Y,card,533.4,453.39
1217,254,2025-11-10,Fashion,181.55,17,0.05,N,card,3086.35,2932.03
1218,550,2025-11-28,Grocery,42.14,34,0.1,N,wallet,1432.76,1289.48
1219,134,2025-05-30,Grocery,15.96,29,0.0,N,card,462.84,462.84
1220,712,2025-02-05,Grocery,26.19,47,0.0,N,card,1230.93,1230.93
1221,23,2025-06-22,Fashion,124.49,16,0.1,Y,card,1991.84,1792.66
1222,346,2025-01-22,Fashion,37.56,86,0.05,N,bank,3230.16,3068.65
1223,302,2025-07-25,Fashion,112.01,48,0.2,N,,5376.48,"₩4,301.18"
1224,363,2025-05-07,Fashion,91.14,83,0.05,Y,bank,7564.62,7186.39
1225,396,2025-12-02,Grocery,85.38,81,0.15,N,card,6915.78,5878.41
1226,218,2025-12-22,Fashion,38.43,29,0.2,N,card,1114.47,891.58
1227,141,2025-08-05,Grocery,65.63,90,0.0,Y,wallet,5906.7,5906.7
1228,616,2025-04-06,Electronics,66.1,20,0.15,Y,card,1322.0,1123.7
1229,210,2025-06-13,Grocery,65.04,25,0.0,Y,card,1626.0,1626.0
1230,623,2025-05-28,Beauty,123.25,51,0.1,Y,bank,6285.75,5657.18
1231,616,2025-01-18,Grocery,64.79,99,0.1,Y,card,6414.21,"₩5,772.79"
1232,683,2025-10-21,Grocery,103.15,61,0.05,N,card,6292.15,5977.54
1233,460,2025-07-14,Beauty,79.18,46,0.0,Y,bank,3642.28,3642.28
1234,356,2025-05-31,Grocery,37.76,61,0.1,Y,bank,2303.36,2073.02
1235,324,2025-12-31,Fashion,100.08,18,0.15,Y,card,1801.44,1531.22
1236,133,2025-05-03,Fashion,107.24,44,0.15,N,card,4718.56,4010.78
1237,127,2025-07-06,Grocery,58.22,76,0.1,Y,wallet,4424.72,3982.25
1238,106,2025-05-29,Grocery,,16,0.0,N,card,1420.16,1420.16
1239,604,2025-04-14,Fashion,104.8,11,0.15,N,card,1152.8,979.88
1240,799,2025-08-31,Fashion,223.97,34,0.15,N,card,7614.98,"₩6,472.73"
1241,378,2025-08-19,Beauty,57.05,85,0.05,Y,card,4849.25,4606.79
1242,51,2025-07-25,Electronics,96.74,50,0.0,Y,bank,4837.0,4837.0
1243,29,2025-07-17,Fashion,62.29,84,0.15,Y,card,5232.36,4447.51
1244,462,2025-12-03,Electronics,101.03,61,0.15,Y,card,6162.83,5238.41
1245,296,2025-03-28,Grocery,66.85,96,0.0,Y,wallet,6417.6,6417.6
1246,297,2025-05-22,Electronics,38.37,90,0.2,N,bank,3453.3,2762.64
1247,726,2025-11-13,Grocery,33.54,86,0.05,Y,card,2884.44,2740.22
1248,779,2025-07-18,Electronics,123.33,74,0.2,Y,card,9126.42,"₩7,301.14"
1249,407,2025-02-15,Grocery,24.12,86,0.05,N,bank,2074.32,1970.6
1250,769,2025-10-15,Grocery,104.4,47,0.05,Y,wallet,4906.8,4661.46
1251,613,2025-01-15,Fashion,58.74,76,0.0,Y,card,4464.24,4464.24
1252,405,2025-02-13,Fashion,108.43,89,0.15,N,card,9650.27,8202.73
1253,346,2025-06-18,Fashion,112.87,51,0.05,Y,card,5756.37,5468.55
1254,622,2025-11-06,Fashion,62.8,80,0.15,Y,card,5024.0,4270.4
1255,420,2025-02-13,Grocery,197.52,63,0.0,Y,card,12443.76,12443.76
1256,182,2025-04-08,Fashion,68.86,76,0.1,N,bank,5233.36,4710.02
1257,1,2025-09-18,Grocery,105.39,87,0.05,N,card,9168.93,8710.48
1258,567,2025-04-19,Electronics,62.98,73,0.0,Y,card,4597.54,"₩4,597.54"
1259,371,2025-10-10,Electronics,73.91,89,,N,card,6577.99,6577.99
1260,661,2025-12-09,Fashion,58.0,13,,Y,card,754.0,754.0
1261,431,2025-04-14,Grocery,70.41,40,0.1,Y,card,2816.4,2534.76
1262,309,2025-09-13,Fashion,24.3,22,0.05,N,card,534.6,507.87
1263,137,2025-07-25,Grocery,61.36,36,0.0,Y,card,2208.96,2208.96
1264,202,2025-12-01,Electronics,89.5,68,0.0,Y,wallet,6086.0,6086.0
1265,436,2025-02-12,Electronics,49.66,74,0.05,Y,bank,3674.84,3491.1
1266,313,2025-12-19,Grocery,81.74,73,0.0,N,card,5967.02,5967.02
1267,117,2025-09-02,Grocery,145.33,34,0.05,N,bank,4941.22,4694.16
1268,666,2025-10-14,Electronics,84.97,46,0.1,N,card,3908.62,3517.76
1269,575,2025-12-21,Grocery,76.71,84,0.05,N,bank,6443.64,6121.46
1270,244,2025-09-30,Fashion,65.3,82,0.05,N,wallet,5354.6,5086.87
1271,537,2025-03-24,Grocery,66.36,80,0.0,N,card,5308.8,5308.8
1272,602,2025-04-20,Beauty,90.59,23,,Y,wallet,2083.57,2083.57
1273,75,2025-07-09,Beauty,,33,,N,card,2008.05,"₩1,706.84"
1274,386,2025-10-15,Grocery,,76,0.15,N,card,2948.04,2505.83
1275,210,2025-09-08,Fashion,31.44,57,0.05,N,card,1792.08,1702.48
1276,475,2025-07-31,Grocery,106.69,74,0.0,Y,wallet,7895.06,"₩7,895.06"
1277,418,2025-10-18,Fashion,169.71,47,0.05,Y,card,7976.37,7577.55
1278,347,2025-05-13,Electronics,153.38,99,0.15,N,card,15184.62,12906.93
1279,529,2025-07-20,Fashion,40.0,79,0.1,N,card,3160.0,2844.0
1280,640,2025-10-12,Beauty,152.4,68,0.15,N,card,10363.2,8808.72
1281,763,2025-11-22,Beauty,131.38,21,0.0,N,bank,2758.98,2758.98
1282,179,2025-04-05,Electronics,98.51,63,0.1,N,card,6206.13,5585.52
1283,182,2025-10-05,Grocery,72.12,60,0.1,Y,card,4327.2,3894.48
1284,664,2025-11-21,Grocery,83.44,47,0.05,Y,card,3921.68,"₩3,725.60"
1285,25,2025-08-07,Fashion,57.32,55,0.05,N,,3152.6,2994.97
1286,180,2025-03-30,Fashion,135.55,19,0.05,N,card,2575.45,2446.68
1287,710,2025-03-13,Grocery,138.62,18,0.15,N,bank,2495.16,2120.89
1288,501,2025-09-04,Fashion,27.88,96,0.15,Y,card,2676.48,2275.01
1289,161,2025-05-09,Electronics,210.05,61,0.0,N,card,12813.05,12813.05
1290,177,2025-07-31,Grocery,148.13,60,0.05,N,card,8887.8,8443.41
1291,285,2025-12-09,Beauty,37.81,31,0.15,N,card,1172.11,996.29
1292,63,2025-04-06,Grocery,82.87,82,0.0,Y,bank,6795.34,6795.34
1293,662,2025-03-16,Grocery,32.47,92,0.05,Y,,2987.24,"₩2,837.88"
1294,666,2025-02-23,Fashion,77.3,81,0.0,Y,card,6261.3,6261.3
1295,156,2025-12-10,Electronics,131.59,77,0.0,Y,card,10132.43,10132.43
1296,469,2025-02-23,Grocery,34.22,14,0.15,N,card,479.08,407.22
1297,49,2025-08-06,Fashion,85.81,92,0.05,Y,card,7894.52,7499.79
1298,84,2025-01-16,Beauty,125.72,91,0.1,N,card,11440.52,10296.47
1299,361,2025-04-09,Electronics,59.5,38,0.0,N,card,2261.0,2261.0
1300,689,2025-01-20,Fashion,,92,0.0,Y,card,9639.76,9639.76
1301,148,2025-02-15,Fashion,95.39,15,0.15,N,bank,1430.85,1216.22
1302,630,2025-07-12,Beauty,101.53,78,0.05,Y,bank,7919.34,7523.37
1303,342,2025-02-27,Electronics,66.11,67,0.0,N,card,4429.37,4429.37
1304,476,2025-04-21,Electronics,76.25,52,0.2,Y,wallet,3965.0,3172.0
1305,63,2025-05-09,Electronics,73.59,78,0.05,N,bank,5740.02,5453.02
1306,701,2025-12-03,Grocery,90.84,81,0.05,N,card,7358.04,6990.14
1307,360,2025-07-13,Electronics,28.76,46,,N,bank,1322.96,1190.66
1308,561,2025-12-06,Electronics,70.07,67,0.0,N,card,4694.69,4694.69
1309,327,2025-11-22,Electronics,160.04,46,0.05,Y,wallet,7361.84,6993.75
1310,769,2025-01-08,Grocery,45.19,91,0.1,Y,card,4112.29,3701.06
1311,736,2025-01-29,Electronics,132.1,35,0.0,Y,card,4623.5,4623.5
1312,141,2025-04-22,Fashion,110.39,51,0.1,Y,wallet,5629.89,5066.9
1313,215,2025-06-10,Fashion,76.79,25,0.05,N,card,1919.75,1823.76
1314,435,2025-05-11,Grocery,86.77,31,,Y,,2689.87,2420.88
1315,723,2025-07-07,Grocery,97.73,32,0.0,N,,3127.36,3127.36
1316,318,2025-06-12,Fashion,67.77,56,0.15,N,card,3795.12,3225.85
1317,32,2025-07-16,Beauty,21.86,76,0.15,Y,bank,1661.36,1412.16
1318,670,2025-12-30,Beauty,88.41,12,0.0,Y,card,1060.92,1060.92
1319,285,2025-07-23,Fashion,35.26,21,0.15,N,card,740.46,629.39
1320,305,2025-07-31,Grocery,59.42,32,0.05,Y,card,1901.44,1806.37
1321,429,2025-04-19,Grocery,70.55,20,0.1,Y,card,1411.0,1269.9
1322,477,2025-10-03,Beauty,86.23,61,0.15,Y,card,5260.03,4471.03
1323,286,2025-03-14,Fashion,91.97,59,0.0,N,card,5426.23,5426.23
1324,144,2025-06-16,Fashion,36.36,66,0.0,N,card,2399.76,2399.76
1325,424,2025-09-17,Fashion,42.32,73,0.0,Y,card,3089.36,3089.36
1326,19,2025-08-31,Beauty,,55,0.05,Y,card,4718.45,4482.53
1327,18,2025-10-02,Electronics,108.33,38,0.0,Y,card,4116.54,4116.54
1328,769,2025-04-12,Electronics,65.15,79,0.05,Y,card,5146.85,4889.51
1329,590,2025-06-22,Fashion,72.99,55,0.0,N,card,4014.45,4014.45
1330,371,2025-06-20,Electronics,29.2,25,0.1,Y,card,730.0,657.0
1331,175,2025-05-21,Grocery,96.06,60,0.0,N,card,5763.6,5763.6
1332,194,2025-07-07,Electronics,93.82,20,0.05,Y,card,1876.4,1782.58
1333,502,2025-03-27,Fashion,118.27,20,0.0,Y,card,2365.4,2365.4
1334,113,2025-02-21,Beauty,71.87,72,0.1,Y,card,5174.64,4657.18
1335,114,2025-04-21,Fashion,176.83,62,0.15,N,card,10963.46,"₩9,318.94"
1336,222,2025-12-31,Grocery,53.67,98,0.0,N,card,5259.66,5259.66
1337,678,2025-12-08,Electronics,77.74,67,0.1,Y,card,5208.58,4687.72
1338,644,2025-02-12,Electronics,170.01,28,0.15,Y,card,4760.28,4046.24
1339,264,2025-07-30,Grocery,117.28,41,0.2,N,card,4808.48,3846.78
1340,55,2025-07-19,Grocery,79.72,59,0.05,Y,bank,4703.48,4468.31
1341,643,2025-10-25,Fashion,52.89,81,0.0,Y,card,4284.09,4284.09
1342,800,2025-12-12,Beauty,31.06,64,0.0,Y,bank,1987.84,1987.84
1343,778,2025-08-28,Beauty,40.13,85,0.05,Y,card,3411.05,3240.5
1344,458,2025-04-25,Beauty,50.31,50,0.1,N,bank,2515.5,2263.95
1345,162,2025-01-26,Fashion,118.55,79,0.05,Y,card,9365.45,8897.18
1346,380,2025-10-26,Electronics,121.52,30,0.1,Y,card,3645.6,3281.04
1347,87,2025-03-18,Grocery,195.45,35,0.0,Y,card,6840.75,6840.75
1348,55,2025-05-17,Grocery,74.61,10,0.0,N,card,746.1,746.1
1349,476,2025-01-20,Electronics,60.81,90,0.2,Y,card,5472.9,4378.32
1350,800,2025-07-30,Grocery,91.45,36,0.2,Y,card,3292.2,2633.76
1351,178,2025-08-28,Electronics,56.85,59,0.1,Y,card,3354.15,3018.74
1352,391,2025-02-08,Fashion,47.47,75,0.0,N,card,3560.25,3560.25
1353,349,2025-09-25,Fashion,,74,0.2,Y,card,3340.36,2672.29
1354,8,2025-07-26,Grocery,125.38,19,0.0,N,bank,2382.22,2382.22
1355,313,2025-09-24,Fashion,26.54,46,0.1,N,card,1220.84,1098.76
1356,759,2025-06-03,Grocery,80.26,78,0.0,N,card,6260.28,6260.28
1357,443,2025-02-11,Grocery,95.06,50,0.1,N,card,4753.0,4277.7
1358,767,2025-01-11,Grocery,56.31,55,0.1,N,card,3097.05,2787.34
1359,328,2025-10-21,Beauty,100.41,86,0.15,N,,8635.26,"₩7,339.97"
1360,54,2025-04-08,Grocery,148.96,54,0.1,N,bank,8043.84,7239.46
1361,761,2025-10-02,Beauty,44.92,97,0.15,N,card,4357.24,3703.65
1362,239,2025-08-18,Electronics,72.85,36,0.05,Y,card,2622.6,2491.47
1363,229,2025-08-08,Fashion,50.96,74,0.1,Y,bank,3771.04,3393.94
1364,579,2025-03-06,Electronics,44.3,93,0.05,N,wallet,4119.9,3913.9
1365,51,2025-12-21,Fashion,116.79,17,0.0,N,wallet,1985.43,1985.43
1366,609,2025-08-20,Grocery,71.64,76,0.1,N,bank,5444.64,4900.18
1367,604,2025-11-24,Electronics,144.76,58,0.15,N,card,8396.08,7136.67
1368,264,2025-02-21,Fashion,24.45,98,0.0,N,bank,2396.1,2396.1
1369,418,2025-09-20,Grocery,65.94,98,,Y,bank,6462.12,6462.12
1370,96,2025-09-24,Grocery,53.71,23,0.0,Y,card,1235.33,1235.33
1371,88,2025-12-25,Fashion,24.83,71,0.15,Y,card,1762.93,1498.49
1372,78,2025-11-13,Grocery,87.71,52,0.0,N,card,4560.92,4560.92
1373,288,2025-11-20,Electronics,68.71,36,0.0,Y,card,2473.56,"₩2,473.56"
1374,120,2025-06-03,Fashion,83.79,36,0.0,N,card,3016.44,3016.44
1375,491,2025-12-24,Grocery,49.55,77,0.0,Y,bank,3815.35,"₩3,815.35"
1376,452,2025-05-20,Grocery,107.51,84,0.1,Y,card,9030.84,8127.76
1377,500,2025-02-20,Fashion,183.31,57,0.2,N,bank,10448.67,8358.94
1378,165,2025-04-27,Beauty,77.55,76,0.0,Y,card,5893.8,5893.8
1379,182,2025-02-15,Fashion,61.72,34,0.0,Y,card,2098.48,2098.48
1380,469,2025-11-05,Fashion,75.18,73,0.15,Y,wallet,5488.14,4664.92
1381,735,2025-03-29,Electronics,82.62,33,0.15,Y,card,2726.46,2317.49
1382,7,2025-07-27,Grocery,26.83,18,0.0,Y,bank,482.94,482.94
1383,330,2025-09-26,Grocery,102.64,17,0.0,Y,card,1744.88,1744.88
1384,775,2025-03-30,Electronics,66.58,68,0.2,N,card,4527.44,3621.95
1385,673,2025-04-28,Fashion,94.52,26,0.1,Y,,2457.52,2211.77
1386,151,2025-02-23,Grocery,113.57,52,0.15,Y,card,5905.64,5019.79
1387,85,2025-04-26,Fashion,202.51,77,0.0,Y,card,15593.27,15593.27
1388,147,2025-04-28,Electronics,81.56,13,0.1,Y,card,1060.28,954.25
1389,624,2025-09-17,Grocery,70.5,17,0.1,Y,bank,1198.5,1078.65
1390,381,2025-03-16,Electronics,55.07,51,0.15,N,bank,2808.57,2387.28
1391,548,2025-11-01,Beauty,60.09,58,0.2,N,card,3485.22,2788.18
1392,285,2025-01-07,Electronics,109.48,15,0.0,N,card,1642.2,1642.2
1393,700,2025-05-02,Grocery,37.72,82,0.1,N,card,3093.04,2783.74
1394,82,2025-01-11,Fashion,106.91,51,0.0,N,wallet,5452.41,5452.41
1395,514,2025-12-14,Beauty,79.28,81,0.15,N,card,6421.68,5458.43
1396,709,2025-08-03,Electronics,99.67,41,0.1,N,card,4086.47,3677.82
1397,523,2025-10-06,Grocery,,24,0.15,N,card,2155.44,1832.12
1398,746,2025-01-28,Grocery,110.88,91,0.0,N,wallet,10090.08,10090.08
1399,386,2025-08-23,Fashion,85.29,96,0.0,Y,card,8187.84,8187.84
1400,707,2025-11-09,Fashion,91.98,78,0.0,Y,card,7174.44,7174.44
1401,471,2025-01-26,Grocery,85.26,36,0.0,N,card,3069.36,"₩3,069.36"
1402,119,2025-02-23,Beauty,110.02,75,0.05,N,card,8251.5,7838.92
1403,396,2025-01-29,Electronics,58.33,68,0.15,Y,card,3966.44,"₩3,371.47"
1404,532,2025-12-19,Electronics,44.21,37,,Y,card,1635.77,1553.98
1405,261,2025-06-13,Grocery,257.77,33,0.05,Y,card,8506.41,8081.09
1406,256,2025-09-27,Electronics,103.62,60,0.15,N,card,6217.2,5284.62
1407,734,2025-11-30,Beauty,103.65,30,0.15,Y,bank,3109.5,2643.08
1408,226,2025-02-04,Grocery,61.32,40,0.05,N,card,2452.8,2330.16
1409,53,2025-10-13,Grocery,235.18,84,0.0,N,card,19755.12,19755.12
1410,500,2025-12-14,Electronics,35.8,59,0.0,Y,bank,2112.2,2112.2
1411,506,2025-09-30,Electronics,38.97,49,0.05,N,bank,1909.53,1814.05
1412,364,2025-07-27,Grocery,61.53,77,0.1,N,card,4737.81,4264.03
1413,280,2025-08-26,Beauty,69.18,25,0.1,Y,card,1729.5,1556.55
1414,593,2025-04-03,Beauty,108.43,85,0.1,Y,card,9216.55,8294.9
1415,714,2025-06-22,Electronics,109.87,95,0.15,Y,card,10437.65,8872.0
1416,158,2025-03-20,Electronics,36.81,72,0.15,Y,wallet,2650.32,"₩2,252.77"
1417,632,2025-04-20,Electronics,,65,0.2,N,card,4413.5,3530.8
1418,59,2025-08-05,Beauty,70.39,89,0.15,Y,bank,6264.71,5325.0
1419,727,2025-12-24,Fashion,91.5,33,0.0,N,bank,3019.5,3019.5
1420,128,2025-04-16,Electronics,122.7,37,0.0,Y,card,4539.9,4539.9
1421,736,2025-02-16,Electronics,37.91,94,0.05,N,card,3563.54,3385.36
1422,721,2025-06-30,Fashion,57.12,98,0.1,Y,card,5597.76,5037.98
1423,115,2025-03-05,Beauty,21.77,40,0.1,N,bank,870.8,783.72
1424,209,2025-09-03,Fashion,,24,0.0,Y,card,2198.16,"₩2,198.16"
1425,526,2025-09-01,Electronics,79.57,51,0.15,Y,card,4058.07,3449.36
1426,521,2025-11-16,Fashion,69.49,59,0.0,Y,card,4099.91,4099.91
1427,552,2025-03-28,Fashion,114.42,95,0.15,Y,card,10869.9,9239.41
1428,237,2025-08-05,Electronics,126.4,14,0.05,Y,card,1769.6,1681.12
1429,281,2025-01-07,Electronics,122.82,57,0.0,N,card,7000.74,7000.74
1430,359,2025-10-05,Grocery,38.77,22,0.0,Y,,852.94,852.94
1431,201,2025-12-03,Electronics,58.16,41,0.0,N,bank,2384.56,2384.56
1432,758,2025-07-29,Electronics,80.7,76,,N,card,6133.2,6133.2
1433,278,2025-06-18,Fashion,63.52,88,0.1,N,card,5589.76,5030.78
1434,235,2025-11-26,Grocery,149.97,39,0.0,N,card,5848.83,5848.83
1435,494,2025-05-18,Grocery,123.67,15,0.15,N,bank,1855.05,1576.79
1436,4,2025-11-02,Grocery,67.88,34,0.0,Y,,2307.92,2307.92
1437,666,2025-08-18,Grocery,62.84,37,0.0,Y,card,2325.08,2325.08
1438,442,2025-11-04,Grocery,46.07,71,0.15,Y,card,3270.97,2780.32
1439,29,2025-06-10,Electronics,100.06,31,0.05,Y,card,3101.86,2946.77
1440,109,2025-01-01,Beauty,105.84,77,0.05,Y,card,8149.68,7742.2
1441,610,2025-08-24,Electronics,32.64,24,0.0,Y,card,783.36,783.36
1442,727,2025-07-07,Fashion,30.18,35,0.0,Y,bank,1056.3,1056.3
1443,75,2025-01-04,Grocery,38.83,72,0.05,Y,card,2795.76,2655.97
1444,146,2025-05-12,Fashion,137.96,27,0.05,N,card,3724.92,3538.67
1445,128,2025-08-06,Beauty,,82,0.0,Y,card,9972.84,9972.84
1446,42,2025-09-17,Fashion,81.57,72,0.05,Y,bank,5873.04,5579.39
1447,356,2025-01-01,Beauty,84.24,71,0.15,Y,card,5981.04,5083.88
1448,41,2025-03-12,Grocery,30.99,77,0.0,Y,bank,2386.23,2386.23
1449,34,2025-06-27,Beauty,176.53,57,0.15,Y,card,10062.21,8552.88
1450,17,2025-07-08,Beauty,134.82,59,0.0,Y,card,7954.38,"₩7,954.38"
1451,677,2025-10-18,Beauty,67.36,72,0.15,Y,card,4849.92,4122.43
1452,153,2025-01-08,Grocery,190.62,78,0.15,Y,card,14868.36,12638.11
1453,378,2025-09-10,Fashion,89.59,15,0.0,Y,card,1343.85,1343.85
1454,588,2025-10-19,Electronics,58.14,67,0.2,Y,wallet,3895.38,3116.3
1455,599,2025-09-01,Grocery,70.55,60,0.05,Y,bank,4233.0,4021.35
1456,629,2025-05-03,Beauty,39.24,21,0.0,N,card,824.04,824.04
1457,342,2025-10-26,Grocery,72.3,56,0.05,Y,card,4048.8,3846.36
1458,27,2025-10-10,Beauty,47.58,18,0.2,N,card,856.44,685.15
1459,287,2025-02-01,Grocery,67.77,16,0.15,N,card,1084.32,921.67
1460,646,2025-11-30,Electronics,106.71,38,0.0,Y,card,4054.98,4054.98
1461,731,2025-05-26,Electronics,42.53,87,0.05,N,card,3700.11,3515.1
1462,168,2025-06-05,Fashion,54.73,60,0.0,Y,wallet,3283.8,3283.8
1463,610,2025-01-16,Electronics,20.43,93,0.05,Y,bank,1899.99,1804.99
1464,268,2025-12-21,Grocery,46.65,64,0.05,Y,card,2985.6,2836.32
1465,749,2025-02-16,Beauty,118.66,68,0.0,N,card,8068.88,8068.88
1466,455,2025-09-08,Grocery,112.12,65,0.05,N,,7287.8,6923.41
1467,685,2025-07-06,Fashion,69.78,31,0.15,N,card,2163.18,1838.7
1468,401,2025-01-31,Electronics,86.27,27,0.05,Y,,2329.29,2212.83
1469,476,2025-09-17,Fashion,26.32,67,0.15,N,bank,1763.44,1498.92
1470,702,2025-01-17,Fashion,44.69,49,0.0,Y,card,2189.81,2189.81
1471,634,2025-02-08,Fashion,39.92,98,0.2,N,card,3912.16,3129.73
1472,558,2025-10-31,Electronics,104.84,40,0.0,N,,4193.6,4193.6
1473,576,2025-02-08,Fashion,50.27,65,0.05,N,card,3267.55,3104.17
1474,130,2025-05-12,Fashion,65.82,44,0.1,Y,card,2896.08,2606.47
1475,363,2025-01-30,Beauty,139.67,35,0.15,N,card,4888.45,4155.18
1476,705,2025-06-07,Electronics,49.16,77,0.0,Y,card,3785.32,3785.32
1477,693,2025-10-05,Electronics,30.86,93,0.05,Y,,2869.98,2726.48
1478,292,2025-07-22,Electronics,21.24,43,0.1,N,card,913.32,821.99
1479,371,2025-03-07,Fashion,125.61,85,0.0,Y,card,10676.85,10676.85
1480,794,2025-04-18,Grocery,44.21,25,0.1,Y,card,1105.25,994.72
1481,29,2025-09-25,Grocery,156.19,51,0.05,N,card,7965.69,7567.41
1482,149,2025-08-10,Fashion,67.32,14,0.05,N,card,942.48,895.36
1483,779,2025-10-19,Grocery,36.55,70,0.0,Y,card,2558.5,2558.5
1484,296,2025-01-18,Fashion,96.14,53,0.0,Y,bank,5095.42,5095.42
1485,11,2025-03-31,Grocery,96.16,44,0.15,N,card,4231.04,3596.38
1486,512,2025-06-30,Electronics,113.49,10,0.05,Y,card,1134.9,1078.16
1487,676,2025-09-12,Fashion,47.64,52,0.05,N,card,2477.28,"₩2,353.42"
1488,113,2025-09-10,Grocery,55.15,41,0.05,N,card,2261.15,"₩2,148.09"
1489,187,2025-09-14,Grocery,46.94,72,0.0,Y,card,3379.68,"₩3,379.68"
1490,744,2025-12-12,Grocery,92.06,42,0.05,Y,bank,3866.52,3673.19
1491,227,2025-03-28,Electronics,53.31,86,0.0,Y,card,4584.66,4584.66
1492,310,2025-03-31,Electronics,84.7,75,0.15,N,wallet,6352.5,5399.62
1493,98,2025-08-25,Beauty,31.99,39,0.2,N,bank,1247.61,998.09
1494,55,2025-03-11,Electronics,84.96,19,0.15,N,bank,1614.24,1372.1
1495,623,2025-02-13,Electronics,81.68,32,0.05,Y,card,2613.76,2483.07
1496,664,2025-07-19,Electronics,47.21,48,0.1,Y,card,2266.08,2039.47
1497,758,2025-06-01,Fashion,81.37,54,0.15,Y,card,4393.98,3734.88
1498,406,2025-03-27,Electronics,31.51,38,0.05,N,card,1197.38,1137.51
1499,69,2025-01-19,Fashion,56.46,39,0.1,N,card,2201.94,1981.75
1500,312,2025-04-11,Fashion,40.68,43,,Y,bank,1749.24,1574.32
1501,289,2025-04-05,Beauty,78.23,61,0.1,N,wallet,4772.03,"₩4,294.83"
1502,762,2025-09-11,Electronics,60.13,90,0.1,N,card,5411.7,4870.53
1503,548,2025-12-23,Fashion,100.75,31,0.1,N,,3123.25,2810.92
1504,751,2025-01-30,Grocery,43.8,14,0.1,Y,card,613.2,551.88
1505,148,2025-09-06,Grocery,52.33,20,0.15,Y,card,1046.6,889.61
1506,467,2025-02-02,Fashion,37.0,95,0.05,Y,card,3515.0,3339.25
1507,739,2025-08-17,Grocery,161.55,41,0.1,N,bank,6623.55,5961.2
1508,244,2025-01-12,Electronics,16.34,33,0.0,N,bank,539.22,539.22
1509,491,2025-04-28,Grocery,137.08,20,,N,wallet,2741.6,2330.36
1510,507,2025-12-16,Fashion,140.17,20,0.0,Y,card,2803.4,2803.4
1511,365,2025-06-04,Electronics,58.77,26,0.05,N,card,1528.02,1451.62
1512,482,2025-09-03,Beauty,49.73,41,0.15,Y,bank,2038.93,1733.09
1513,201,2025-11-28,Grocery,68.68,92,0.1,N,,6318.56,5686.7
1514,154,2025-09-04,Electronics,41.29,36,,Y,bank,1486.44,"₩1,486.44"
1515,450,2025-01-29,Electronics,,41,0.0,Y,card,2427.61,2427.61
1516,501,2025-06-10,Electronics,116.23,70,0.2,Y,wallet,8136.1,6508.88
1517,73,2025-08-23,Grocery,27.99,34,0.0,Y,card,951.66,951.66
1518,713,2025-07-09,Electronics,97.53,73,0.0,Y,wallet,7119.69,7119.69
1519,296,2025-04-27,Electronics,,73,0.1,Y,bank,4863.99,4377.59
1520,17,2025-09-28,Electronics,191.97,37,0.1,Y,card,7102.89,"₩6,392.60"
1521,641,2025-09-15,Grocery,72.78,49,,Y,wallet,3566.22,"₩3,209.60"
1522,217,2025-06-29,Grocery,44.49,23,0.1,N,card,1023.27,920.94
1523,61,2025-06-21,Grocery,56.86,51,0.15,Y,wallet,2899.86,2464.88
1524,616,2025-10-01,Electronics,58.81,48,0.15,N,card,2822.88,2399.45
1525,42,2025-09-16,Beauty,136.82,11,0.1,N,card,1505.02,"₩1,354.52"
1526,25,2025-05-15,Grocery,69.17,90,0.0,Y,card,6225.3,6225.3
1527,39,2025-06-20,Beauty,80.17,10,0.05,Y,card,801.7,761.62
1528,131,2025-07-29,Fashion,58.66,41,0.1,Y,wallet,2405.06,2164.55
1529,498,2025-08-24,Fashion,41.46,92,0.05,N,card,3814.32,3623.6
1530,229,2025-07-05,Grocery,29.04,73,0.0,N,bank,2119.92,2119.92
1531,108,2025-12-30,Electronics,141.71,87,0.05,Y,bank,12328.77,11712.33
1532,172,2025-04-05,Fashion,82.0,40,0.15,Y,card,3280.0,2788.0
1533,435,2025-01-11,Grocery,59.83,67,0.05,Y,card,4008.61,3808.18
1534,478,2025-03-09,Grocery,72.37,91,0.1,Y,card,6585.67,5927.1
1535,102,2025-07-29,Beauty,76.32,87,0.1,N,card,6639.84,5975.86
1536,524,2025-07-15,Grocery,108.01,23,0.05,Y,card,2484.23,2360.02
1537,275,2025-04-08,Electronics,39.61,97,0.05,Y,bank,3842.17,3650.06
1538,613,2025-04-03,Electronics,119.9,78,0.0,Y,bank,9352.2,9352.2
1539,44,2025-01-22,Fashion,56.91,25,0.05,N,card,1422.75,1351.61
1540,17,2025-06-21,Fashion,80.04,78,0.1,Y,wallet,6243.12,5618.81
1541,330,2025-05-14,Electronics,35.92,63,0.1,Y,card,2262.96,2036.66
1542,569,2025-01-25,Electronics,35.49,22,,Y,card,780.78,741.74
1543,497,2025-07-04,Grocery,35.35,89,0.0,Y,bank,3146.15,3146.15
1544,12,2025-03-26,Grocery,24.36,88,0.1,N,card,2143.68,1929.31
1545,318,2025-02-24,Beauty,85.38,40,0.0,Y,,3415.2,3415.2
1546,592,2025-09-08,Grocery,70.13,78,0.0,N,card,5470.14,5470.14
1547,216,2025-05-24,Grocery,,30,0.05,Y,card,1836.6,1744.77
1548,339,2025-12-17,Grocery,38.09,39,0.1,Y,card,1485.51,1336.96
1549,776,2025-06-16,Beauty,144.75,32,0.15,N,card,4632.0,"₩3,937.20"
1550,661,2025-08-12,Grocery,19.98,47,0.2,Y,card,939.06,751.25
1551,81,2025-08-08,Beauty,98.48,38,0.0,N,card,3742.24,3742.24
1552,727,2025-06-28,Beauty,37.83,86,0.0,Y,card,3253.38,3253.38
1553,485,2025-04-29,Beauty,,41,0.1,N,bank,3881.88,3493.69
1554,374,2025-09-22,Fashion,125.45,71,0.15,Y,card,8906.95,7570.91
1555,710,2025-05-30,Electronics,,54,0.0,Y,card,2619.0,"₩2,619.00"
1556,200,2025-08-03,Electronics,32.57,58,0.05,Y,card,1889.06,1794.61
1557,537,2025-07-16,Electronics,35.88,42,0.05,Y,card,1506.96,1431.61
1558,466,2025-02-11,Electronics,71.25,13,0.1,N,card,926.25,833.62
1559,89,2025-02-22,Electronics,71.31,27,0.0,Y,,1925.37,1925.37
1560,268,2025-11-26,Fashion,46.31,79,0.2,N,card,3658.49,2926.79
1561,655,2025-09-08,Fashion,188.27,73,0.05,Y,card,13743.71,13056.52
1562,571,2025-10-22,Grocery,,37,0.0,Y,card,3324.45,"₩3,324.45"
1563,489,2025-09-28,Electronics,45.33,67,0.0,N,card,3037.11,3037.11
1564,538,2025-05-03,Grocery,96.52,99,0.0,N,bank,9555.48,9555.48
1565,47,2025-12-05,Grocery,34.95,65,0.1,Y,bank,2271.75,2044.58
1566,288,2025-09-23,Grocery,181.96,29,0.1,N,card,5276.84,4749.16
1567,778,2025-12-14,Beauty,63.96,86,,N,card,5500.56,5500.56
1568,16,2025-01-29,Electronics,54.31,43,0.05,N,card,2335.33,2218.56
1569,711,2025-02-04,Electronics,106.34,96,0.1,N,bank,10208.64,9187.78
1570,401,2025-01-06,Fashion,55.86,19,0.05,N,card,1061.34,1008.27
1571,794,2025-04-21,Electronics,89.7,31,0.05,N,bank,2780.7,"₩2,641.66"
1572,86,2025-10-21,Grocery,107.46,14,0.05,N,card,1504.44,1429.22
1573,250,2025-03-18,Fashion,55.52,53,0.0,Y,card,2942.56,2942.56
1574,391,2025-12-15,Fashion,105.86,18,0.05,Y,card,1905.48,1810.21
1575,782,2025-05-27,Electronics,68.3,52,0.0,N,card,3551.6,3551.6
1576,335,2025-03-08,Fashion,91.61,13,0.05,N,card,1190.93,1131.38
1577,629,2025-01-08,Grocery,81.96,51,0.15,Y,card,4179.96,3552.97
1578,519,2025-05-02,Grocery,143.95,74,0.0,N,card,10652.3,10652.3
1579,137,2025-12-06,Electronics,31.97,50,0.0,Y,,1598.5,1598.5
1580,688,2025-06-24,Electronics,80.01,73,0.1,Y,bank,5840.73,5256.66
1581,498,2025-06-28,Electronics,37.86,64,0.0,Y,wallet,2423.04,2423.04
1582,727,2025-03-26,Electronics,137.26,99,0.0,Y,card,13588.74,13588.74
1583,477,2025-02-14,Beauty,56.69,27,,N,card,1530.63,1454.1
1584,594,2025-05-16,Electronics,73.23,25,0.15,Y,card,1830.75,1556.14
1585,223,2025-12-09,Grocery,40.48,96,0.0,N,bank,3886.08,3886.08
1586,372,2025-01-16,Beauty,60.55,55,0.15,Y,card,3330.25,2830.71
1587,402,2025-11-29,Electronics,29.5,45,0.1,N,card,1327.5,1194.75
1588,443,2025-07-14,Fashion,17.85,99,0.1,N,card,1767.15,1590.44
1589,490,2025-01-09,Beauty,93.36,75,0.1,Y,card,7002.0,6301.8
1590,615,2025-11-12,Grocery,59.89,53,0.0,Y,card,3174.17,3174.17
1591,273,2025-11-30,Fashion,75.02,14,0.0,Y,card,1050.28,1050.28
1592,526,2025-11-29,Grocery,69.16,38,,Y,card,2628.08,2628.08
1593,159,2025-11-23,Grocery,55.52,13,0.0,Y,card,721.76,721.76
1594,152,2025-01-15,Fashion,95.87,95,0.2,N,card,9107.65,7286.12
1595,620,2025-11-23,Beauty,131.63,58,0.05,N,card,7634.54,7252.81
1596,188,2025-04-12,Fashion,38.88,81,0.05,Y,card,3149.28,2991.82
1597,98,2025-08-14,Fashion,89.22,94,0.1,N,,8386.68,7548.01
1598,131,2025-10-05,Beauty,70.21,17,0.2,Y,card,1193.57,₩954.86
1599,171,2025-04-23,Grocery,111.71,61,0.2,Y,card,6814.31,"₩5,451.45"
1600,183,2025-01-01,Fashion,27.39,78,0.1,N,bank,2136.42,1922.78
1601,364,2025-09-23,Electronics,,30,0.05,Y,card,1024.5,973.28
1602,39,2025-07-27,Grocery,70.68,36,0.0,Y,card,2544.48,2544.48
1603,527,2025-04-20,Grocery,115.7,47,0.0,Y,card,5437.9,5437.9
1604,497,2025-07-19,Grocery,113.22,14,0.0,N,bank,1585.08,1585.08
1605,516,2025-11-02,Beauty,95.37,94,0.0,N,card,8964.78,8964.78
1606,349,2025-01-12,Beauty,73.21,70,0.15,N,,5124.7,4356.0
1607,397,2025-12-11,Fashion,82.21,17,0.15,N,,1397.57,1187.93
1608,722,2025-07-07,Electronics,64.4,95,,Y,card,6118.0,5506.2
1609,161,2025-06-03,Fashion,87.87,27,0.1,Y,card,2372.49,2135.24
1610,16,2025-11-30,Grocery,82.53,13,0.05,N,card,1072.89,1019.25
1611,493,2025-10-06,Grocery,93.17,13,0.0,Y,bank,1211.21,1211.21
1612,426,2025-06-20,Fashion,135.95,46,0.15,Y,card,6253.7,5315.64
1613,108,2025-05-14,Fashion,27.89,24,0.0,Y,bank,669.36,669.36
1614,450,2025-01-25,Fashion,47.42,47,0.1,N,card,2228.74,2005.87
1615,311,2025-01-18,Fashion,77.87,36,0.0,Y,card,2803.32,2803.32
1616,739,2025-07-09,Fashion,78.86,94,0.15,N,wallet,7412.84,6300.91
1617,170,2025-05-21,Electronics,68.96,57,0.1,Y,bank,3930.72,3537.65
1618,546,2025-02-12,Fashion,68.33,55,0.1,N,card,3758.15,3382.34
1619,414,2025-11-30,Fashion,183.71,55,0.0,Y,,10104.05,10104.05
1620,251,2025-10-11,Grocery,92.04,57,0.05,N,bank,5246.28,4983.97
1621,759,2025-05-26,Electronics,20.22,68,0.05,Y,wallet,1374.96,1306.21
1622,781,2025-11-11,Grocery,42.7,13,0.0,Y,bank,555.1,555.1
1623,141,2025-11-15,Grocery,139.24,84,0.15,Y,bank,11696.16,9941.74
1624,274,2025-04-02,Grocery,32.24,28,0.15,Y,card,902.72,767.31
1625,416,2025-06-28,Grocery,66.63,66,0.05,N,wallet,4397.58,"₩4,177.70"
1626,608,2025-02-25,Fashion,115.91,28,0.0,N,card,3245.48,3245.48
1627,739,2025-06-04,Fashion,66.66,51,0.15,N,card,3399.66,2889.71
1628,39,2025-06-09,Beauty,115.53,14,0.0,Y,wallet,1617.42,"₩1,617.42"
1629,29,2025-04-21,Grocery,81.98,57,0.0,N,card,4672.86,4672.86
1630,477,2025-05-17,Beauty,86.67,34,0.0,N,card,2946.78,2946.78
1631,318,2025-08-20,Grocery,29.34,76,0.0,N,card,2229.84,2229.84
1632,245,2025-08-08,Electronics,62.95,35,0.05,Y,bank,2203.25,2093.09
1633,748,2025-03-09,Electronics,47.23,83,0.0,N,card,3920.09,"₩3,920.09"
1634,697,2025-10-29,Grocery,84.76,97,0.1,N,card,8221.72,7399.55
1635,272,2025-09-06,Fashion,175.02,71,0.1,Y,card,12426.42,11183.78
1636,440,2025-11-19,Fashion,97.83,16,0.05,Y,card,1565.28,"₩1,487.02"
1637,748,2025-01-06,Grocery,112.53,53,0.05,Y,bank,5964.09,5665.89
1638,239,2025-10-07,Fashion,50.97,96,0.15,N,card,4893.12,4159.15
1639,377,2025-04-04,Fashion,103.64,36,,Y,card,3731.04,3357.94
1640,266,2025-09-26,Grocery,31.19,51,0.0,Y,card,1590.69,"₩1,590.69"
1641,359,2025-07-16,Grocery,,82,0.05,N,card,5374.28,"₩5,105.57"
1642,340,2025-01-25,Fashion,109.21,65,0.0,N,card,7098.65,7098.65
1643,389,2025-05-28,Grocery,76.86,12,0.0,N,card,922.32,922.32
1644,577,2025-04-28,Beauty,108.45,22,0.2,Y,card,2385.9,"₩1,908.72"
1645,689,2025-12-04,Fashion,154.92,79,,N,card,12238.68,12238.68
1646,3,2025-12-04,Electronics,95.78,68,,Y,wallet,6513.04,5861.74
1647,429,2025-03-07,Electronics,67.56,47,0.0,Y,card,3175.32,3175.32
1648,142,2025-10-28,Fashion,50.83,94,0.15,Y,card,4778.02,4061.32
1649,376,2025-06-24,Fashion,55.38,92,0.0,N,card,5094.96,5094.96
1650,670,2025-11-15,Beauty,69.13,98,0.0,N,card,6774.74,6774.74
1651,324,2025-03-17,Grocery,102.34,77,0.05,Y,wallet,7880.18,7486.17
1652,146,2025-04-24,Grocery,120.44,95,0.05,Y,card,11441.8,"₩10,869.71"
1653,293,2025-04-21,Beauty,44.42,78,0.05,N,card,3464.76,3291.52
1654,665,2025-09-06,Beauty,71.36,10,0.05,Y,wallet,713.6,677.92
1655,432,2025-07-22,Fashion,21.29,59,0.0,Y,card,1256.11,1256.11
1656,705,2025-05-27,Electronics,42.08,90,0.05,Y,card,3787.2,3597.84
1657,585,2025-02-04,Grocery,82.67,82,0.05,Y,card,6778.94,6439.99
1658,399,2025-11-05,Fashion,113.0,18,0.1,Y,card,2034.0,1830.6
1659,344,2025-01-26,Fashion,113.73,62,0.0,N,card,7051.26,7051.26
1660,140,2025-08-26,Grocery,177.11,97,0.1,Y,bank,17179.67,"₩15,461.70"
1661,187,2025-01-14,Beauty,49.91,19,0.15,N,card,948.29,806.05
1662,61,2025-02-14,Fashion,51.34,93,0.1,N,bank,4774.62,4297.16
1663,380,2025-08-04,Grocery,72.37,90,0.0,Y,wallet,6513.3,6513.3
1664,710,2025-08-21,Fashion,66.1,86,0.05,N,card,5684.6,5400.37
1665,440,2025-07-12,Grocery,108.02,38,0.05,Y,card,4104.76,3899.52
1666,319,2025-02-20,Electronics,73.44,45,0.0,N,,3304.8,3304.8
1667,302,2025-08-02,Beauty,88.18,96,0.05,N,,8465.28,8042.02
1668,344,2025-05-31,Electronics,73.98,36,0.05,N,card,2663.28,2530.12
1669,11,2025-10-02,Grocery,70.5,27,,N,wallet,1903.5,"₩1,903.50"
1670,62,2025-12-04,Electronics,40.65,27,0.0,Y,card,1097.55,1097.55
1671,226,2025-03-17,Fashion,65.76,18,0.0,N,card,1183.68,1183.68
1672,153,2025-08-08,Fashion,55.89,76,0.0,Y,card,4247.64,4247.64
1673,711,2025-12-14,Fashion,184.54,16,0.0,N,bank,2952.64,2952.64
1674,564,2025-07-06,Electronics,168.7,67,0.0,Y,wallet,11302.9,"₩11,302.90"
1675,772,2025-10-16,Fashion,86.26,88,0.0,N,card,7590.88,7590.88
1676,571,2025-01-28,Grocery,85.98,39,0.15,Y,card,3353.22,2850.24
1677,584,2025-06-29,Grocery,72.77,82,0.1,Y,card,5967.14,5370.43
1678,660,2025-09-10,Electronics,74.5,70,0.05,Y,card,5215.0,4954.25
1679,575,2025-05-06,Grocery,88.96,91,0.15,Y,card,8095.36,6881.06
1680,310,2025-06-26,Electronics,123.67,26,0.0,Y,card,3215.42,3215.42
1681,243,2025-02-06,Fashion,131.32,62,0.05,Y,card,8141.84,7734.75
1682,493,2025-04-09,Fashion,71.99,15,0.0,Y,bank,1079.85,1079.85
1683,366,2025-04-08,Grocery,126.58,48,0.15,Y,card,6075.84,5164.46
1684,330,2025-05-07,Fashion,29.62,34,0.0,Y,card,1007.08,1007.08
1685,107,2025-06-17,Beauty,31.71,51,0.0,Y,card,1617.21,1617.21
1686,226,2025-03-21,Fashion,71.06,51,0.0,N,card,3624.06,3624.06
1687,218,2025-10-21,Electronics,39.66,68,0.15,N,card,2696.88,2292.35
1688,753,2025-11-29,Fashion,90.83,47,0.0,Y,card,4269.01,4269.01
1689,506,2025-05-06,Beauty,93.22,40,0.0,Y,card,3728.8,3728.8
1690,259,2025-12-09,Grocery,41.88,38,0.0,Y,card,1591.44,1591.44
1691,774,2025-11-06,Grocery,204.32,18,0.15,N,card,3677.76,3126.1
1692,517,2025-05-30,Beauty,131.18,10,0.05,Y,card,1311.8,1246.21
1693,773,2025-01-16,Beauty,50.76,89,0.1,N,card,4517.64,4065.88
1694,54,2025-01-28,Grocery,28.87,96,0.05,Y,card,2771.52,2632.94
1695,47,2025-06-22,Electronics,58.26,81,0.05,Y,card,4719.06,4483.11
1696,727,2025-02-15,Grocery,93.08,56,,N,card,5212.48,"₩5,212.48"
1697,689,2025-11-24,Electronics,62.77,85,,Y,bank,5335.45,5068.68
1698,521,2025-08-24,Grocery,16.73,19,0.15,Y,card,317.87,₩270.19
1699,99,2025-08-02,Grocery,,25,0.1,N,card,1458.0,1312.2
1700,20,2025-03-26,Grocery,162.44,56,0.2,Y,card,9096.64,7277.31
1701,753,2025-10-09,Fashion,87.43,52,0.1,Y,bank,4546.36,4091.72
1702,573,2025-08-20,Grocery,41.08,33,0.05,Y,card,1355.64,1287.86
1703,490,2025-03-26,Beauty,29.88,17,0.1,N,,507.96,457.16
1704,419,2025-03-06,Electronics,26.48,84,0.1,N,card,2224.32,2001.89
1705,690,2025-05-14,Fashion,39.36,35,0.0,Y,card,1377.6,1377.6
1706,62,2025-05-31,Grocery,42.45,16,,N,card,679.2,679.2
1707,145,2025-04-25,Beauty,89.65,88,0.05,Y,wallet,7889.2,7494.74
1708,216,2025-03-05,Electronics,33.65,24,0.0,Y,wallet,807.6,807.6
1709,3,2025-12-09,Electronics,205.48,57,0.0,Y,card,11712.36,11712.36
1710,160,2025-12-29,Electronics,44.93,12,0.15,N,card,539.16,₩458.29
1711,739,2025-12-18,Electronics,115.27,25,,N,bank,2881.75,2449.49
1712,781,2025-06-07,Beauty,191.22,88,0.05,Y,card,16827.36,15985.99
1713,120,2025-03-18,Grocery,33.83,98,0.05,Y,wallet,3315.34,3149.57
1714,89,2025-05-26,Grocery,116.55,23,0.0,N,card,2680.65,2680.65
1715,329,2025-12-09,Fashion,78.54,97,0.05,N,card,7618.38,7237.46
1716,580,2025-08-13,Grocery,40.46,84,0.05,N,card,3398.64,3228.71
1717,357,2025-11-09,Electronics,57.52,12,0.1,Y,,690.24,621.22
1718,610,2025-04-13,Fashion,81.53,82,0.15,N,bank,6685.46,5682.64
1719,267,2025-12-13,Fashion,104.23,79,0.0,N,bank,8234.17,8234.17
1720,617,2025-10-28,Electronics,70.95,40,0.0,N,wallet,2838.0,2838.0
1721,323,2025-03-29,Fashion,91.16,89,0.05,Y,card,8113.24,7707.58
1722,635,2025-10-30,Fashion,136.47,84,0.05,N,card,11463.48,10890.31
1723,541,2025-06-17,Electronics,40.58,26,0.0,N,card,1055.08,1055.08
1724,649,2025-06-19,Electronics,93.29,58,,Y,card,5410.82,4599.2
1725,195,2025-05-15,Grocery,41.61,12,0.2,N,wallet,499.32,399.46
1726,738,2025-02-19,Electronics,,92,0.15,N,bank,9819.16,8346.29
1727,332,2025-12-06,Beauty,57.81,97,0.15,Y,wallet,5607.57,4766.43
1728,170,2025-12-13,Electronics,102.7,64,,N,card,6572.8,5258.24
1729,521,2025-05-14,Grocery,,81,0.15,Y,card,5586.57,4748.58
1730,463,2025-12-13,Beauty,54.07,49,0.1,Y,card,2649.43,2384.49
1731,40,2025-05-17,Beauty,55.71,75,0.0,Y,card,4178.25,4178.25
1732,537,2025-09-02,Beauty,15.26,96,,Y,card,1464.96,1464.96
1733,261,2025-04-19,Fashion,67.83,49,0.0,N,card,3323.67,3323.67
1734,395,2025-11-09,Fashion,91.42,39,0.05,Y,bank,3565.38,3387.11
1735,226,2025-10-14,Fashion,120.08,34,0.15,N,card,4082.72,3470.31
1736,124,2025-01-21,Electronics,128.19,16,0.05,Y,bank,2051.04,1948.49
1737,38,2025-03-31,Electronics,63.72,59,0.05,N,card,3759.48,"₩3,571.51"
1738,328,2025-10-23,Beauty,129.0,90,0.0,Y,wallet,11610.0,"₩11,610.00"
1739,251,2025-04-22,Grocery,,10,0.0,Y,card,1675.1,1675.1
1740,176,2025-10-28,Grocery,34.3,53,0.05,Y,card,1817.9,1727.0
1741,602,2025-03-18,Beauty,52.56,58,0.0,Y,bank,3048.48,3048.48
1742,454,2025-06-26,Grocery,182.47,16,0.0,N,card,2919.52,2919.52
1743,37,2025-12-09,Grocery,109.16,12,0.05,N,card,1309.92,"₩1,244.42"
1744,316,2025-05-28,Grocery,61.72,10,0.05,N,wallet,617.2,586.34
1745,688,2025-04-11,Electronics,68.76,60,0.0,N,card,4125.6,4125.6
1746,796,2025-09-03,Fashion,115.45,47,0.1,N,card,5426.15,4883.54
1747,593,2025-04-27,Beauty,45.77,52,0.05,Y,card,2380.04,2261.04
1748,114,2025-04-02,Beauty,69.85,64,0.0,Y,card,4470.4,4470.4
1749,40,2025-01-28,Beauty,93.09,66,0.1,N,card,6143.94,5529.55
1750,301,2025-01-25,Fashion,83.42,62,0.05,Y,card,5172.04,4913.44
1751,224,2025-02-27,Beauty,87.65,42,0.0,Y,bank,3681.3,3681.3
1752,318,2025-10-24,Electronics,29.39,89,0.15,Y,card,2615.71,2223.35
1753,349,2025-05-14,Electronics,84.71,71,0.05,Y,bank,6014.41,5713.69
1754,115,2025-11-27,Fashion,45.15,20,0.05,Y,card,903.0,857.85
1755,698,2025-09-06,Fashion,42.97,81,,Y,bank,3480.57,2958.48
1756,323,2025-02-07,Fashion,128.76,61,0.15,Y,wallet,7854.36,6676.21
1757,568,2025-03-16,Fashion,96.07,10,0.0,Y,bank,960.7,960.7
1758,40,2025-05-22,Electronics,60.8,23,0.15,Y,card,1398.4,1188.64
1759,40,2025-11-18,Fashion,80.51,94,0.15,Y,card,7567.94,"₩6,432.75"
1760,749,2025-06-17,Grocery,90.35,30,0.0,Y,card,2710.5,2710.5
1761,289,2025-09-16,Grocery,89.45,43,0.1,N,card,3846.35,3461.72
1762,262,2025-12-21,Electronics,105.6,99,0.0,N,card,10454.4,10454.4
1763,216,2025-08-13,Fashion,127.02,23,0.05,N,bank,2921.46,2775.39
1764,147,2025-06-01,Grocery,91.01,49,,Y,,4459.49,4013.54
1765,336,2025-01-19,Fashion,106.32,44,0.05,Y,card,4678.08,4444.18
1766,168,2025-05-26,Fashion,25.14,51,0.15,N,card,1282.14,"₩1,089.82"
1767,92,2025-08-29,Grocery,103.96,91,0.15,Y,wallet,9460.36,8041.31
1768,353,2025-12-10,Beauty,85.07,29,0.15,Y,card,2467.03,2096.98
1769,571,2025-08-25,Electronics,106.36,69,0.0,N,card,7338.84,7338.84
1770,571,2025-02-04,Fashion,65.32,18,0.0,N,bank,1175.76,1175.76
1771,681,2025-07-09,Fashion,141.71,42,0.15,Y,card,5951.82,5059.05
1772,781,2025-01-01,Grocery,34.53,58,0.0,Y,wallet,2002.74,2002.74
1773,363,2025-06-02,Electronics,93.78,77,0.05,N,bank,7221.06,6860.01
1774,557,2025-05-06,Electronics,93.85,13,0.15,Y,card,1220.05,1037.04
1775,345,2025-12-11,Fashion,58.29,57,0.0,N,card,3322.53,3322.53
1776,693,2025-08-14,Beauty,58.81,25,0.0,N,wallet,1470.25,1470.25
1777,170,2025-08-09,Grocery,108.76,56,,N,card,6090.56,"₩5,786.03"
1778,356,2025-07-30,Grocery,39.12,35,0.0,Y,card,1369.2,1369.2
1779,191,2025-01-25,Grocery,64.62,79,0.05,Y,card,5104.98,4849.73
1780,667,2025-01-16,Electronics,17.82,46,0.0,N,card,819.72,₩819.72
1781,422,2025-07-01,Beauty,66.06,31,0.0,Y,wallet,2047.86,2047.86
1782,700,2025-11-25,Grocery,29.89,16,0.15,Y,card,478.24,₩406.50
1783,7,2025-05-09,Fashion,218.45,51,0.05,Y,card,11140.95,10583.9
1784,133,2025-02-11,Grocery,138.97,39,0.1,Y,wallet,5419.83,4877.85
1785,747,2025-12-02,Grocery,52.99,83,0.0,N,card,4398.17,4398.17
1786,557,2025-08-24,Grocery,30.19,88,0.1,N,card,2656.72,2391.05
1787,761,2025-12-26,Electronics,92.62,15,0.2,N,wallet,1389.3,1111.44
1788,31,2025-02-03,Beauty,66.48,33,0.05,N,card,2193.84,2084.15
1789,535,2025-12-11,Beauty,52.4,75,0.1,Y,wallet,3930.0,3537.0
1790,426,2025-02-14,Fashion,73.64,49,0.0,Y,card,3608.36,3608.36
1791,394,2025-05-14,Electronics,68.89,24,0.05,Y,card,1653.36,1570.69
1792,672,2025-01-21,Electronics,122.03,62,0.15,Y,card,7565.86,6430.98
1793,363,2025-05-02,Beauty,46.28,94,0.15,Y,wallet,4350.32,3697.77
1794,437,2025-03-11,Grocery,24.27,91,0.05,N,card,2208.57,2098.14
1795,670,2025-12-18,Fashion,111.68,14,0.15,Y,,1563.52,1328.99
1796,551,2025-12-27,Fashion,84.96,98,0.0,N,card,8326.08,"₩8,326.08"
1797,82,2025-02-17,Fashion,41.03,45,0.1,N,card,1846.35,"₩1,661.72"
1798,356,2025-02-08,Grocery,41.32,83,0.0,Y,card,3429.56,3429.56
1799,258,2025-10-14,Fashion,40.29,55,0.1,Y,card,2215.95,1994.35
1800,718,2025-01-10,Beauty,64.65,32,0.0,N,bank,2068.8,2068.8
1801,589,2025-01-30,Grocery,182.16,97,0.15,N,bank,17669.52,15019.09
1802,524,2025-09-01,Grocery,138.91,54,0.1,N,card,7501.14,6751.03
1803,295,2025-10-01,Fashion,56.17,19,0.0,Y,card,1067.23,"₩1,067.23"
1804,224,2025-03-29,Electronics,153.36,63,0.1,Y,card,9661.68,8695.51
1805,525,2025-09-01,Fashion,41.55,79,0.1,Y,wallet,3282.45,2954.2
1806,46,2025-11-25,Fashion,61.6,86,0.0,Y,card,5297.6,"₩5,297.60"
1807,667,2025-01-15,Electronics,66.52,94,0.0,Y,card,6252.88,6252.88
1808,113,2025-01-04,Beauty,204.38,41,0.05,N,card,8379.58,7960.6
1809,233,2025-07-10,Fashion,32.76,52,0.0,Y,wallet,1703.52,1703.52
1810,17,2025-06-17,Electronics,102.23,24,0.05,N,card,2453.52,"₩2,330.84"
1811,360,2025-01-09,Electronics,56.53,75,0.05,Y,bank,4239.75,"₩4,027.76"
1812,223,2025-04-19,Fashion,71.86,24,0.05,Y,card,1724.64,"₩1,638.41"
1813,700,2025-05-17,Beauty,42.75,90,0.05,Y,card,3847.5,3655.12
1814,448,2025-06-03,Fashion,68.33,29,0.2,Y,card,1981.57,1585.26
1815,365,2025-07-28,Fashion,133.93,59,0.1,N,bank,7901.87,7111.68
1816,675,2025-09-29,Grocery,17.32,15,0.1,Y,card,259.8,233.82
1817,326,2025-05-23,Fashion,71.24,88,0.05,N,card,6269.12,5955.66
1818,467,2025-04-09,Electronics,22.8,26,0.0,N,card,592.8,₩592.80
1819,414,2025-11-04,Electronics,123.93,35,0.0,N,card,4337.55,4337.55
1820,455,2025-03-10,Fashion,20.4,31,0.1,Y,card,632.4,569.16
1821,586,2025-09-04,Electronics,38.9,82,0.05,Y,card,3189.8,3030.31
1822,233,2025-09-18,Electronics,,73,0.0,Y,card,9713.38,9713.38
1823,224,2025-10-03,Grocery,58.35,85,0.15,N,card,4959.75,4215.79
1824,412,2025-03-20,Electronics,61.21,95,0.05,N,card,5814.95,5524.2
1825,572,2025-05-26,Grocery,64.39,67,0.15,Y,card,4314.13,3667.01
1826,335,2025-04-21,Grocery,65.19,96,0.15,N,card,6258.24,5319.5
1827,222,2025-09-15,Fashion,53.55,46,0.0,N,card,2463.3,2463.3
1828,37,2025-04-03,Fashion,157.86,87,0.15,N,card,13733.82,11673.75
1829,278,2025-01-13,Electronics,148.08,97,0.0,Y,bank,14363.76,14363.76
1830,196,2025-09-17,Grocery,61.68,81,0.2,Y,card,4996.08,3996.86
1831,484,2025-04-19,Grocery,31.28,99,0.05,Y,card,3096.72,2941.88
1832,242,2025-11-26,Grocery,96.07,37,0.1,N,bank,3554.59,3199.13
1833,324,2025-07-08,Electronics,69.89,95,0.1,Y,card,6639.55,5975.6
1834,731,2025-04-05,Beauty,57.84,58,0.05,Y,bank,3354.72,3186.98
1835,192,2025-04-15,Electronics,56.77,82,0.1,Y,card,4655.14,4189.63
1836,17,2025-01-08,Fashion,66.23,76,0.15,Y,card,5033.48,4278.46
1837,524,2025-03-08,Fashion,35.12,98,0.15,Y,card,3441.76,2925.5
1838,401,2025-07-10,Electronics,49.43,85,,N,wallet,4201.55,3781.4
1839,705,2025-09-13,Fashion,24.08,76,0.1,N,card,1830.08,"₩1,647.07"
1840,22,2025-01-09,Grocery,99.51,50,0.0,Y,wallet,4975.5,4975.5
1841,474,2025-04-27,Grocery,201.75,55,,N,card,11096.25,9431.81
1842,120,2025-09-24,Beauty,211.92,96,0.1,N,,20344.32,18309.89
1843,210,2025-04-09,Fashion,84.33,96,0.15,Y,card,8095.68,6881.33
1844,306,2025-10-25,Grocery,46.17,64,0.1,N,card,2954.88,2659.39
1845,270,2025-06-13,Electronics,82.84,91,0.0,Y,bank,7538.44,7538.44
1846,704,2025-05-21,Fashion,163.44,20,0.0,N,bank,3268.8,3268.8
1847,687,2025-09-25,Electronics,111.36,35,0.0,N,card,3897.6,3897.6
1848,285,2025-02-06,Fashion,58.33,81,0.05,N,card,4724.73,"₩4,488.49"
1849,716,2025-03-15,Fashion,60.01,91,0.0,Y,card,5460.91,5460.91
1850,676,2025-03-14,Fashion,23.53,22,0.1,N,card,517.66,465.89
1851,763,2025-11-04,Grocery,89.95,45,0.0,N,bank,4047.75,4047.75
1852,227,2025-07-18,Beauty,124.17,73,0.05,N,card,9064.41,8611.19
1853,381,2025-05-10,Fashion,65.32,60,0.0,N,card,3919.2,3919.2
1854,460,2025-09-03,Beauty,44.29,85,0.05,N,bank,3764.65,3576.42
1855,7,2025-11-08,Grocery,135.52,31,0.0,Y,card,4201.12,4201.12
1856,29,2025-03-01,Fashion,132.34,69,0.1,Y,card,9131.46,8218.31
1857,33,2025-10-06,Grocery,45.25,11,0.0,N,,497.75,497.75
1858,646,2025-04-13,Electronics,46.04,65,0.0,N,bank,2992.6,2992.6
1859,79,2025-10-23,Grocery,120.74,49,0.15,Y,card,5916.26,5028.82
1860,459,2025-11-16,Grocery,65.96,37,0.0,Y,card,2440.52,2440.52
1861,570,2025-12-07,Beauty,70.33,86,0.15,Y,bank,6048.38,"₩5,141.12"
1862,538,2025-05-31,Grocery,86.84,12,0.2,Y,card,1042.08,833.66
1863,482,2025-06-06,Grocery,81.42,72,0.05,Y,card,5862.24,5569.13
1864,430,2025-07-25,Grocery,37.51,32,0.05,Y,card,1200.32,"₩1,140.30"
1865,738,2025-06-28,Fashion,39.54,64,0.05,Y,bank,2530.56,2404.03
1866,285,2025-07-16,Fashion,111.17,41,0.05,Y,bank,4557.97,4330.07
1867,516,2025-08-11,Fashion,52.94,93,,N,card,4923.42,4677.25
1868,99,2025-03-30,Fashion,124.62,37,0.0,Y,card,4610.94,4610.94
1869,397,2025-10-14,Electronics,123.95,17,0.05,Y,card,2107.15,2001.79
1870,489,2025-10-03,Beauty,56.55,12,0.15,N,card,678.6,576.81
1871,39,2025-08-24,Fashion,70.75,98,0.0,N,wallet,6933.5,6933.5
1872,271,2025-07-02,Beauty,93.92,62,,Y,,5823.04,5240.74
1873,797,2025-07-28,Grocery,71.14,38,0.1,N,card,2703.32,2432.99
1874,157,2025-05-10,Grocery,77.36,98,0.0,Y,card,7581.28,7581.28
1875,75,2025-06-02,Beauty,113.35,90,0.0,Y,card,10201.5,10201.5
1876,800,2025-01-13,Fashion,84.73,68,0.05,Y,card,5761.64,5473.56
1877,130,2025-05-02,Beauty,39.22,33,0.1,N,wallet,1294.26,1164.83
1878,687,2025-12-25,Fashion,166.22,47,0.0,Y,card,7812.34,7812.34
1879,84,2025-08-08,Fashion,48.29,37,0.1,N,card,1786.73,1608.06
1880,22,2025-04-16,Fashion,57.67,71,0.1,Y,card,4094.57,3685.11
1881,459,2025-03-11,Fashion,95.27,60,0.15,Y,card,5716.2,4858.77
1882,539,2025-07-14,Grocery,78.44,16,,Y,wallet,1255.04,1255.04
1883,707,2025-07-05,Fashion,20.68,32,,Y,card,661.76,628.67
1884,382,2025-04-09,Fashion,93.16,55,0.0,Y,card,5123.8,5123.8
1885,748,2025-03-23,Beauty,47.54,99,0.0,N,card,4706.46,4706.46
1886,440,2025-03-16,Grocery,56.71,87,0.0,Y,bank,4933.77,"₩4,933.77"
1887,604,2025-12-06,Fashion,41.75,37,0.1,N,wallet,1544.75,1390.28
1888,21,2025-07-11,Grocery,80.3,33,0.2,Y,card,2649.9,2119.92
1889,303,2025-11-21,Grocery,46.64,16,0.0,N,bank,746.24,746.24
1890,84,2025-08-02,Beauty,170.44,88,0.05,N,card,14998.72,14248.78
1891,774,2025-11-11,Fashion,116.05,58,0.0,N,card,6730.9,6730.9
1892,659,2025-11-14,Electronics,121.97,12,0.1,N,wallet,1463.64,1317.28
1893,453,2025-05-24,Fashion,57.56,11,0.05,Y,card,633.16,601.5
1894,387,2025-08-04,Fashion,,16,0.05,Y,bank,2981.12,2832.06
1895,507,2025-12-27,Beauty,70.31,89,0.05,N,card,6257.59,5944.71
1896,257,2025-11-20,Fashion,78.7,30,0.1,Y,card,2361.0,"₩2,124.90"
1897,570,2025-01-15,Beauty,67.29,18,0.0,Y,card,1211.22,1211.22
1898,527,2025-08-05,Fashion,82.97,21,0.05,N,bank,1742.37,1655.25
1899,162,2025-02-04,Beauty,164.93,33,0.05,Y,card,5442.69,5170.56
1900,163,2025-07-02,Electronics,85.48,42,,N,card,3590.16,"₩3,590.16"
1901,793,2025-09-27,Beauty,33.64,87,0.0,N,bank,2926.68,2926.68
1902,792,2025-12-24,Beauty,116.23,52,0.15,N,card,6043.96,5137.37
1903,524,2025-04-10,Beauty,86.87,91,0.15,Y,card,7905.17,6719.39
1904,786,2025-01-07,Electronics,49.73,14,0.0,N,card,696.22,696.22
1905,271,2025-01-30,Electronics,93.55,88,0.1,Y,card,8232.4,"₩7,409.16"
1906,492,2025-11-01,Grocery,70.28,80,0.05,Y,bank,5622.4,5341.28
1907,208,2025-05-24,Electronics,63.56,98,0.15,N,bank,6228.88,5294.55
1908,539,2025-04-21,Electronics,72.17,23,0.15,Y,card,1659.91,1410.92
1909,584,2025-08-20,Electronics,94.9,45,0.05,N,bank,4270.5,4056.98
1910,60,2025-06-28,Fashion,74.85,44,0.0,N,card,3293.4,3293.4
1911,430,2025-03-13,Fashion,,59,0.05,N,card,4797.88,4557.99
1912,657,2025-07-29,Electronics,90.54,97,0.1,Y,card,8782.38,7904.14
1913,605,2025-08-08,Electronics,,88,0.2,Y,wallet,6126.56,"₩4,901.25"
1914,309,2025-03-21,Fashion,51.15,20,0.05,N,card,1023.0,971.85
1915,520,2025-03-24,Grocery,32.8,33,0.1,N,card,1082.4,974.16
1916,591,2025-02-11,Electronics,126.82,84,0.1,N,bank,10652.88,9587.59
1917,27,2025-09-30,Fashion,92.8,53,0.0,N,card,4918.4,4918.4
1918,686,2025-07-10,Beauty,124.2,60,0.05,Y,bank,7452.0,"₩7,079.40"
1919,562,2025-06-22,Beauty,80.43,26,0.0,Y,wallet,2091.18,2091.18
1920,199,2025-01-07,Beauty,141.06,79,,Y,card,11143.74,10029.37
1921,387,2025-06-04,Beauty,98.2,94,0.1,N,bank,9230.8,8307.72
1922,349,2025-01-10,Fashion,55.41,17,0.2,Y,wallet,941.97,753.58
1923,693,2025-02-03,Grocery,49.09,88,0.15,N,card,4319.92,3671.93
1924,536,2025-02-05,Fashion,,83,0.0,N,bank,4462.08,4462.08
1925,378,2025-01-06,Grocery,85.62,37,0.0,Y,card,3167.94,3167.94
1926,558,2025-08-03,Fashion,82.56,88,,Y,card,7265.28,6538.75
1927,527,2025-05-14,Grocery,62.78,21,0.1,N,card,1318.38,1186.54
1928,153,2025-10-12,Fashion,43.24,52,0.15,N,wallet,2248.48,1911.21
1929,734,2025-05-06,Electronics,80.87,91,0.0,N,,7359.17,7359.17
1930,206,2025-12-03,Grocery,84.49,46,0.15,Y,card,3886.54,3303.56
1931,455,2025-06-23,Electronics,118.55,97,0.05,Y,wallet,11499.35,10924.38
1932,273,2025-06-01,Fashion,23.69,72,0.0,N,card,1705.68,"₩1,705.68"
1933,236,2025-11-27,Electronics,79.56,72,0.0,N,card,5728.32,5728.32
1934,740,2025-01-26,Fashion,,19,0.15,Y,card,775.77,659.4
1935,521,2025-04-25,Electronics,44.87,87,0.05,Y,card,3903.69,3708.51
1936,678,2025-10-11,Beauty,47.83,89,0.2,Y,card,4256.87,3405.5
1937,726,2025-03-16,Fashion,27.62,46,0.1,Y,card,1270.52,1143.47
1938,501,2025-06-15,Fashion,84.73,20,0.0,Y,card,1694.6,1694.6
1939,117,2025-07-08,Fashion,77.42,99,0.05,N,card,7664.58,"₩7,281.35"
1940,386,2025-03-19,Grocery,56.77,28,0.0,Y,card,1589.56,1589.56
1941,344,2025-03-31,Grocery,76.92,61,0.05,N,card,4692.12,4457.51
1942,584,2025-06-25,Grocery,81.66,27,,Y,card,2204.82,2094.58
1943,395,2025-01-21,Grocery,63.55,41,0.1,Y,wallet,2605.55,2345.0
1944,64,2025-02-23,Beauty,34.58,32,0.05,N,card,1106.56,1051.23
1945,717,2025-07-03,Beauty,66.72,21,0.0,N,card,1401.12,"₩1,401.12"
1946,721,2025-12-25,Grocery,27.32,67,0.0,Y,card,1830.44,1830.44
1947,72,2025-08-10,Electronics,77.18,86,0.05,Y,card,6637.48,6305.61
1948,789,2025-11-11,Grocery,90.75,30,0.2,Y,bank,2722.5,2178.0
1949,274,2025-11-24,Fashion,,30,0.05,N,card,1381.5,1312.42
1950,320,2025-06-28,Grocery,55.37,38,0.1,N,card,2104.06,"₩1,893.65"
1951,338,2025-10-03,Grocery,125.19,88,0.0,Y,card,11016.72,11016.72
1952,366,2025-04-22,Grocery,101.04,56,0.05,N,card,5658.24,5375.33
1953,495,2025-08-12,Grocery,84.15,21,0.05,Y,card,1767.15,1678.79
1954,607,2025-08-02,Electronics,64.1,67,,Y,card,4294.7,"₩3,865.23"
1955,166,2025-02-28,Electronics,30.26,50,0.05,N,card,1513.0,1437.35
1956,544,2025-11-23,Fashion,26.47,28,0.05,Y,card,741.16,704.1
1957,11,2025-04-19,Beauty,36.57,21,0.1,Y,card,767.97,691.17
1958,301,2025-06-06,Grocery,37.47,32,0.0,N,card,1199.04,1199.04
1959,729,2025-07-10,Grocery,143.18,14,0.0,Y,bank,2004.52,2004.52
1960,102,2025-07-19,Grocery,119.48,35,0.0,Y,card,4181.8,4181.8
1961,425,2025-11-08,Grocery,23.81,72,0.0,Y,card,1714.32,1714.32
1962,392,2025-07-15,Beauty,35.72,61,0.2,Y,card,2178.92,1743.14
1963,779,2025-02-04,Grocery,77.25,19,0.05,Y,wallet,1467.75,"₩1,394.36"
1964,214,2025-09-03,Grocery,77.87,95,0.05,Y,wallet,7397.65,7027.77
1965,691,2025-08-25,Grocery,68.09,48,0.15,N,card,3268.32,"₩2,778.07"
1966,88,2025-04-14,Electronics,83.98,32,0.15,N,card,2687.36,2284.26
1967,553,2025-01-07,Grocery,119.86,20,0.05,Y,bank,2397.2,2277.34
1968,401,2025-10-10,Fashion,75.74,81,0.15,N,card,6134.94,5214.7
1969,588,2025-01-01,Electronics,84.0,57,0.0,N,bank,4788.0,4788.0
1970,46,2025-08-07,Grocery,94.37,25,0.15,Y,card,2359.25,"₩2,005.36"
1971,672,2025-08-18,Fashion,128.12,55,0.0,Y,card,7046.6,7046.6
1972,463,2025-06-21,Beauty,94.84,56,0.05,N,wallet,5311.04,5045.49
1973,592,2025-03-28,Fashion,48.82,57,0.0,N,bank,2782.74,"₩2,782.74"
1974,310,2025-02-10,Fashion,90.4,89,0.2,Y,card,8045.6,6436.48
1975,86,2025-05-03,Fashion,48.66,78,0.0,Y,wallet,3795.48,3795.48
1976,92,2025-11-27,Electronics,105.39,34,0.05,Y,bank,3583.26,3404.1
1977,660,2025-10-25,Fashion,108.46,86,0.1,Y,card,9327.56,8394.8
1978,673,2025-06-27,Fashion,36.07,90,0.1,N,card,3246.3,2921.67
1979,714,2025-03-04,Electronics,45.22,46,0.1,N,card,2080.12,1872.11
1980,242,2025-06-14,Fashion,149.39,72,0.1,N,bank,10756.08,9680.47
1981,2,2025-07-06,Electronics,63.16,38,0.1,N,card,2400.08,2160.07
1982,225,2025-07-28,Grocery,89.08,67,0.0,N,card,5968.36,5968.36
1983,745,2025-08-15,Electronics,140.51,40,0.05,N,card,5620.4,5339.38
1984,589,2025-02-17,Grocery,63.19,95,0.05,Y,card,6003.05,5702.9
1985,116,2025-08-12,Grocery,75.61,98,0.2,Y,card,7409.78,5927.82
1986,666,2025-01-03,Fashion,20.6,77,0.05,Y,card,1586.2,1506.89
1987,103,2025-06-24,Beauty,73.12,50,0.0,N,bank,3656.0,3656.0
1988,194,2025-04-09,Grocery,53.12,59,0.1,N,card,3134.08,2820.67
1989,166,2025-04-26,Grocery,53.61,53,0.05,Y,card,2841.33,"₩2,699.26"
1990,90,2025-09-27,Electronics,96.41,18,0.0,N,card,1735.38,1735.38
1991,686,2025-09-10,Grocery,132.97,68,0.1,N,card,9041.96,8137.76
1992,122,2025-11-13,Grocery,53.86,99,0.0,N,card,5332.14,5332.14
1993,143,2025-04-05,Fashion,94.23,36,0.1,N,card,3392.28,3053.05
1994,106,2025-09-30,Electronics,24.2,91,0.05,Y,card,2202.2,2092.09
1995,428,2025-01-24,Fashion,27.47,68,0.0,Y,card,1867.96,1867.96
1996,305,2025-04-26,Grocery,109.44,12,0.15,Y,card,1313.28,1116.29
1997,317,2025-05-31,Fashion,39.29,16,,N,card,628.64,₩628.64
1998,635,2025-12-04,Grocery,58.32,91,0.0,Y,bank,5307.12,5307.12
1999,9,2025-02-19,Electronics,45.43,25,0.15,Y,card,1135.75,965.39
2000,774,2025-07-25,Grocery,49.28,58,0.0,N,wallet,2858.24,2858.24
2001,73,2025-12-01,Fashion,96.58,41,0.0,N,,3959.78,3959.78
2002,359,2025-03-20,Electronics,76.58,98,0.0,Y,card,7504.84,7504.84
2003,223,2025-03-11,Grocery,186.71,53,0.05,N,bank,9895.63,9400.85
2004,416,2025-01-27,Electronics,96.31,28,0.05,Y,card,2696.68,2561.85
2005,553,2025-09-28,Electronics,64.23,12,0.1,Y,,770.76,693.68
2006,370,2025-02-19,Fashion,76.3,69,,Y,bank,5264.7,5264.7
2007,716,2025-10-19,Fashion,69.39,44,0.0,Y,card,3053.16,3053.16
2008,264,2025-09-04,Beauty,135.04,38,0.05,Y,card,5131.52,"₩4,874.94"
2009,690,2025-09-21,Grocery,48.68,84,0.0,N,wallet,4089.12,4089.12
2010,318,2025-03-20,Fashion,63.19,79,0.05,N,card,4992.01,4742.41
2011,84,2025-07-09,Electronics,117.3,92,0.05,Y,card,10791.6,"₩10,252.02"
2012,318,2025-02-16,Fashion,39.07,54,0.2,N,card,2109.78,1687.82
2013,111,2025-12-27,Grocery,29.17,36,,N,card,1050.12,1050.12
2014,251,2025-12-20,Fashion,62.9,78,0.05,Y,card,4906.2,4660.89
2015,383,2025-12-18,Electronics,70.65,99,0.05,Y,bank,6994.35,6644.63
2016,7,2025-07-08,Fashion,58.78,44,0.15,Y,wallet,2586.32,2198.37
2017,459,2025-09-13,Grocery,29.42,28,0.15,Y,card,823.76,700.2
2018,84,2025-08-10,Fashion,76.07,26,0.15,Y,card,1977.82,1681.15
2019,208,2025-08-29,Grocery,38.56,44,0.05,Y,bank,1696.64,1611.81
2020,390,2025-09-26,Fashion,48.9,86,0.0,N,card,4205.4,"₩4,205.40"
2021,314,2025-01-01,Electronics,34.77,87,0.05,Y,card,3024.99,2873.74
2022,22,2025-02-03,Fashion,35.23,39,0.0,N,card,1373.97,1373.97
2023,410,2025-03-20,Fashion,69.88,57,0.1,Y,card,3983.16,3584.84
2024,515,2025-08-24,Electronics,93.6,66,0.0,Y,card,6177.6,6177.6
2025,127,2025-11-30,Electronics,63.81,26,,Y,card,1659.06,1493.15
2026,700,2025-12-15,Electronics,34.71,24,0.15,N,card,833.04,708.08
2027,14,2025-04-08,Electronics,40.28,91,0.0,N,card,3665.48,"₩3,665.48"
2028,12,2025-03-23,Fashion,32.66,23,0.1,N,,751.18,676.06
2029,87,2025-07-11,Beauty,47.17,23,,Y,card,1084.91,1084.91
2030,524,2025-09-10,Fashion,46.14,54,0.0,Y,card,2491.56,2491.56
2031,537,2025-02-07,Grocery,,47,0.0,N,card,1928.88,1928.88
2032,301,2025-01-14,Fashion,193.21,72,0.0,N,,13911.12,13911.12
2033,243,2025-12-13,Fashion,76.6,84,0.0,Y,card,6434.4,6434.4
2034,122,2025-11-06,Electronics,146.21,20,0.05,Y,card,2924.2,2777.99
2035,147,2025-07-28,Fashion,53.69,57,0.1,Y,card,3060.33,2754.3
2036,567,2025-12-23,Fashion,48.15,35,0.0,Y,card,1685.25,1685.25
2037,750,2025-03-30,Electronics,67.39,76,0.15,N,card,5121.64,4353.39
2038,356,2025-02-25,Grocery,75.74,34,0.15,Y,card,2575.16,2188.89
2039,685,2025-04-04,Fashion,48.85,90,0.1,N,wallet,4396.5,3956.85
2040,733,2025-04-03,Fashion,96.43,70,0.05,N,card,6750.1,6412.6
2041,631,2025-12-06,Electronics,92.48,95,0.0,N,bank,8785.6,8785.6
2042,309,2025-03-26,Grocery,104.01,35,0.1,N,card,3640.35,"₩3,276.32"
2043,695,2025-09-02,Grocery,75.45,43,0.15,N,bank,3244.35,2757.7
2044,288,2025-01-22,Fashion,49.61,99,0.0,N,card,4911.39,4911.39
2045,307,2025-10-18,Electronics,40.41,18,0.1,N,bank,727.38,654.64
2046,594,2025-09-29,Fashion,60.07,49,0.0,N,card,2943.43,2943.43
2047,723,2025-11-02,Electronics,108.34,84,0.1,Y,card,9100.56,8190.5
2048,662,2025-05-02,Grocery,35.67,16,0.0,Y,wallet,570.72,570.72
2049,549,2025-05-08,Grocery,66.23,39,0.05,Y,,2582.97,2453.82
2050,352,2025-04-23,Electronics,145.23,75,0.05,Y,bank,10892.25,10347.64
2051,312,2025-09-30,Electronics,28.53,39,0.0,N,card,1112.67,1112.67
2052,59,2025-12-02,Grocery,33.31,77,0.0,N,card,2564.87,2564.87
2053,643,2025-05-10,Fashion,,67,0.15,N,card,7376.03,6269.63
2054,714,2025-05-12,Electronics,91.1,64,0.05,Y,card,5830.4,5538.88
2055,755,2025-03-26,Grocery,140.02,23,0.05,Y,card,3220.46,3059.44
2056,35,2025-12-16,Fashion,106.95,86,0.1,Y,card,9197.7,8277.93
2057,445,2025-03-22,Fashion,220.72,98,0.15,Y,card,21630.56,18385.98
2058,93,2025-11-21,Electronics,47.87,86,0.0,N,card,4116.82,4116.82
2059,207,2025-03-10,Grocery,66.59,86,0.15,Y,wallet,5726.74,4867.73
2060,353,2025-05-28,Fashion,115.0,46,0.0,Y,card,5290.0,5290.0
2061,332,2025-01-16,Beauty,80.68,53,0.0,Y,card,4276.04,4276.04
2062,725,2025-11-03,Grocery,136.66,15,0.1,Y,card,2049.9,1844.91
2063,159,2025-04-15,Electronics,45.04,35,0.2,Y,wallet,1576.4,1261.12
2064,24,2025-06-14,Fashion,142.02,23,0.0,Y,card,3266.46,3266.46
2065,404,2025-07-20,Fashion,49.18,17,0.05,Y,card,836.06,794.26
2066,516,2025-07-16,Fashion,94.47,33,,Y,card,3117.51,"₩2,961.63"
2067,732,2025-07-04,Grocery,78.48,95,0.0,N,wallet,7455.6,7455.6
2068,364,2025-11-18,Grocery,78.58,48,0.2,Y,card,3771.84,3017.47
2069,382,2025-09-22,Electronics,89.9,58,0.1,N,card,5214.2,4692.78
2070,532,2025-12-29,Grocery,15.85,94,0.15,Y,card,1489.9,1266.42
2071,152,2025-04-10,Electronics,68.55,72,0.05,N,card,4935.6,4688.82
2072,562,2025-12-08,Grocery,49.1,35,0.05,N,card,1718.5,1632.57
2073,689,2025-11-16,Grocery,70.89,19,0.05,Y,card,1346.91,1279.56
2074,608,2025-08-02,Fashion,78.42,86,0.05,Y,card,6744.12,6406.91
2075,617,2025-10-05,Fashion,106.56,67,0.1,Y,card,7139.52,6425.57
2076,420,2025-06-11,Grocery,31.68,23,0.0,N,wallet,728.64,728.64
2077,250,2025-06-06,Grocery,88.51,82,0.05,Y,card,7257.82,"₩6,894.93"
2078,117,2025-09-08,Fashion,31.77,80,0.15,Y,card,2541.6,"₩2,160.36"
2079,512,2025-04-07,Fashion,104.25,48,0.1,N,card,5004.0,4503.6
2080,740,2025-01-18,Grocery,40.49,40,0.0,Y,bank,1619.6,1619.6
2081,578,2025-11-23,Electronics,67.87,59,0.15,Y,card,4004.33,3403.68
2082,335,2025-04-07,Electronics,51.25,25,0.05,N,wallet,1281.25,1217.19
2083,418,2025-01-01,Electronics,28.22,81,0.1,N,card,2285.82,2057.24
2084,774,2025-08-04,Electronics,102.54,60,0.0,N,card,6152.4,6152.4
2085,295,2025-05-12,Fashion,76.51,24,0.05,N,card,1836.24,1744.43
2086,755,2025-09-17,Beauty,83.65,98,0.15,N,wallet,8197.7,6968.04
2087,371,2025-05-05,Grocery,47.59,47,0.0,N,wallet,2236.73,2236.73
2088,186,2025-03-23,Electronics,62.51,88,0.0,Y,wallet,5500.88,5500.88
2089,246,2025-10-10,Fashion,75.19,98,0.05,Y,bank,7368.62,7000.19
2090,637,2025-06-20,Fashion,28.68,80,0.0,Y,card,2294.4,2294.4
2091,268,2025-02-28,Electronics,28.27,99,0.1,N,card,2798.73,2518.86
2092,643,2025-02-01,Beauty,92.19,81,0.0,Y,card,7467.39,7467.39
2093,237,2025-06-10,Fashion,16.57,91,0.0,Y,bank,1507.87,1507.87
2094,530,2025-10-11,Beauty,84.3,30,0.15,Y,card,2529.0,2149.65
2095,552,2025-04-16,Fashion,20.01,25,0.05,N,card,500.25,475.24
2096,21,2025-04-15,Grocery,95.15,76,0.0,N,card,7231.4,7231.4
2097,737,2025-08-16,Electronics,83.01,74,0.05,Y,bank,6142.74,5835.6
2098,794,2025-07-07,Fashion,31.81,22,0.0,N,wallet,699.82,699.82
2099,520,2025-03-11,Electronics,75.3,73,0.0,Y,card,5496.9,5496.9
2100,100,2025-11-14,Grocery,93.23,70,0.1,Y,bank,6526.1,5873.49
2101,752,2025-10-17,Grocery,49.87,41,0.1,N,card,2044.67,1840.2
2102,478,2025-03-28,Grocery,56.74,21,0.15,N,card,1191.54,1012.81
2103,599,2025-12-28,Grocery,53.67,50,0.1,Y,wallet,2683.5,"₩2,415.15"
2104,298,2025-02-25,Grocery,47.6,75,0.15,N,card,3570.0,3034.5
2105,526,2025-04-23,Electronics,94.93,17,0.2,Y,card,1613.81,1291.05
2106,334,2025-01-13,Fashion,94.84,68,0.1,N,card,6449.12,5804.21
2107,2,2025-01-18,Grocery,32.77,34,0.15,N,,1114.18,₩947.05
2108,375,2025-07-01,Grocery,126.03,14,0.1,Y,card,1764.42,1587.98
2109,293,2025-04-23,Grocery,65.74,54,,Y,card,3549.96,3549.96
2110,553,2025-08-17,Electronics,85.74,11,0.0,Y,wallet,943.14,₩943.14
2111,318,2025-06-20,Electronics,189.81,51,0.0,Y,wallet,9680.31,9680.31
2112,502,2025-10-22,Beauty,63.54,47,0.15,Y,card,2986.38,2538.42
2113,381,2025-07-08,Grocery,68.59,12,0.1,Y,card,823.08,740.77
2114,623,2025-03-20,Electronics,57.05,55,0.1,N,bank,3137.75,"₩2,823.98"
2115,14,2025-05-26,Grocery,30.64,31,0.0,N,,949.84,949.84
2116,504,2025-07-01,Beauty,52.95,42,0.05,N,card,2223.9,2112.7
2117,231,2025-10-13,Electronics,54.32,41,0.0,Y,card,2227.12,2227.12
2118,84,2025-09-07,Grocery,13.91,26,0.15,Y,bank,361.66,307.41
2119,130,2025-12-20,Beauty,44.01,91,0.15,Y,card,4004.91,3404.17
2120,743,2025-11-10,Beauty,36.72,65,,N,,2386.8,2148.12
2121,145,2025-07-15,Beauty,52.49,12,0.0,N,card,629.88,629.88
2122,28,2025-11-19,Fashion,37.16,79,0.0,N,card,2935.64,2935.64
2123,66,2025-03-12,Fashion,109.69,58,,Y,card,6362.02,6362.02
2124,163,2025-09-05,Electronics,58.65,64,0.0,N,card,3753.6,3753.6
2125,229,2025-05-26,Electronics,42.37,86,0.15,N,card,3643.82,3097.25
2126,261,2025-04-16,Fashion,114.15,40,0.0,N,card,4566.0,4566.0
2127,449,2025-09-20,Fashion,88.54,90,0.05,N,,7968.6,7570.17
2128,424,2025-10-23,Electronics,51.47,30,0.05,Y,bank,1544.1,1466.89
2129,460,2025-03-11,Fashion,35.08,25,0.05,N,card,877.0,833.15
2130,676,2025-07-12,Electronics,139.22,26,0.0,N,card,3619.72,"₩3,619.72"
2131,301,2025-03-09,Grocery,59.11,10,0.2,Y,card,591.1,472.88
2132,303,2025-11-01,Fashion,91.05,81,0.05,N,card,7375.05,7006.3
2133,287,2025-02-21,Grocery,104.42,74,0.1,Y,bank,7727.08,6954.37
2134,395,2025-12-29,Fashion,203.53,75,0.0,N,card,15264.75,15264.75
2135,10,2025-10-12,Electronics,57.22,46,0.15,N,card,2632.12,2237.3
2136,707,2025-11-30,Beauty,53.35,33,0.0,N,bank,1760.55,1760.55
2137,630,2025-01-09,Fashion,55.59,93,0.1,Y,card,5169.87,4652.88
2138,270,2025-09-08,Fashion,77.43,71,0.05,N,card,5497.53,5222.65
2139,592,2025-11-28,Electronics,101.85,30,0.0,Y,bank,3055.5,3055.5
2140,605,2025-10-25,Fashion,38.06,46,0.0,N,,1750.76,1750.76
2141,778,2025-07-03,Electronics,89.66,44,0.15,Y,card,3945.04,3353.28
2142,361,2025-06-28,Fashion,55.9,47,0.0,Y,card,2627.3,2627.3
2143,257,2025-07-17,Fashion,74.04,62,0.1,N,card,4590.48,4131.43
2144,133,2025-05-08,Beauty,140.5,24,0.1,Y,bank,3372.0,3034.8
2145,276,2025-01-20,Grocery,101.98,51,0.0,Y,bank,5200.98,5200.98
2146,776,2025-11-24,Electronics,135.18,13,0.0,N,wallet,1757.34,"₩1,757.34"
2147,683,2025-03-06,Electronics,56.79,48,0.0,Y,card,2725.92,2725.92
2148,513,2025-07-01,Fashion,146.24,88,0.05,Y,wallet,12869.12,12225.66
2149,313,2025-08-29,Electronics,113.07,32,0.05,Y,card,3618.24,3437.33
2150,576,2025-01-24,Electronics,72.88,24,0.15,N,card,1749.12,1486.75
2151,284,2025-03-24,Grocery,139.21,99,0.1,Y,bank,13781.79,12403.61
2152,121,2025-11-15,Electronics,88.79,21,0.15,N,,1864.59,1584.9
2153,107,2025-07-04,Grocery,59.81,91,0.0,Y,card,5442.71,5442.71
2154,687,2025-11-12,Electronics,57.66,79,0.1,Y,card,4555.14,4099.63
2155,204,2025-04-09,Beauty,82.62,91,0.0,Y,bank,7518.42,7518.42
2156,165,2025-03-03,Grocery,94.26,63,0.0,N,card,5938.38,5938.38
2157,305,2025-10-13,Grocery,105.53,97,0.1,Y,card,10236.41,9212.77
2158,497,2025-01-22,Electronics,40.86,47,0.1,Y,wallet,1920.42,1728.38
2159,632,2025-07-31,Beauty,81.64,37,0.05,Y,card,3020.68,2869.65
2160,556,2025-05-06,Grocery,58.61,88,0.1,Y,card,5157.68,4641.91
2161,156,2025-02-11,Grocery,60.4,28,0.05,Y,wallet,1691.2,1606.64
2162,367,2025-04-08,Fashion,40.91,78,0.15,Y,card,3190.98,2712.33
2163,719,2025-01-31,Grocery,40.74,73,0.0,Y,,2974.02,2974.02
2164,620,2025-06-07,Electronics,30.33,13,0.0,N,card,394.29,394.29
2165,251,2025-04-22,Grocery,76.11,90,0.1,Y,card,6849.9,6164.91
2166,334,2025-09-04,Grocery,130.83,19,0.1,Y,wallet,2485.77,2237.19
2167,642,2025-05-02,Fashion,23.65,21,0.05,Y,card,496.65,471.82
2168,511,2025-09-30,Electronics,110.25,78,0.1,Y,bank,8599.5,7739.55
2169,293,2025-10-21,Fashion,100.58,16,0.15,Y,card,1609.28,1367.89
2170,20,2025-07-26,Grocery,70.26,53,0.1,Y,card,3723.78,3351.4
2171,282,2025-04-20,Electronics,107.33,32,0.1,N,card,3434.56,3091.1
2172,797,2025-10-05,Electronics,110.73,11,0.1,Y,card,1218.03,1096.23
2173,1,2025-02-25,Electronics,92.83,46,,Y,card,4270.18,3629.65
2174,119,2025-02-26,Grocery,102.87,78,0.0,N,card,8023.86,8023.86
2175,35,2025-10-18,Electronics,81.51,29,0.1,N,bank,2363.79,2127.41
2176,198,2025-04-24,Grocery,142.45,99,0.05,Y,card,14102.55,13397.42
2177,485,2025-11-04,Fashion,69.16,53,0.0,Y,card,3665.48,3665.48
2178,757,2025-12-07,Grocery,99.03,79,0.05,Y,card,7823.37,7432.2
2179,59,2025-07-17,Beauty,85.31,83,0.0,N,card,7080.73,7080.73
2180,161,2025-11-17,Electronics,51.15,60,0.0,N,card,3069.0,3069.0
2181,691,2025-06-28,Fashion,54.05,89,0.15,Y,card,4810.45,4088.88
2182,206,2025-08-07,Grocery,61.29,40,0.0,Y,card,2451.6,"₩2,451.60"
2183,12,2025-10-04,Fashion,139.99,50,0.05,N,bank,6999.5,6649.52
2184,490,2025-01-16,Electronics,65.03,67,0.0,Y,card,4357.01,4357.01
2185,276,2025-03-02,Grocery,130.45,14,0.05,N,card,1826.3,1734.98
2186,693,2025-02-23,Beauty,81.86,42,0.0,N,card,3438.12,3438.12
2187,242,2025-06-17,Grocery,83.91,52,0.05,Y,card,4363.32,4145.15
2188,216,2025-01-26,Fashion,70.56,28,0.15,Y,wallet,1975.68,1679.33
2189,251,2025-12-02,Fashion,158.76,41,0.05,Y,card,6509.16,6183.7
2190,126,2025-03-06,Electronics,66.94,96,0.05,Y,bank,6426.24,6104.93
2191,217,2025-04-10,Grocery,164.03,12,0.05,N,card,1968.36,1869.94
2192,306,2025-03-15,Grocery,20.63,10,0.0,Y,card,206.3,206.3
2193,797,2025-07-11,Beauty,46.07,50,0.05,Y,wallet,2303.5,2188.32
2194,185,2025-06-20,Electronics,101.62,57,0.0,Y,wallet,5792.34,5792.34
2195,39,2025-09-30,Grocery,121.66,48,0.05,N,card,5839.68,5547.7
2196,223,2025-07-06,Electronics,101.59,14,0.15,Y,bank,1422.26,1208.92
2197,184,2025-01-23,Fashion,43.33,86,0.05,Y,card,3726.38,3540.06
2198,495,2025-06-30,Grocery,66.05,20,0.1,Y,card,1321.0,"₩1,188.90"
2199,427,2025-11-23,Electronics,44.16,31,0.0,N,card,1368.96,1368.96
2200,178,2025-04-18,Grocery,141.33,96,0.15,Y,wallet,13567.68,11532.53
2201,428,2025-12-01,Grocery,42.92,73,0.05,Y,card,3133.16,2976.5
2202,294,2025-06-11,Beauty,106.78,21,0.2,N,wallet,2242.38,1793.9
2203,151,2025-10-29,Grocery,28.03,62,0.0,Y,card,1737.86,1737.86
2204,384,2025-07-25,Grocery,75.1,64,0.15,Y,card,4806.4,4085.44
2205,638,2025-03-19,Fashion,127.11,62,0.1,N,card,7880.82,7092.74
2206,308,2025-01-16,Electronics,44.17,30,0.0,Y,card,1325.1,1325.1
2207,336,2025-11-23,Fashion,69.11,28,0.2,Y,card,1935.08,1548.06
2208,746,2025-04-06,Fashion,58.55,78,0.0,Y,card,4566.9,4566.9
2209,375,2025-05-27,Grocery,65.62,97,0.1,N,bank,6365.14,5728.63
2210,8,2025-01-02,Grocery,49.89,81,0.15,N,bank,4041.09,3434.93
2211,341,2025-01-10,Fashion,78.64,75,0.0,N,card,5898.0,5898.0
2212,129,2025-05-05,Fashion,132.87,68,0.0,Y,card,9035.16,9035.16
2213,776,2025-03-22,Electronics,78.81,58,0.05,Y,card,4570.98,4342.43
2214,669,2025-05-20,Grocery,101.54,68,0.1,Y,card,6904.72,6214.25
2215,352,2025-11-22,Grocery,76.31,32,0.15,N,card,2441.92,2075.63
2216,358,2025-05-30,Grocery,77.86,12,0.1,N,card,934.32,840.89
2217,517,2025-10-15,Fashion,154.78,65,,N,wallet,10060.7,"₩9,557.67"
2218,495,2025-12-27,Fashion,106.93,67,0.15,N,card,7164.31,6089.66
2219,86,2025-12-06,Grocery,280.13,97,0.2,Y,bank,27172.61,21738.09
2220,175,2025-05-09,Grocery,78.58,71,0.0,Y,bank,5579.18,5579.18
2221,193,2025-08-27,Fashion,66.45,27,0.0,N,card,1794.15,"₩1,794.15"
2222,311,2025-02-27,Grocery,47.37,70,0.05,Y,bank,3315.9,3150.1
2223,119,2025-07-17,Fashion,68.41,46,0.15,Y,card,3146.86,2674.83
2224,218,2025-07-30,Grocery,96.04,63,0.0,Y,wallet,6050.52,6050.52
2225,427,2025-02-14,Grocery,62.58,87,0.15,Y,card,5444.46,"₩4,627.79"
2226,414,2025-04-07,Grocery,92.01,74,0.2,Y,card,6808.74,5446.99
2227,114,2025-10-06,Fashion,32.86,23,0.0,N,card,755.78,₩755.78
2228,145,2025-01-23,Fashion,123.88,14,0.05,Y,card,1734.32,1647.6
2229,538,2025-12-01,Grocery,44.92,71,0.0,Y,card,3189.32,3189.32
2230,648,2025-02-13,Grocery,66.44,10,0.05,Y,card,664.4,631.18
2231,303,2025-01-27,Grocery,51.28,72,0.05,N,card,3692.16,3507.55
2232,744,2025-10-09,Grocery,101.21,76,0.1,Y,card,7691.96,6922.76
2233,588,2025-04-07,Electronics,75.03,29,0.05,N,card,2175.87,2067.08
2234,345,2025-02-05,Beauty,112.68,52,0.2,Y,card,5859.36,4687.49
2235,1,2025-04-19,Grocery,94.99,94,0.0,Y,card,8929.06,8929.06
2236,147,2025-02-24,Fashion,87.87,51,0.05,N,card,4481.37,4257.3
2237,287,2025-07-11,Grocery,51.05,78,,Y,bank,3981.9,3384.62
2238,654,2025-08-07,Electronics,114.6,83,0.05,Y,card,9511.8,9036.21
2239,53,2025-07-04,Electronics,63.31,97,0.05,N,card,6141.07,5834.02
2240,304,2025-03-10,Fashion,74.31,48,0.1,Y,card,3566.88,3210.19
2241,69,2025-11-13,Grocery,119.44,71,0.15,N,bank,8480.24,"₩7,208.20"
2242,361,2025-05-10,Beauty,48.25,57,0.05,Y,bank,2750.25,2612.74
2243,602,2025-02-24,Grocery,77.22,15,0.05,N,card,1158.3,1100.38
2244,220,2025-04-07,Fashion,84.0,83,0.2,N,card,6972.0,5577.6
2245,704,2025-12-02,Fashion,137.67,51,0.0,Y,card,7021.17,7021.17
2246,575,2025-03-28,Electronics,60.71,67,0.05,Y,card,4067.57,"₩3,864.19"
2247,585,2025-10-21,Electronics,,52,0.1,Y,card,2034.76,1831.28
2248,161,2025-04-29,Grocery,148.46,19,0.0,N,bank,2820.74,2820.74
2249,681,2025-07-27,Beauty,91.4,98,0.05,N,card,8957.2,8509.34
2250,89,2025-11-30,Fashion,111.44,87,0.0,Y,card,9695.28,9695.28
2251,688,2025-06-03,Grocery,87.87,48,0.15,Y,wallet,4217.76,3585.1
2252,781,2025-02-04,Beauty,91.59,22,0.15,Y,card,2014.98,"₩1,712.73"
2253,585,2025-03-20,Electronics,88.56,84,0.0,N,wallet,7439.04,7439.04
2254,757,2025-03-08,Grocery,134.29,48,0.0,N,wallet,6445.92,6445.92
2255,589,2025-12-09,Grocery,166.79,20,0.1,Y,card,3335.8,3002.22
2256,159,2025-02-03,Grocery,62.9,25,0.05,N,card,1572.5,1493.88
2257,489,2025-04-07,Fashion,85.49,42,0.05,Y,bank,3590.58,3411.05
2258,324,2025-06-18,Grocery,65.27,69,0.0,N,wallet,4503.63,4503.63
2259,610,2025-06-18,Grocery,25.49,68,0.0,Y,card,1733.32,1733.32
2260,381,2025-05-31,Electronics,84.6,83,0.0,N,card,7021.8,7021.8
2261,102,2025-03-12,Fashion,133.28,60,0.0,N,bank,7996.8,7996.8
2262,494,2025-01-03,Electronics,74.06,24,0.05,N,wallet,1777.44,1688.57
2263,644,2025-11-10,Beauty,53.62,89,0.1,N,card,4772.18,4294.96
2264,614,2025-02-01,Fashion,84.72,52,0.05,Y,card,4405.44,4185.17
2265,19,2025-10-14,Grocery,90.29,36,0.1,N,card,3250.44,2925.4
2266,454,2025-03-23,Fashion,83.06,65,0.05,N,card,5398.9,5128.95
2267,482,2025-02-12,Electronics,80.61,69,0.0,Y,card,5562.09,5562.09
2268,594,2025-04-15,Electronics,76.53,79,0.0,Y,card,6045.87,6045.87
2269,397,2025-01-01,Fashion,56.51,56,0.05,N,card,3164.56,"₩3,006.33"
2270,279,2025-03-02,Electronics,41.23,17,0.1,Y,card,700.91,630.82
2271,365,2025-09-27,Grocery,67.52,72,0.1,Y,card,4861.44,4375.3
2272,331,2025-06-29,Electronics,,98,0.05,N,card,15557.5,14779.62
2273,641,2025-08-12,Fashion,64.71,16,0.1,Y,card,1035.36,931.82
2274,344,2025-01-06,Fashion,32.54,90,0.0,N,bank,2928.6,2928.6
2275,455,2025-04-13,Grocery,71.34,11,,Y,card,784.74,667.03
2276,601,2025-01-10,Grocery,91.44,26,0.15,Y,card,2377.44,2020.82
2277,725,2025-03-12,Grocery,98.38,13,0.0,N,,1278.94,"₩1,278.94"
2278,655,2025-03-31,Beauty,137.7,35,0.05,Y,card,4819.5,4578.52
2279,65,2025-08-14,Electronics,77.51,87,0.1,N,card,6743.37,6069.03
2280,76,2025-06-07,Fashion,89.32,81,0.05,N,card,7234.92,"₩6,873.17"
2281,711,2025-08-16,Fashion,81.5,78,0.15,Y,card,6357.0,"₩5,403.45"
2282,143,2025-05-06,Fashion,167.51,14,0.1,N,card,2345.14,2110.63
2283,605,2025-07-28,Grocery,204.67,14,0.1,N,,2865.38,"₩2,578.84"
2284,473,2025-04-07,Fashion,59.82,78,0.05,N,card,4665.96,4432.66
2285,417,2025-03-15,Fashion,104.37,12,0.0,N,card,1252.44,1252.44
2286,305,2025-04-25,Fashion,158.98,47,0.0,Y,card,7472.06,"₩7,472.06"
2287,736,2025-07-10,Beauty,124.95,10,0.0,Y,card,1249.5,1249.5
2288,497,2025-06-19,Beauty,39.79,17,0.0,N,card,676.43,676.43
2289,291,2025-11-03,Fashion,90.09,22,0.2,N,bank,1981.98,1585.58
2290,102,2025-07-23,Electronics,76.35,93,0.05,Y,card,7100.55,6745.52
2291,267,2025-02-25,Grocery,287.89,79,0.15,N,wallet,22743.31,19331.81
2292,622,2025-07-27,Beauty,105.7,59,0.15,Y,bank,6236.3,5300.86
2293,777,2025-02-10,Fashion,17.63,17,0.15,Y,card,299.71,254.75
2294,3,2025-02-01,Fashion,70.51,39,0.0,N,wallet,2749.89,2749.89
2295,85,2025-01-15,Beauty,57.2,49,0.05,Y,,2802.8,2662.66
2296,794,2025-03-03,Grocery,58.8,88,0.0,N,wallet,5174.4,5174.4
2297,328,2025-06-04,Fashion,53.86,83,0.2,Y,card,4470.38,3576.3
2298,450,2025-10-11,Grocery,120.43,42,0.15,Y,wallet,5058.06,4299.35
2299,454,2025-07-28,Beauty,32.24,82,0.0,Y,card,2643.68,2643.68
2300,629,2025-11-16,Grocery,100.96,61,0.0,Y,bank,6158.56,6158.56
2301,221,2025-07-06,Grocery,90.86,42,0.05,Y,card,3816.12,3625.31
2302,154,2025-05-10,Grocery,117.23,82,0.0,N,wallet,9612.86,9612.86
2303,665,2025-05-07,Electronics,85.75,87,0.15,Y,card,7460.25,6341.21
2304,12,2025-10-19,Grocery,31.18,46,0.15,N,bank,1434.28,1219.14
2305,133,2025-04-24,Fashion,76.4,79,0.1,Y,wallet,6035.6,5432.04
2306,304,2025-07-18,Beauty,65.08,78,0.1,N,card,5076.24,4568.62
2307,293,2025-01-13,Fashion,114.18,13,0.05,Y,card,1484.34,"₩1,410.12"
2308,300,2025-09-28,Beauty,53.35,69,0.0,Y,card,3681.15,3681.15
2309,740,2025-03-30,Fashion,73.74,89,0.15,N,wallet,6562.86,5578.43
2310,783,2025-08-03,Fashion,90.78,83,0.15,N,bank,7534.74,"₩6,404.53"
2311,43,2025-10-05,Electronics,136.28,40,0.0,Y,,5451.2,5451.2
2312,343,2025-07-22,Grocery,48.7,23,0.05,Y,wallet,1120.1,1064.09
2313,326,2025-03-15,Grocery,130.4,86,0.0,Y,card,11214.4,11214.4
2314,498,2025-01-25,Grocery,105.57,69,0.15,Y,card,7284.33,6191.68
2315,364,2025-04-11,Fashion,82.62,77,0.0,Y,card,6361.74,6361.74
2316,427,2025-06-25,Electronics,44.21,35,0.1,Y,card,1547.35,1392.62
2317,21,2025-04-27,Beauty,80.82,33,0.05,N,card,2667.06,2533.71
2318,407,2025-06-15,Grocery,33.83,65,0.15,N,bank,2198.95,1869.11
2319,619,2025-02-10,Grocery,93.02,18,0.05,Y,card,1674.36,1590.64
2320,336,2025-12-10,Grocery,96.66,44,0.0,N,bank,4253.04,4253.04
2321,117,2025-04-30,Grocery,164.08,88,0.0,Y,card,14439.04,14439.04
2322,124,2025-04-07,Fashion,87.53,33,0.0,Y,wallet,2888.49,2888.49
2323,399,2025-05-25,Grocery,,40,,N,bank,1478.4,1330.56
2324,793,2025-08-04,Grocery,,92,0.1,N,card,5296.44,4766.8
2325,715,2025-08-17,Beauty,43.47,75,0.0,N,card,3260.25,3260.25
2326,51,2025-11-09,Grocery,97.1,75,0.05,N,wallet,7282.5,6918.38
2327,783,2025-05-10,Electronics,114.09,50,,Y,card,5704.5,5704.5
2328,324,2025-12-18,Fashion,33.23,45,0.15,Y,card,1495.35,1271.05
2329,789,2025-11-14,Electronics,56.17,43,0.0,N,card,2415.31,2415.31
2330,141,2025-05-17,Electronics,252.47,48,0.15,Y,wallet,12118.56,"₩10,300.78"
2331,470,2025-11-20,Grocery,55.56,92,0.05,Y,bank,5111.52,4855.94
2332,787,2025-12-03,Beauty,75.77,32,,Y,wallet,2424.64,2303.41
2333,334,2025-09-30,Electronics,74.47,89,0.0,N,bank,6627.83,6627.83
2334,373,2025-04-27,Fashion,66.44,53,0.0,N,card,3521.32,3521.32
2335,564,2025-11-02,Beauty,88.92,79,0.05,Y,wallet,7024.68,"₩6,673.45"
2336,494,2025-04-04,Grocery,88.22,67,0.05,N,card,5910.74,5615.2
2337,539,2025-06-17,Fashion,79.72,68,0.0,N,card,5420.96,"₩5,420.96"
2338,669,2025-07-22,Grocery,135.74,35,0.15,Y,card,4750.9,4038.26
2339,751,2025-12-07,Fashion,143.3,31,0.05,Y,card,4442.3,4220.19
2340,156,2025-05-29,Electronics,105.5,97,0.0,N,bank,10233.5,10233.5
2341,291,2025-07-02,Electronics,74.07,49,0.1,Y,card,3629.43,3266.49
2342,648,2025-06-01,Electronics,,94,0.15,N,card,5655.04,"₩4,806.78"
2343,144,2025-03-15,Fashion,69.88,20,0.0,N,card,1397.6,1397.6
2344,106,2025-12-31,Beauty,96.54,18,0.1,Y,card,1737.72,1563.95
2345,420,2025-10-01,Grocery,68.89,21,0.1,N,card,1446.69,1302.02
2346,670,2025-02-11,Fashion,141.9,35,0.2,Y,wallet,4966.5,3973.2
2347,658,2025-07-31,Fashion,42.34,47,0.0,Y,card,1989.98,1989.98
2348,2,2025-04-11,Fashion,87.51,12,0.2,N,bank,1050.12,840.1
2349,589,2025-02-14,Grocery,41.7,24,,N,card,1000.8,1000.8
2350,644,2025-03-23,Grocery,45.21,56,0.05,N,card,2531.76,2405.17
2351,90,2025-01-17,Electronics,64.09,14,0.05,Y,card,897.26,₩852.40
2352,345,2025-03-14,Electronics,49.58,63,0.0,N,card,3123.54,3123.54
2353,350,2025-01-14,Grocery,109.01,33,0.1,Y,card,3597.33,3237.6
2354,459,2025-06-06,Grocery,19.68,20,0.05,Y,card,393.6,373.92
2355,263,2025-08-11,Fashion,56.17,42,,Y,card,2359.14,2359.14
2356,351,2025-05-12,Grocery,48.05,96,0.0,N,card,4612.8,4612.8
2357,108,2025-12-04,Grocery,46.77,83,0.0,Y,card,3881.91,3881.91
2358,586,2025-02-16,Fashion,104.68,66,,Y,card,6908.88,6563.44
2359,39,2025-04-17,Fashion,102.58,61,0.05,Y,wallet,6257.38,5944.51
2360,159,2025-04-18,Fashion,116.46,73,0.05,N,card,8501.58,8076.5
2361,583,2025-09-22,Beauty,126.08,52,0.0,Y,card,6556.16,6556.16
2362,312,2025-07-24,Beauty,81.47,90,0.05,N,bank,7332.3,6965.68
2363,241,2025-03-20,Beauty,35.49,53,0.15,Y,bank,1880.97,1598.82
2364,445,2025-06-04,Grocery,54.86,99,0.0,N,card,5431.14,5431.14
2365,298,2025-09-28,Grocery,70.04,98,0.0,N,card,6863.92,6863.92
2366,36,2025-09-04,Grocery,66.31,45,,Y,card,2983.95,2834.75
2367,84,2025-01-19,Beauty,105.15,21,0.05,Y,card,2208.15,2097.74
2368,452,2025-12-12,Electronics,69.52,65,0.05,Y,card,4518.8,4292.86
2369,775,2025-01-26,Fashion,24.33,12,0.15,N,card,291.96,248.17
2370,385,2025-08-05,Grocery,101.15,59,0.1,Y,card,5967.85,5371.06
2371,172,2025-06-03,Grocery,34.66,38,0.1,Y,card,1317.08,1185.37
2372,376,2025-06-03,Fashion,51.98,97,,Y,card,5042.06,"₩4,789.96"
2373,685,2025-06-23,Grocery,55.08,92,0.0,Y,card,5067.36,5067.36
2374,362,2025-04-02,Grocery,70.2,86,0.05,N,card,6037.2,5735.34
2375,559,2025-12-04,Fashion,62.6,25,0.15,Y,card,1565.0,1330.25
2376,141,2025-06-30,Grocery,61.99,49,0.15,N,card,3037.51,2581.88
2377,118,2025-05-11,Fashion,83.43,36,0.05,N,card,3003.48,"₩2,853.31"
2378,277,2025-10-25,Beauty,147.76,79,0.0,Y,bank,11673.04,"₩11,673.04"
2379,726,2025-10-02,Fashion,29.88,51,0.0,N,wallet,1523.88,1523.88
2380,220,2025-09-30,Grocery,26.87,66,0.0,Y,card,1773.42,"₩1,773.42"
2381,26,2025-03-17,Electronics,144.99,19,0.15,N,card,2754.81,2341.59
2382,521,2025-06-26,Electronics,115.09,47,0.0,Y,card,5409.23,5409.23
2383,783,2025-07-03,Grocery,99.01,17,0.05,N,,1683.17,"₩1,599.01"
2384,10,2025-11-15,Fashion,40.9,27,0.15,Y,wallet,1104.3,₩938.66
2385,378,2025-05-11,Fashion,66.5,26,0.0,N,card,1729.0,1729.0
2386,633,2025-12-29,Electronics,90.28,67,0.05,N,bank,6048.76,5746.32
2387,637,2025-02-18,Grocery,62.19,75,,Y,card,4664.25,4664.25
2388,682,2025-02-24,Grocery,19.57,53,,Y,card,1037.21,985.35
2389,584,2025-06-03,Electronics,40.44,93,0.0,N,card,3760.92,3760.92
2390,152,2025-12-21,Grocery,40.07,83,0.05,Y,card,3325.81,3159.52
2391,720,2025-07-19,Grocery,55.3,18,0.1,N,bank,995.4,895.86
2392,49,2025-11-04,Grocery,57.58,57,0.1,N,wallet,3282.06,2953.85
2393,154,2025-12-22,Fashion,68.82,48,0.05,N,card,3303.36,3138.19
2394,293,2025-04-28,Grocery,91.91,98,0.15,Y,card,9007.18,7656.1
2395,580,2025-09-20,Electronics,40.44,98,0.0,Y,,3963.12,3963.12
2396,50,2025-02-15,Fashion,68.21,97,0.15,N,card,6616.37,5623.91
2397,664,2025-10-29,Electronics,67.42,15,0.0,Y,card,1011.3,1011.3
2398,531,2025-12-22,Grocery,121.48,39,0.05,Y,card,4737.72,4500.83
2399,612,2025-07-08,Electronics,49.16,83,0.0,Y,bank,4080.28,"₩4,080.28"
2400,60,2025-11-06,Beauty,52.4,27,0.0,N,bank,1414.8,1414.8
2401,167,2025-11-14,Fashion,47.19,52,0.15,Y,card,2453.88,2085.8
2402,202,2025-05-09,Electronics,77.82,42,0.0,N,card,3268.44,3268.44
2403,146,2025-02-18,Fashion,65.55,62,,Y,bank,4064.1,"₩4,064.10"
2404,676,2025-01-25,Fashion,110.04,65,0.05,Y,wallet,7152.6,6794.97
2405,439,2025-09-23,Fashion,54.2,28,0.0,N,card,1517.6,"₩1,517.60"
2406,242,2025-04-28,Fashion,84.36,96,0.15,Y,wallet,8098.56,6883.78
2407,581,2025-05-24,Electronics,87.67,78,0.15,Y,wallet,6838.26,5812.52
2408,687,2025-07-19,Fashion,52.75,35,0.0,N,card,1846.25,"₩1,846.25"
2409,561,2025-06-06,Fashion,50.94,38,0.0,Y,bank,1935.72,1935.72
2410,483,2025-12-14,Electronics,56.76,33,0.0,Y,card,1873.08,1873.08
2411,108,2025-05-14,Grocery,44.63,15,0.05,Y,bank,669.45,635.98
2412,226,2025-05-28,Grocery,111.31,63,0.0,N,card,7012.53,7012.53
2413,673,2025-12-02,Grocery,62.83,48,,N,card,3015.84,2865.05
2414,631,2025-03-12,Fashion,90.46,13,0.1,Y,card,1175.98,"₩1,058.38"
2415,661,2025-08-21,Grocery,76.75,67,0.05,Y,card,5142.25,4885.14
2416,662,2025-11-30,Beauty,18.66,57,0.0,Y,wallet,1063.62,1063.62
2417,432,2025-10-26,Electronics,97.99,69,0.05,Y,card,6761.31,6423.24
2418,655,2025-06-03,Electronics,35.16,35,0.1,Y,card,1230.6,1107.54
2419,419,2025-03-31,Electronics,73.2,88,0.05,Y,wallet,6441.6,"₩6,119.52"
2420,455,2025-11-30,Electronics,132.96,86,0.0,N,card,11434.56,"₩11,434.56"
2421,160,2025-07-18,Electronics,95.42,49,0.05,N,bank,4675.58,"₩4,441.80"
2422,523,2025-06-10,Grocery,127.23,95,0.05,N,bank,12086.85,11482.51
2423,650,2025-01-26,Fashion,126.26,86,0.0,Y,card,10858.36,10858.36
2424,590,2025-05-01,Beauty,84.94,65,0.2,Y,,5521.1,4416.88
2425,77,2025-10-28,Electronics,65.23,48,0.1,N,,3131.04,2817.94
2426,509,2025-07-31,Fashion,50.64,90,0.1,Y,card,4557.6,4101.84
2427,441,2025-03-04,Beauty,117.57,48,0.15,N,card,5643.36,"₩4,796.86"
2428,254,2025-03-09,Grocery,110.64,57,0.1,N,card,6306.48,5675.83
2429,770,2025-09-10,Fashion,43.75,34,0.1,Y,card,1487.5,1338.75
2430,320,2025-01-02,Grocery,44.48,43,0.05,Y,card,1912.64,1817.01
2431,263,2025-04-18,Grocery,,30,0.05,Y,wallet,2009.1,1908.64
2432,597,2025-10-13,Fashion,,34,,Y,card,324.7,₩324.70
2433,658,2025-02-18,Electronics,32.34,98,0.0,N,card,3169.32,3169.32
2434,554,2025-05-20,Grocery,99.12,31,0.05,N,bank,3072.72,2919.08
2435,374,2025-08-06,Fashion,26.49,32,0.1,N,card,847.68,762.91
2436,637,2025-02-13,Electronics,90.16,34,0.05,Y,bank,3065.44,2912.17
2437,167,2025-09-26,Fashion,61.55,87,0.1,N,card,5354.85,4819.37
2438,753,2025-03-19,Fashion,43.5,87,0.1,N,card,3784.5,3406.05
2439,459,2025-08-04,Beauty,101.85,35,0.0,N,,3564.75,3564.75
2440,280,2025-04-08,Electronics,150.15,39,0.0,N,wallet,5855.85,5855.85
2441,700,2025-08-24,Beauty,50.33,99,0.0,Y,card,4982.67,4982.67
2442,302,2025-10-09,Fashion,131.2,47,0.0,Y,card,6166.4,6166.4
2443,531,2025-05-29,Fashion,83.26,95,0.05,Y,wallet,7909.7,7514.21
2444,580,2025-10-31,Electronics,78.14,43,0.1,Y,bank,3360.02,3024.02
2445,218,2025-03-07,Grocery,145.02,98,0.0,N,card,14211.96,14211.96
2446,102,2025-08-22,Beauty,199.46,86,0.15,Y,card,17153.56,14580.53
2447,554,2025-03-28,Fashion,46.95,82,0.15,Y,bank,3849.9,"₩3,272.42"
2448,288,2025-03-20,Electronics,91.67,24,0.05,Y,card,2200.08,2090.08
2449,167,2025-07-24,Grocery,85.1,53,0.1,N,wallet,4510.3,4059.27
2450,621,2025-10-06,Grocery,58.59,19,0.0,Y,card,1113.21,1113.21
2451,36,2025-12-03,Electronics,64.92,46,0.1,Y,card,2986.32,2687.69
2452,744,2025-09-11,Grocery,186.08,16,0.0,Y,card,2977.28,2977.28
2453,741,2025-10-31,Grocery,54.66,41,0.1,Y,card,2241.06,2016.95
2454,353,2025-05-10,Fashion,38.88,20,0.05,N,bank,777.6,738.72
2455,676,2025-03-25,Fashion,113.02,57,0.15,Y,card,6442.14,"₩5,475.82"
2456,73,2025-10-03,Electronics,45.55,77,0.05,Y,bank,3507.35,3331.98
2457,648,2025-07-06,Grocery,148.19,57,0.0,N,bank,8446.83,8446.83
2458,353,2025-02-15,Grocery,114.55,54,0.05,Y,card,6185.7,"₩5,876.42"
2459,70,2025-07-02,Fashion,25.42,42,0.1,N,card,1067.64,960.88
2460,425,2025-09-25,Fashion,131.27,13,0.1,N,card,1706.51,1535.86
2461,708,2025-10-23,Fashion,197.03,56,0.2,N,card,11033.68,8826.94
2462,781,2025-11-18,Grocery,69.35,99,0.15,Y,,6865.65,5835.8
2463,561,2025-04-10,Fashion,24.2,62,0.05,Y,card,1500.4,1425.38
2464,642,2025-03-19,Fashion,16.31,40,0.0,Y,card,652.4,652.4
2465,517,2025-09-29,Fashion,92.43,40,0.0,Y,card,3697.2,3697.2
2466,428,2025-12-05,Fashion,125.85,36,0.2,Y,wallet,4530.6,3624.48
2467,539,2025-06-11,Fashion,69.73,98,0.15,Y,card,6833.54,5808.51
2468,160,2025-02-13,Electronics,,57,0.0,Y,card,9059.01,"₩9,059.01"
2469,149,2025-08-26,Electronics,43.91,45,0.1,Y,bank,1975.95,1778.36
2470,776,2025-05-14,Grocery,,58,0.1,N,bank,6392.18,5752.96
2471,230,2025-07-11,Electronics,31.87,40,0.05,N,card,1274.8,1211.06
2472,712,2025-12-22,Electronics,131.28,53,0.15,Y,card,6957.84,"₩5,914.16"
2473,562,2025-10-05,Grocery,44.51,68,0.0,N,bank,3026.68,"₩3,026.68"
2474,67,2025-01-18,Electronics,58.96,32,0.15,N,card,1886.72,1603.71
2475,381,2025-01-12,Grocery,39.43,77,0.05,Y,bank,3036.11,2884.3
2476,58,2025-06-29,Fashion,84.9,51,0.05,Y,card,4329.9,4113.4
2477,259,2025-05-03,Electronics,53.92,51,0.05,Y,card,2749.92,2612.42
2478,342,2025-09-03,Fashion,95.92,22,0.05,N,bank,2110.24,"₩2,004.73"
2479,130,2025-08-10,Electronics,55.81,10,,Y,card,558.1,₩530.20
2480,727,2025-02-20,Grocery,76.84,85,0.1,N,card,6531.4,5878.26
2481,172,2025-03-12,Fashion,37.5,62,0.05,N,card,2325.0,2208.75
2482,770,2025-02-17,Electronics,71.67,49,0.1,N,bank,3511.83,3160.65
2483,614,2025-01-19,Electronics,92.66,99,0.0,Y,bank,9173.34,9173.34
2484,209,2025-09-19,Fashion,32.33,55,0.15,Y,bank,1778.15,1511.43
2485,354,2025-03-25,Electronics,89.92,96,0.0,Y,card,8632.32,8632.32
2486,471,2025-06-04,Fashion,174.07,31,0.05,Y,card,5396.17,5126.36
2487,798,2025-02-22,Fashion,162.69,61,0.0,N,bank,9924.09,9924.09
2488,116,2025-04-17,Grocery,32.31,37,0.05,N,card,1195.47,1135.7
2489,264,2025-12-23,Fashion,120.98,62,0.0,N,card,7500.76,7500.76
2490,662,2025-10-31,Grocery,18.57,72,0.15,Y,card,1337.04,1136.48
2491,442,2025-05-15,Beauty,85.84,26,0.0,Y,wallet,2231.84,2231.84
2492,548,2025-03-10,Electronics,72.04,73,0.05,N,card,5258.92,4995.97
2493,453,2025-01-11,Grocery,89.13,15,0.1,N,card,1336.95,1203.26
2494,477,2025-05-23,Grocery,99.81,23,0.0,Y,bank,2295.63,2295.63
2495,287,2025-07-11,Fashion,90.43,26,0.15,N,card,2351.18,1998.5
2496,303,2025-03-10,Beauty,48.76,47,,Y,card,2291.72,1947.96
2497,311,2025-01-23,Fashion,24.78,78,0.1,Y,bank,1932.84,1739.56
2498,208,2025-06-30,Fashion,88.4,22,0.0,N,card,1944.8,1944.8
2499,618,2025-10-20,Grocery,106.81,62,0.0,N,card,6622.22,6622.22
2500,446,2025-01-09,Fashion,52.2,18,0.0,Y,card,939.6,939.6
2501,670,2025-09-28,Fashion,72.67,53,0.0,N,card,3851.51,3851.51
2502,633,2025-04-03,Electronics,98.62,35,0.0,N,card,3451.7,3451.7
2503,55,2025-01-17,Grocery,15.99,86,0.15,Y,card,1375.14,1168.87
2504,12,2025-06-03,Grocery,12.97,28,0.05,N,card,363.16,₩345.00
2505,657,2025-11-24,Grocery,55.93,57,0.0,Y,card,3188.01,3188.01
2506,400,2025-05-29,Beauty,172.14,90,0.0,Y,wallet,15492.6,15492.6
2507,648,2025-09-24,Fashion,73.81,89,0.05,N,wallet,6569.09,6240.64
2508,515,2025-11-24,Electronics,65.48,39,0.0,Y,,2553.72,2553.72
2509,656,2025-04-16,Grocery,104.48,41,0.15,Y,card,4283.68,3641.13
2510,542,2025-02-04,Grocery,76.06,87,0.0,Y,card,6617.22,6617.22
2511,237,2025-04-29,Electronics,116.95,88,0.15,N,bank,10291.6,8747.86
2512,279,2025-01-14,Electronics,32.34,85,0.1,Y,,2748.9,"₩2,474.01"
2513,348,2025-01-14,Grocery,45.43,84,0.2,Y,bank,3816.12,3052.9
2514,627,2025-09-23,Beauty,144.96,78,0.0,N,card,11306.88,"₩11,306.88"
2515,104,2025-05-20,Grocery,62.18,20,0.0,Y,card,1243.6,1243.6
2516,630,2025-10-21,Fashion,51.11,92,0.05,Y,card,4702.12,4467.01
2517,517,2025-12-30,Beauty,62.0,35,0.15,Y,card,2170.0,1844.5
2518,248,2025-04-29,Beauty,59.63,35,0.1,Y,card,2087.05,1878.35
2519,364,2025-08-26,Fashion,128.91,26,0.1,N,card,3351.66,3016.49
2520,321,2025-02-03,Grocery,46.58,92,0.0,Y,card,4285.36,4285.36
2521,633,2025-06-18,Grocery,73.79,53,0.05,Y,wallet,3910.87,3715.33
2522,286,2025-01-10,Beauty,136.06,93,0.0,Y,card,12653.58,12653.58
2523,149,2025-05-02,Grocery,62.31,32,0.05,N,wallet,1993.92,1894.22
2524,84,2025-05-25,Grocery,129.31,34,0.0,Y,card,4396.54,"₩4,396.54"
2525,406,2025-08-11,Grocery,57.0,46,0.0,Y,card,2622.0,2622.0
2526,456,2025-09-14,Fashion,137.08,85,0.1,N,wallet,11651.8,10486.62
2527,743,2025-09-25,Grocery,76.45,74,0.15,Y,bank,5657.3,4808.7
2528,800,2025-12-25,Grocery,56.24,11,0.1,Y,card,618.64,556.78
2529,161,2025-01-04,Beauty,93.22,83,0.1,N,card,7737.26,6963.53
2530,784,2025-12-20,Fashion,22.72,41,0.2,N,card,931.52,745.22
2531,460,2025-04-16,Grocery,233.35,98,0.0,Y,card,22868.3,22868.3
2532,550,2025-03-26,Fashion,83.42,83,,N,bank,6923.86,6923.86
2533,500,2025-08-02,Grocery,107.4,64,0.1,N,card,6873.6,6186.24
2534,738,2025-05-01,Grocery,30.88,59,0.05,N,card,1821.92,1730.82
2535,509,2025-05-12,Electronics,159.84,74,0.05,Y,card,11828.16,"₩11,236.75"
2536,654,2025-12-04,Fashion,62.39,41,0.0,N,card,2557.99,2557.99
2537,481,2025-07-16,Electronics,40.77,46,,N,card,1875.42,1781.65
2538,663,2025-01-19,Electronics,132.31,85,0.05,Y,card,11246.35,10684.03
2539,114,2025-05-10,Grocery,39.79,91,0.0,N,card,3620.89,"₩3,620.89"
2540,749,2025-01-12,Fashion,75.09,22,0.05,Y,card,1651.98,1569.38
2541,578,2025-03-22,Fashion,75.8,63,0.05,N,wallet,4775.4,4536.63
2542,361,2025-11-26,Electronics,141.89,12,0.15,N,card,1702.68,"₩1,447.28"
2543,341,2025-12-20,Electronics,136.46,94,0.2,Y,bank,12827.24,10261.79
2544,770,2025-09-19,Grocery,82.65,51,0.15,Y,,4215.15,3582.88
2545,761,2025-05-05,Fashion,77.24,87,0.2,Y,card,6719.88,5375.9
2546,449,2025-11-03,Beauty,41.43,49,0.0,Y,wallet,2030.07,"₩2,030.07"
2547,180,2025-09-24,Fashion,84.36,83,0.15,Y,card,7001.88,"₩5,951.60"
2548,702,2025-05-20,Fashion,207.19,75,0.05,Y,wallet,15539.25,"₩14,762.29"
2549,407,2025-11-25,Fashion,66.44,69,0.1,N,,4584.36,4125.92
2550,666,2025-01-02,Grocery,37.27,20,,N,card,745.4,745.4
2551,196,2025-01-08,Grocery,30.57,10,0.15,Y,,305.7,259.84
2552,466,2025-09-07,Beauty,43.94,35,,N,card,1537.9,1537.9
2553,311,2025-05-19,Grocery,17.89,51,0.0,N,card,912.39,912.39
2554,262,2025-05-04,Fashion,160.09,71,0.15,Y,bank,11366.39,9661.43
2555,419,2025-11-05,Grocery,218.07,70,0.1,Y,card,15264.9,13738.41
2556,406,2025-08-16,Beauty,75.92,86,0.05,Y,wallet,6529.12,6202.66
2557,143,2025-01-10,Fashion,102.63,94,0.1,Y,card,9647.22,8682.5
2558,342,2025-07-31,Electronics,100.43,71,0.0,N,card,7130.53,7130.53
2559,316,2025-04-22,Grocery,84.71,83,0.1,Y,card,7030.93,6327.84
2560,101,2025-01-08,Fashion,42.57,21,0.0,N,card,893.97,893.97
2561,244,2025-10-19,Beauty,84.49,36,0.15,N,card,3041.64,2585.39
2562,490,2025-12-28,Fashion,84.39,76,0.05,Y,card,6413.64,6092.96
2563,12,2025-09-10,Electronics,56.24,37,0.15,Y,card,2080.88,1768.75
2564,239,2025-01-14,Beauty,98.71,75,0.05,N,wallet,7403.25,7033.09
2565,561,2025-08-28,Grocery,57.04,37,0.05,N,card,2110.48,2004.96
2566,42,2025-08-30,Electronics,117.31,30,0.05,Y,card,3519.3,3343.34
2567,678,2025-12-08,Beauty,85.64,16,0.05,N,card,1370.24,1301.73
2568,594,2025-05-29,Fashion,99.05,23,0.0,N,card,2278.15,2278.15
2569,429,2025-08-24,Fashion,58.35,48,0.15,Y,card,2800.8,"₩2,380.68"
2570,158,2025-11-02,Beauty,125.2,82,0.05,Y,card,10266.4,9753.08
2571,216,2025-06-16,Fashion,56.23,96,0.05,Y,card,5398.08,5128.18
2572,670,2025-01-20,Electronics,95.46,71,0.0,Y,card,6777.66,6777.66
2573,462,2025-08-04,Fashion,45.42,21,0.0,N,card,953.82,953.82
2574,134,2025-12-09,Grocery,109.41,47,0.05,Y,wallet,5142.27,4885.16
2575,67,2025-05-15,Electronics,44.58,67,0.15,Y,bank,2986.86,2538.83
2576,7,2025-05-09,Grocery,169.78,65,0.05,Y,card,11035.7,10483.92
2577,526,2025-10-21,Grocery,125.01,48,0.0,Y,card,6000.48,6000.48
2578,73,2025-09-03,Fashion,59.61,95,0.0,Y,card,5662.95,5662.95
2579,399,2025-07-08,Grocery,73.18,13,0.15,N,bank,951.34,808.64
2580,405,2025-02-13,Beauty,48.22,57,0.1,Y,bank,2748.54,2473.69
2581,675,2025-03-27,Fashion,49.46,16,0.2,Y,card,791.36,633.09
2582,578,2025-02-13,Fashion,75.36,69,0.0,Y,card,5199.84,5199.84
2583,130,2025-11-26,Fashion,72.18,49,0.15,Y,bank,3536.82,3006.3
2584,466,2025-05-25,Grocery,113.25,17,0.15,Y,card,1925.25,1636.46
2585,206,2025-02-20,Beauty,39.91,67,0.15,N,wallet,2673.97,2272.87
2586,788,2025-08-30,Fashion,35.22,66,0.0,N,card,2324.52,2324.52
2587,768,2025-10-21,Fashion,65.67,44,0.1,N,bank,2889.48,"₩2,600.53"
2588,266,2025-02-20,Fashion,78.27,82,0.05,Y,wallet,6418.14,6097.23
2589,537,2025-09-23,Grocery,19.08,22,0.05,N,card,419.76,₩398.77
2590,793,2025-04-30,Electronics,60.67,48,0.05,N,card,2912.16,2766.55
2591,253,2025-07-19,Grocery,90.9,93,0.1,N,bank,8453.7,7608.33
2592,289,2025-09-05,Fashion,47.34,30,0.2,Y,bank,1420.2,1136.16
2593,164,2025-03-11,Grocery,33.16,56,0.1,Y,card,1856.96,1671.26
2594,95,2025-12-07,Fashion,117.77,92,0.1,N,card,10834.84,9751.36
2595,782,2025-02-26,Grocery,42.33,11,0.1,N,wallet,465.63,419.07
2596,110,2025-02-08,Electronics,81.96,53,0.1,N,card,4343.88,3909.49
2597,336,2025-10-16,Grocery,74.58,39,0.0,Y,card,2908.62,2908.62
2598,238,2025-01-18,Electronics,63.64,96,0.0,Y,wallet,6109.44,6109.44
2599,381,2025-08-08,Electronics,85.17,64,0.1,N,card,5450.88,4905.79
2600,436,2025-11-09,Fashion,106.61,49,0.0,Y,bank,5223.89,5223.89
2601,483,2025-09-01,Grocery,124.39,86,0.1,N,bank,10697.54,9627.79
2602,25,2025-12-18,Electronics,111.12,33,0.15,Y,,3666.96,3116.92
2603,653,2025-10-31,Electronics,86.96,51,0.05,N,card,4434.96,4213.21
2604,117,2025-10-25,Grocery,61.9,37,0.15,Y,wallet,2290.3,1946.76
2605,482,2025-10-10,Grocery,90.19,60,0.05,Y,,5411.4,5140.83
2606,392,2025-03-15,Electronics,26.31,31,0.0,Y,card,815.61,815.61
2607,537,2025-04-20,Grocery,66.74,98,0.05,N,card,6540.52,6213.49
2608,79,2025-06-29,Fashion,76.93,87,,Y,card,6692.91,5688.97
2609,580,2025-02-01,Grocery,173.94,83,0.2,N,card,14437.02,11549.62
2610,173,2025-08-22,Beauty,,83,0.05,Y,bank,6724.66,6388.43
2611,12,2025-10-09,Electronics,82.81,17,0.0,N,bank,1407.77,1407.77
2612,800,2025-01-25,Grocery,78.61,23,0.0,Y,bank,1808.03,1808.03
2613,128,2025-11-27,Fashion,89.45,54,0.05,Y,bank,4830.3,4588.78
2614,608,2025-10-06,Grocery,35.63,47,0.05,N,card,1674.61,1590.88
2615,92,2025-08-14,Grocery,75.5,41,0.1,N,card,3095.5,2785.95
2616,653,2025-02-26,Beauty,42.72,71,0.15,N,card,3033.12,2578.15
2617,543,2025-06-29,Electronics,58.04,76,0.1,Y,card,4411.04,3969.94
2618,532,2025-08-20,Electronics,54.47,93,0.0,N,card,5065.71,5065.71
2619,658,2025-12-09,Electronics,54.31,70,0.05,N,card,3801.7,"₩3,611.62"
2620,447,2025-10-14,Beauty,69.25,22,0.15,N,card,1523.5,1294.97
2621,390,2025-03-05,Grocery,131.79,96,0.1,N,card,12651.84,11386.66
2622,672,2025-08-20,Grocery,90.24,92,0.0,N,card,8302.08,8302.08
2623,43,2025-10-16,Electronics,85.26,89,0.0,Y,card,7588.14,7588.14
2624,254,2025-08-01,Beauty,86.75,56,0.1,Y,card,4858.0,"₩4,372.20"
2625,130,2025-09-15,Grocery,58.71,63,0.0,N,card,3698.73,3698.73
2626,60,2025-01-18,Grocery,80.83,80,0.1,N,card,6466.4,5819.76
2627,663,2025-06-24,Fashion,18.35,61,0.05,N,card,1119.35,1063.38
2628,467,2025-08-17,Electronics,60.48,81,0.0,Y,card,4898.88,4898.88
2629,287,2025-08-14,Grocery,61.1,34,0.1,N,card,2077.4,1869.66
2630,517,2025-03-25,Grocery,53.97,32,0.0,N,card,1727.04,1727.04
2631,467,2025-10-18,Electronics,143.92,83,0.05,Y,card,11945.36,11348.09
2632,778,2025-09-03,Grocery,97.43,39,0.0,Y,card,3799.77,3799.77
2633,345,2025-04-20,Fashion,160.84,20,0.1,N,card,3216.8,2895.12
2634,642,2025-09-11,Grocery,102.44,44,0.1,Y,card,4507.36,"₩4,056.62"
2635,382,2025-03-29,Fashion,118.21,36,0.0,Y,wallet,4255.56,4255.56
2636,779,2025-03-13,Electronics,115.66,76,0.15,Y,card,8790.16,7471.64
2637,690,2025-01-30,Fashion,116.26,56,,Y,card,6510.56,6510.56
2638,253,2025-06-21,Fashion,39.03,59,0.05,Y,card,2302.77,2187.63
2639,56,2025-11-05,Electronics,39.49,17,0.05,N,bank,671.33,637.76
2640,463,2025-12-09,Grocery,142.0,64,0.1,Y,wallet,9088.0,8179.2
2641,457,2025-06-26,Electronics,30.93,86,0.0,N,card,2659.98,2659.98
2642,83,2025-05-19,Fashion,104.9,51,0.0,Y,bank,5349.9,5349.9
2643,99,2025-07-13,Electronics,95.52,76,0.05,N,card,7259.52,6896.54
2644,149,2025-07-05,Electronics,71.76,29,0.0,Y,bank,2081.04,2081.04
2645,329,2025-08-06,Fashion,148.4,54,0.15,N,card,8013.6,6811.56
2646,156,2025-06-13,Electronics,65.96,44,0.0,Y,card,2902.24,2902.24
2647,190,2025-06-10,Grocery,87.28,86,0.05,Y,card,7506.08,7130.78
2648,494,2025-01-13,Electronics,32.91,29,0.05,Y,bank,954.39,906.67
2649,263,2025-10-23,Grocery,97.64,33,0.05,N,wallet,3222.12,3061.01
2650,80,2025-03-30,Electronics,94.83,66,0.1,Y,card,6258.78,5632.9
2651,400,2025-11-20,Electronics,28.46,64,0.05,N,card,1821.44,1730.37
2652,764,2025-02-11,Fashion,137.21,18,0.0,Y,card,2469.78,2469.78
2653,609,2025-07-29,Beauty,,98,0.1,Y,bank,9471.7,8524.53
2654,260,2025-08-17,Grocery,108.34,25,0.0,Y,card,2708.5,2708.5
2655,772,2025-12-16,Grocery,70.7,64,0.1,N,card,4524.8,4072.32
2656,615,2025-10-02,Electronics,28.92,81,0.15,Y,card,2342.52,1991.14
2657,552,2025-10-06,Grocery,59.56,67,0.0,Y,card,3990.52,3990.52
2658,785,2025-09-08,Electronics,59.86,73,0.05,N,card,4369.78,"₩4,151.29"
2659,101,2025-11-06,Electronics,87.65,85,0.0,Y,card,7450.25,7450.25
2660,359,2025-07-27,Grocery,27.05,97,0.15,N,card,2623.85,2230.27
2661,380,2025-11-17,Fashion,72.4,58,0.1,Y,card,4199.2,3779.28
2662,221,2025-05-20,Beauty,39.69,38,0.0,N,card,1508.22,1508.22
2663,420,2025-10-07,Electronics,67.83,88,,N,bank,5969.04,5670.59
2664,124,2025-02-03,Beauty,67.49,91,0.1,Y,card,6141.59,5527.43
2665,422,2025-11-05,Grocery,70.64,16,0.05,Y,bank,1130.24,1073.73
2666,231,2025-01-18,Grocery,,86,0.0,N,card,7598.96,7598.96
2667,690,2025-02-26,Electronics,181.77,92,0.05,N,card,16722.84,15886.7
2668,63,2025-04-22,Fashion,50.49,78,,Y,bank,3938.22,3544.4
2669,485,2025-01-05,Beauty,187.63,99,0.0,N,card,18575.37,18575.37
2670,628,2025-07-01,Fashion,80.33,11,0.0,Y,card,883.63,883.63
2671,703,2025-01-13,Grocery,55.01,42,0.15,N,card,2310.42,1963.86
2672,574,2025-12-05,Beauty,93.12,57,0.0,N,wallet,5307.84,5307.84
2673,768,2025-10-12,Fashion,32.62,46,0.05,N,card,1500.52,1425.49
2674,483,2025-09-16,Grocery,30.09,98,0.1,N,card,2948.82,2653.94
2675,519,2025-03-31,Grocery,32.35,98,0.0,N,card,3170.3,"₩3,170.30"
2676,155,2025-04-14,Electronics,61.74,39,0.1,Y,bank,2407.86,2167.07
2677,92,2025-07-05,Electronics,82.15,50,0.05,N,card,4107.5,3902.12
2678,526,2025-09-07,Fashion,31.2,13,0.05,Y,card,405.6,385.32
2679,455,2025-09-12,Fashion,151.79,92,0.05,Y,card,13964.68,13266.45
2680,741,2025-03-17,Grocery,139.57,48,,Y,bank,6699.36,5694.46
2681,598,2025-04-18,Electronics,66.72,33,0.1,N,card,2201.76,1981.58
2682,645,2025-06-05,Beauty,28.75,59,0.0,N,,1696.25,1696.25
2683,510,2025-03-23,Electronics,82.77,46,0.0,Y,card,3807.42,3807.42
2684,183,2025-03-18,Grocery,,62,0.0,Y,card,1743.44,1743.44
2685,386,2025-09-15,Grocery,88.88,34,0.15,Y,wallet,3021.92,2568.63
2686,574,2025-05-07,Electronics,102.5,40,0.15,Y,bank,4100.0,"₩3,485.00"
2687,731,2025-10-09,Electronics,87.15,47,0.0,N,card,4096.05,4096.05
2688,405,2025-03-29,Grocery,159.84,67,0.05,N,card,10709.28,10173.82
2689,246,2025-07-23,Beauty,43.98,62,0.0,N,bank,2726.76,"₩2,726.76"
2690,742,2025-01-16,Fashion,59.31,59,0.15,Y,card,3499.29,2974.4
2691,591,2025-05-31,Fashion,71.98,13,0.0,N,card,935.74,935.74
2692,661,2025-09-11,Fashion,105.31,61,0.05,Y,card,6423.91,6102.71
2693,650,2025-07-07,Electronics,101.93,40,0.0,N,card,4077.2,4077.2
2694,471,2025-11-25,Grocery,56.65,96,0.0,N,card,5438.4,5438.4
2695,423,2025-02-01,Grocery,42.41,87,,N,card,3689.67,3689.67
2696,65,2025-09-28,Fashion,52.43,23,0.05,N,wallet,1205.89,1145.6
2697,13,2025-01-05,Beauty,63.85,10,0.05,Y,bank,638.5,606.57
2698,213,2025-11-26,Electronics,103.29,52,0.0,N,card,5371.08,"₩5,371.08"
2699,242,2025-11-04,Grocery,75.23,68,0.0,Y,bank,5115.64,5115.64
2700,493,2025-11-29,Fashion,154.28,70,0.05,Y,bank,10799.6,10259.62
2701,213,2025-06-18,Fashion,34.05,50,0.15,Y,card,1702.5,"₩1,447.12"
2702,693,2025-06-30,Fashion,146.6,27,,Y,card,3958.2,3562.38
2703,338,2025-06-27,Fashion,108.07,69,0.1,N,card,7456.83,6711.15
2704,173,2025-05-23,Grocery,40.33,78,0.05,Y,card,3145.74,"₩2,988.45"
2705,672,2025-12-28,Grocery,26.46,88,0.1,Y,card,2328.48,2095.63
2706,164,2025-09-05,Fashion,67.02,68,0.05,Y,card,4557.36,"₩4,329.49"
2707,465,2025-05-07,Grocery,88.08,51,0.0,N,card,4492.08,4492.08
2708,497,2025-09-20,Fashion,115.79,89,0.05,N,card,10305.31,9790.04
2709,700,2025-02-09,Grocery,38.87,45,0.0,Y,card,1749.15,1749.15
2710,395,2025-12-21,Electronics,48.5,49,0.0,N,bank,2376.5,2376.5
2711,703,2025-09-12,Electronics,111.46,39,0.0,N,card,4346.94,4346.94
2712,308,2025-05-23,Fashion,55.0,96,0.0,Y,card,5280.0,5280.0
2713,768,2025-08-28,Grocery,80.32,20,0.0,N,bank,1606.4,1606.4
2714,183,2025-08-16,Grocery,58.0,34,0.1,Y,,1972.0,"₩1,774.80"
2715,629,2025-12-07,Fashion,127.22,54,0.05,Y,wallet,6869.88,6526.39
2716,794,2025-07-17,Electronics,79.89,60,0.15,N,card,4793.4,4074.39
2717,510,2025-03-06,Fashion,58.4,52,0.0,Y,card,3036.8,"₩3,036.80"
2718,708,2025-01-11,Grocery,56.16,75,0.0,Y,bank,4212.0,4212.0
2719,546,2025-04-18,Grocery,85.14,56,0.15,N,card,4767.84,4052.66
2720,564,2025-01-26,Electronics,82.62,33,0.05,N,bank,2726.46,2590.14
2721,624,2025-05-31,Electronics,60.26,86,0.1,Y,card,5182.36,4664.12
2722,764,2025-08-09,Grocery,131.27,46,0.05,N,card,6038.42,5736.5
2723,594,2025-12-07,Electronics,89.63,65,0.05,Y,card,5825.95,5534.65
2724,744,2025-08-25,Electronics,40.44,84,0.0,Y,bank,3396.96,3396.96
2725,227,2025-08-25,Electronics,127.96,96,0.15,N,,12284.16,"₩10,441.54"
2726,745,2025-08-07,Fashion,44.55,55,0.0,N,card,2450.25,2450.25
2727,733,2025-05-31,Fashion,49.26,37,0.0,Y,card,1822.62,1822.62
2728,436,2025-05-03,Grocery,46.39,61,0.1,N,wallet,2829.79,2546.81
2729,422,2025-05-24,Fashion,71.04,24,0.05,N,card,1704.96,1619.71
2730,554,2025-07-08,Grocery,61.3,54,0.15,N,bank,3310.2,"₩2,813.67"
2731,21,2025-09-12,Electronics,50.69,67,0.0,Y,card,3396.23,3396.23
2732,554,2025-03-09,Grocery,42.57,76,0.1,N,card,3235.32,2911.79
2733,397,2025-04-14,Grocery,142.57,82,0.05,N,card,11690.74,11106.2
2734,625,2025-12-02,Grocery,125.02,81,0.0,N,wallet,10126.62,10126.62
2735,105,2025-06-08,Electronics,108.91,82,0.1,N,bank,8930.62,8037.56
2736,192,2025-11-05,Electronics,82.65,90,0.05,Y,bank,7438.5,7066.58
2737,17,2025-12-28,Fashion,,50,0.05,Y,card,2597.5,"₩2,467.62"
2738,120,2025-10-27,Grocery,62.95,74,0.2,Y,bank,4658.3,3726.64
2739,393,2025-03-31,Electronics,62.42,49,,Y,bank,3058.58,2905.65
2740,425,2025-12-23,Beauty,65.81,14,0.15,N,card,921.34,783.14
2741,129,2025-09-13,Beauty,47.11,84,0.1,N,bank,3957.24,3561.52
2742,130,2025-12-19,Fashion,120.26,37,0.1,N,card,4449.62,4004.66
2743,572,2025-08-08,Beauty,112.19,47,0.15,Y,card,5272.93,4481.99
2744,560,2025-01-09,Electronics,49.85,90,0.0,Y,,4486.5,4486.5
2745,29,2025-01-12,Electronics,53.08,96,0.15,Y,card,5095.68,4331.33
2746,97,2025-11-21,Electronics,66.48,27,0.05,N,,1794.96,1705.21
2747,10,2025-09-01,Grocery,73.48,46,0.15,N,card,3380.08,2873.07
2748,242,2025-07-01,Electronics,80.0,36,0.05,N,card,2880.0,2736.0
2749,232,2025-10-11,Beauty,71.07,34,0.15,Y,bank,2416.38,2053.92
2750,789,2025-11-08,Electronics,68.33,78,0.15,N,card,5329.74,4530.28
2751,284,2025-04-09,Fashion,12.97,92,,Y,card,1193.24,1133.58
2752,715,2025-07-16,Grocery,58.09,36,0.05,Y,card,2091.24,1986.68
2753,759,2025-08-14,Electronics,74.61,86,0.1,Y,card,6416.46,"₩5,774.81"
2754,776,2025-11-29,Electronics,62.09,63,0.0,Y,card,3911.67,3911.67
2755,726,2025-04-13,Grocery,,16,0.0,N,card,1603.04,1603.04
2756,200,2025-04-16,Fashion,94.0,99,0.05,N,card,9306.0,8840.7
2757,79,2025-12-31,Electronics,81.27,87,0.05,Y,card,7070.49,6716.97
2758,173,2025-02-27,Fashion,122.13,36,0.0,Y,card,4396.68,4396.68
2759,467,2025-03-19,Fashion,146.83,68,0.05,Y,,9984.44,9485.22
2760,581,2025-03-16,Beauty,156.15,81,,Y,card,12648.15,12648.15
2761,416,2025-02-11,Grocery,26.89,40,0.0,N,bank,1075.6,1075.6
2762,449,2025-11-20,Fashion,72.41,77,0.0,N,card,5575.57,5575.57
2763,87,2025-06-30,Fashion,126.61,13,0.0,Y,bank,1645.93,1645.93
2764,101,2025-02-02,Fashion,53.77,27,0.0,Y,card,1451.79,1451.79
2765,8,2025-03-12,Beauty,128.31,72,0.05,Y,bank,9238.32,8776.4
2766,200,2025-02-25,Electronics,90.66,96,0.0,Y,wallet,8703.36,8703.36
2767,505,2025-04-15,Fashion,67.46,85,,N,card,5734.1,4873.99
2768,87,2025-07-19,Grocery,49.13,61,0.05,N,card,2996.93,2847.08
2769,43,2025-04-11,Beauty,229.48,93,0.0,Y,card,21341.64,21341.64
2770,385,2025-09-13,Electronics,84.58,72,0.0,Y,,6089.76,6089.76
2771,621,2025-11-03,Electronics,31.29,54,0.1,Y,card,1689.66,1520.69
2772,435,2025-03-15,Electronics,48.78,21,0.0,Y,bank,1024.38,1024.38
2773,408,2025-06-20,Electronics,52.46,17,,Y,wallet,891.82,758.05
2774,483,2025-05-23,Grocery,117.94,31,,N,card,3656.14,3473.33
2775,664,2025-06-15,Grocery,113.35,50,0.05,N,card,5667.5,5384.12
2776,17,2025-09-18,Grocery,49.35,50,0.2,Y,card,2467.5,1974.0
2777,645,2025-08-09,Electronics,159.19,90,0.05,Y,card,14327.1,13610.74
2778,148,2025-03-24,Electronics,59.56,66,0.15,Y,bank,3930.96,3341.32
2779,277,2025-07-01,Electronics,52.41,41,0.15,Y,card,2148.81,1826.49
2780,232,2025-11-03,Fashion,15.45,64,0.15,N,bank,988.8,840.48
2781,366,2025-01-10,Grocery,62.64,15,0.15,N,card,939.6,798.66
2782,228,2025-01-04,Electronics,109.6,48,0.0,Y,card,5260.8,5260.8
2783,651,2025-12-17,Electronics,67.36,18,0.0,N,card,1212.48,1212.48
2784,436,2025-12-02,Fashion,131.61,41,0.05,N,card,5396.01,"₩5,126.21"
2785,399,2025-10-19,Fashion,57.45,45,0.2,Y,bank,2585.25,2068.2
2786,211,2025-10-08,Fashion,71.75,25,0.05,Y,card,1793.75,1704.06
2787,391,2025-08-03,Grocery,85.62,21,0.0,Y,card,1798.02,1798.02
2788,499,2025-04-08,Electronics,70.3,50,0.1,N,card,3515.0,3163.5
2789,540,2025-04-11,Grocery,20.53,76,0.05,N,card,1560.28,"₩1,482.27"
2790,563,2025-01-09,Fashion,115.67,67,0.1,N,card,7749.89,6974.9
2791,491,2025-03-02,Fashion,76.67,18,0.15,N,wallet,1380.06,1173.05
2792,442,2025-11-05,Beauty,157.17,26,0.05,N,card,4086.42,3882.1
2793,261,2025-05-26,Electronics,74.82,14,0.1,Y,card,1047.48,942.73
2794,773,2025-03-04,Grocery,139.59,35,0.1,N,bank,4885.65,4397.08
2795,350,2025-05-01,Fashion,66.79,94,0.1,N,card,6278.26,5650.43
2796,352,2025-08-14,Fashion,167.84,10,0.0,Y,card,1678.4,1678.4
2797,520,2025-04-15,Grocery,122.81,10,0.05,Y,card,1228.1,1166.7
2798,320,2025-09-17,Beauty,92.86,44,0.0,Y,card,4085.84,4085.84
2799,138,2025-12-15,Grocery,12.8,18,0.1,Y,card,230.4,207.36
2800,550,2025-09-12,Grocery,87.71,96,0.05,N,bank,8420.16,"₩7,999.15"
2801,623,2025-07-26,Electronics,133.94,47,,Y,card,6295.18,6295.18
2802,368,2025-01-28,Grocery,59.96,13,0.05,N,wallet,779.48,740.51
2803,220,2025-06-19,Grocery,29.07,61,0.05,Y,card,1773.27,1684.61
2804,337,2025-12-02,Electronics,47.58,28,0.0,N,bank,1332.24,"₩1,332.24"
2805,223,2025-03-17,Fashion,61.42,14,0.0,N,bank,859.88,859.88
2806,648,2025-04-26,Grocery,105.02,57,0.1,N,card,5986.14,"₩5,387.53"
2807,768,2025-03-10,Fashion,195.42,96,0.1,Y,card,18760.32,16884.29
2808,360,2025-12-20,Fashion,,72,0.05,N,bank,8079.84,7675.85
2809,329,2025-08-22,Beauty,68.96,47,0.1,Y,card,3241.12,2917.01
2810,463,2025-01-01,Electronics,50.74,61,0.05,N,card,3095.14,2940.38
2811,561,2025-06-16,Electronics,,96,0.15,Y,card,15387.84,13079.66
2812,382,2025-12-18,Grocery,76.74,55,0.0,N,wallet,4220.7,4220.7
2813,590,2025-08-06,Fashion,64.92,91,0.15,N,card,5907.72,5021.56
2814,617,2025-09-30,Grocery,69.72,18,0.05,N,card,1254.96,1192.21
2815,169,2025-09-08,Electronics,88.29,59,0.05,N,wallet,5209.11,4948.65
2816,217,2025-12-13,Fashion,69.17,83,0.1,Y,card,5741.11,5167.0
2817,378,2025-12-10,Electronics,49.23,75,0.0,Y,card,3692.25,3692.25
2818,119,2025-06-23,Beauty,,86,0.1,Y,card,11522.28,10370.05
2819,190,2025-06-19,Fashion,63.03,47,0.0,Y,bank,2962.41,2962.41
2820,767,2025-09-03,Fashion,77.99,36,0.05,N,card,2807.64,2667.26
2821,370,2025-03-31,Electronics,72.42,29,0.1,N,bank,2100.18,1890.16
2822,778,2025-02-18,Electronics,83.64,71,0.05,N,wallet,5938.44,"₩5,641.52"
2823,149,2025-10-21,Fashion,34.72,83,0.0,Y,card,2881.76,2881.76
2824,676,2025-05-30,Electronics,35.2,25,0.15,Y,card,880.0,748.0
2825,652,2025-05-12,Fashion,68.37,88,0.15,N,bank,6016.56,5114.08
2826,488,2025-02-28,Fashion,195.83,22,0.1,N,card,4308.26,3877.43
2827,770,2025-11-20,Grocery,55.44,29,0.15,Y,card,1607.76,1366.6
2828,374,2025-07-18,Grocery,69.42,33,0.2,N,card,2290.86,1832.69
2829,781,2025-08-03,Fashion,41.61,59,0.1,Y,bank,2454.99,2209.49
2830,693,2025-02-18,Electronics,94.23,16,0.15,Y,card,1507.68,"₩1,281.53"
2831,160,2025-08-20,Grocery,56.36,96,0.05,N,card,5410.56,5140.03
2832,351,2025-09-04,Grocery,35.69,97,0.1,N,card,3461.93,3115.74
2833,288,2025-08-27,Electronics,53.3,38,0.0,N,card,2025.4,2025.4
2834,288,2025-06-17,Beauty,52.12,14,0.1,Y,card,729.68,656.71
2835,226,2025-02-17,Electronics,,44,0.15,Y,card,4512.64,3835.74
2836,523,2025-02-20,Electronics,43.17,74,0.05,Y,card,3194.58,3034.85
2837,522,2025-10-26,Electronics,58.87,91,0.1,N,,5357.17,4821.45
2838,783,2025-04-08,Beauty,65.88,79,0.15,Y,card,5204.52,4423.84
2839,273,2025-08-04,Fashion,46.23,96,0.15,N,card,4438.08,3772.37
2840,402,2025-06-26,Grocery,41.66,83,0.0,N,bank,3457.78,3457.78
2841,183,2025-03-21,Electronics,59.75,16,0.15,N,card,956.0,₩812.60
2842,665,2025-07-04,Fashion,66.0,53,0.0,Y,card,3498.0,3498.0
2843,488,2025-01-27,Fashion,69.28,81,0.1,Y,card,5611.68,5050.51
2844,124,2025-07-14,Grocery,33.4,22,0.0,N,wallet,734.8,734.8
2845,626,2025-08-02,Electronics,64.37,91,0.0,N,bank,5857.67,5857.67
2846,790,2025-12-08,Electronics,97.89,87,0.0,N,card,8516.43,8516.43
2847,414,2025-04-24,Electronics,105.84,84,0.05,Y,wallet,8890.56,"₩8,446.03"
2848,725,2025-08-30,Beauty,64.25,47,0.1,N,card,3019.75,2717.78
2849,172,2025-05-04,Fashion,31.9,22,0.0,Y,card,701.8,₩701.80
2850,288,2025-11-01,Fashion,54.53,63,0.15,Y,card,3435.39,2920.08
2851,435,2025-03-17,Fashion,108.25,53,0.2,N,card,5737.25,4589.8
2852,686,2025-11-07,Beauty,11.34,22,0.1,Y,card,249.48,224.53
2853,113,2025-11-08,Beauty,47.29,34,0.05,Y,bank,1607.86,1527.47
2854,122,2025-07-15,Grocery,72.78,33,0.05,Y,card,2401.74,2281.65
2855,544,2025-12-17,Fashion,77.07,38,0.0,Y,card,2928.66,2928.66
2856,222,2025-02-13,Electronics,87.65,79,0.0,Y,card,6924.35,6924.35
2857,631,2025-07-05,Beauty,29.14,27,0.15,Y,card,786.78,668.76
2858,39,2025-12-09,Fashion,70.12,14,0.0,Y,bank,981.68,981.68
2859,497,2025-09-03,Fashion,76.8,27,0.15,N,card,2073.6,"₩1,762.56"
2860,780,2025-03-25,Fashion,49.39,72,0.0,N,card,3556.08,"₩3,556.08"
2861,233,2025-07-26,Beauty,103.0,46,0.0,N,bank,4738.0,4738.0
2862,530,2025-05-31,Fashion,39.49,80,0.0,Y,wallet,3159.2,3159.2
2863,149,2025-06-05,Grocery,108.58,64,0.1,Y,bank,6949.12,6254.21
2864,397,2025-01-16,Grocery,74.66,82,,N,card,6122.12,5816.01
2865,661,2025-06-14,Fashion,37.99,21,0.0,Y,wallet,797.79,797.79
2866,638,2025-05-25,Electronics,66.34,61,0.1,Y,card,4046.74,3642.07
2867,302,2025-02-06,Beauty,46.59,66,0.15,Y,card,3074.94,2613.7
2868,360,2025-11-29,Beauty,39.24,55,0.05,Y,,2158.2,2050.29
2869,238,2025-02-14,Grocery,79.52,53,0.0,N,card,4214.56,4214.56
2870,647,2025-07-25,Grocery,110.07,33,0.0,N,card,3632.31,3632.31
2871,663,2025-03-03,Fashion,186.66,18,0.1,N,wallet,3359.88,3023.89
2872,236,2025-12-22,Beauty,35.02,21,0.1,N,card,735.42,661.88
2873,736,2025-11-04,Fashion,49.11,18,0.15,N,card,883.98,751.38
2874,203,2025-01-19,Grocery,74.8,31,0.05,Y,card,2318.8,2202.86
2875,256,2025-12-31,Beauty,118.86,26,0.0,Y,bank,3090.36,3090.36
2876,598,2025-10-27,Grocery,21.59,42,0.05,N,card,906.78,861.44
2877,662,2025-01-07,Grocery,53.64,56,0.1,Y,card,3003.84,"₩2,703.46"
2878,235,2025-09-06,Grocery,54.07,97,0.05,N,card,5244.79,4982.55
2879,345,2025-04-27,Electronics,140.85,24,0.2,Y,card,3380.4,"₩2,704.32"
2880,534,2025-03-09,Grocery,120.87,42,0.05,N,bank,5076.54,4822.71
2881,797,2025-02-03,Electronics,52.05,24,,N,card,1249.2,1186.74
2882,781,2025-07-13,Fashion,50.88,36,0.0,Y,card,1831.68,1831.68
2883,466,2025-11-21,Electronics,52.38,70,0.0,N,bank,3666.6,3666.6
2884,770,2025-02-24,Fashion,66.81,77,0.1,N,card,5144.37,4629.93
2885,541,2025-09-23,Grocery,69.05,91,0.05,N,bank,6283.55,5969.37
2886,213,2025-02-11,Beauty,107.92,94,0.0,N,card,10144.48,10144.48
2887,463,2025-10-24,Fashion,18.55,57,0.0,Y,card,1057.35,1057.35
2888,436,2025-08-19,Fashion,85.47,17,0.1,N,card,1452.99,"₩1,307.69"
2889,283,2025-01-10,Fashion,56.87,15,0.15,Y,card,853.05,725.09
2890,562,2025-12-24,Beauty,96.69,72,0.0,N,bank,6961.68,"₩6,961.68"
2891,607,2025-05-08,Fashion,65.89,93,0.1,N,bank,6127.77,5514.99
2892,463,2025-06-28,Grocery,116.58,11,0.0,Y,card,1282.38,1282.38
2893,407,2025-07-12,Beauty,51.33,31,,N,bank,1591.23,"₩1,432.11"
2894,88,2025-04-02,Fashion,55.81,30,0.1,N,card,1674.3,"₩1,506.87"
2895,44,2025-08-19,Beauty,19.8,15,0.0,N,card,297.0,297.0
2896,461,2025-03-19,Beauty,64.67,79,0.1,N,bank,5108.93,"₩4,598.04"
2897,278,2025-03-26,Beauty,18.81,22,0.0,N,card,413.82,413.82
2898,683,2025-01-30,Fashion,,10,0.0,Y,card,813.7,813.7
2899,421,2025-08-01,Fashion,106.92,31,0.05,N,card,3314.52,"₩3,148.79"
2900,701,2025-02-18,Beauty,109.77,33,0.05,N,card,3622.41,3441.29
2901,353,2025-09-22,Fashion,,73,0.1,N,card,8553.41,7698.07
2902,696,2025-05-25,Grocery,170.29,50,0.0,Y,bank,8514.5,8514.5
2903,515,2025-03-10,Electronics,122.96,31,0.1,Y,,3811.76,3430.58
2904,703,2025-02-27,Electronics,91.05,70,0.0,N,card,6373.5,6373.5
2905,630,2025-07-04,Fashion,66.17,21,0.0,Y,card,1389.57,1389.57
2906,19,2025-03-03,Grocery,62.41,99,0.05,Y,card,6178.59,5869.66
2907,23,2025-11-04,Fashion,73.76,13,0.05,N,card,958.88,910.94
2908,413,2025-10-23,Grocery,107.78,92,0.2,Y,card,9915.76,7932.61
2909,30,2025-06-15,Fashion,173.51,89,0.05,Y,bank,15442.39,14670.27
2910,108,2025-06-20,Grocery,48.62,21,0.0,Y,card,1021.02,1021.02
2911,367,2025-03-04,Grocery,113.78,42,0.15,Y,card,4778.76,4061.95
2912,281,2025-05-27,Fashion,76.07,30,0.0,Y,card,2282.1,2282.1
2913,128,2025-11-02,Fashion,109.14,82,0.0,Y,bank,8949.48,"₩8,949.48"
2914,229,2025-06-10,Electronics,124.5,81,0.05,N,bank,10084.5,"₩9,580.28"
2915,111,2025-05-21,Fashion,38.08,93,0.15,N,card,3541.44,3010.22
2916,136,2025-11-30,Grocery,41.38,83,0.1,Y,card,3434.54,3091.09
2917,362,2025-04-07,Fashion,92.26,83,,Y,wallet,7657.58,6891.82
2918,186,2025-08-09,Fashion,176.24,81,0.1,N,card,14275.44,12847.9
2919,656,2025-02-12,Grocery,110.25,61,0.1,Y,bank,6725.25,6052.72
2920,584,2025-10-19,Electronics,47.38,56,0.1,Y,card,2653.28,"₩2,387.95"
2921,129,2025-04-18,Beauty,80.15,68,0.0,Y,bank,5450.2,5450.2
2922,261,2025-09-23,Electronics,101.96,56,0.0,Y,card,5709.76,5709.76
2923,515,2025-04-05,Beauty,48.76,65,0.05,N,wallet,3169.4,3010.93
2924,449,2025-09-19,Fashion,61.92,22,0.15,N,bank,1362.24,1157.9
2925,104,2025-11-09,Fashion,93.28,53,0.1,Y,,4943.84,"₩4,449.46"
2926,483,2025-03-12,Fashion,44.68,44,0.05,Y,card,1965.92,1867.62
2927,224,2025-08-07,Electronics,68.04,38,0.0,N,card,2585.52,2585.52
2928,491,2025-01-21,Fashion,55.75,65,0.0,Y,wallet,3623.75,3623.75
2929,473,2025-04-02,Electronics,91.51,14,0.15,Y,card,1281.14,"₩1,088.97"
2930,10,2025-05-07,Grocery,63.62,76,,N,card,4835.12,4835.12
2931,405,2025-03-21,Fashion,47.42,62,0.1,Y,card,2940.04,"₩2,646.04"
2932,302,2025-11-08,Grocery,56.2,69,0.0,N,card,3877.8,"₩3,877.80"
2933,231,2025-08-26,Electronics,104.87,15,0.1,Y,card,1573.05,1415.74
2934,731,2025-07-01,Beauty,98.63,57,0.1,Y,,5621.91,5059.72
2935,66,2025-01-25,Fashion,83.3,89,0.1,N,bank,7413.7,6672.33
2936,112,2025-06-05,Electronics,20.27,44,0.05,Y,card,891.88,847.29
2937,13,2025-01-05,Fashion,75.63,27,0.1,Y,card,2042.01,"₩1,837.81"
2938,393,2025-04-30,Electronics,76.37,20,0.05,N,card,1527.4,1451.03
2939,500,2025-10-04,Electronics,60.05,60,0.15,Y,card,3603.0,3062.55
2940,598,2025-01-18,Fashion,82.01,32,,N,card,2624.32,"₩2,493.10"
2941,234,2025-07-17,Grocery,,56,0.0,Y,card,4322.08,4322.08
2942,602,2025-02-26,Beauty,61.36,84,,N,card,5154.24,4638.82
2943,314,2025-04-03,Fashion,118.57,68,0.05,N,card,8062.76,7659.62
2944,566,2025-01-19,Beauty,95.83,66,0.15,Y,card,6324.78,"₩5,376.06"
2945,12,2025-12-19,Beauty,64.7,65,0.0,N,card,4205.5,4205.5
2946,209,2025-07-12,Beauty,89.33,36,0.0,N,card,3215.88,3215.88
2947,14,2025-08-25,Fashion,54.28,82,0.15,Y,bank,4450.96,3783.32
2948,633,2025-10-04,Electronics,134.77,44,0.15,N,card,5929.88,5040.4
2949,418,2025-08-15,Electronics,101.67,64,0.05,N,card,6506.88,6181.54
2950,437,2025-08-21,Grocery,138.93,18,0.0,Y,card,2500.74,2500.74
2951,377,2025-02-09,Fashion,30.8,27,0.0,N,card,831.6,831.6
2952,20,2025-11-19,Electronics,124.92,53,0.0,Y,card,6620.76,6620.76
2953,587,2025-06-02,Fashion,98.97,30,0.05,N,card,2969.1,2820.64
2954,755,2025-05-07,Electronics,49.12,65,0.0,Y,card,3192.8,3192.8
2955,735,2025-08-25,Grocery,59.56,57,0.15,Y,card,3394.92,2885.68
2956,70,2025-02-24,Electronics,46.28,10,0.0,Y,bank,462.8,462.8
2957,211,2025-06-21,Grocery,51.01,36,0.1,Y,card,1836.36,1652.72
2958,101,2025-04-19,Grocery,,54,0.1,N,bank,8490.96,7641.86
2959,698,2025-12-20,Electronics,41.13,72,0.1,Y,card,2961.36,2665.22
2960,132,2025-07-03,Fashion,95.82,67,0.05,Y,card,6419.94,6098.94
2961,623,2025-07-17,Grocery,55.62,49,0.1,Y,wallet,2725.38,2452.84
2962,381,2025-03-28,Fashion,57.37,72,0.15,Y,card,4130.64,3511.04
2963,132,2025-07-20,Electronics,32.77,47,0.1,N,card,1540.19,1386.17
2964,20,2025-12-03,Fashion,37.68,38,0.0,Y,card,1431.84,"₩1,431.84"
2965,536,2025-11-18,Grocery,105.77,49,0.0,N,card,5182.73,5182.73
2966,227,2025-10-02,Grocery,141.19,28,0.15,Y,wallet,3953.32,"₩3,360.32"
2967,154,2025-07-30,Electronics,71.35,97,0.05,N,card,6920.95,"₩6,574.90"
2968,742,2025-04-28,Fashion,37.66,65,0.2,Y,,2447.9,1958.32
2969,469,2025-07-10,Fashion,65.6,53,0.05,N,wallet,3476.8,"₩3,302.96"
2970,405,2025-02-11,Grocery,68.25,74,0.0,Y,,5050.5,5050.5
2971,202,2025-02-11,Fashion,128.76,96,0.05,Y,card,12360.96,"₩11,742.91"
2972,38,2025-11-11,Grocery,95.77,22,0.05,N,card,2106.94,2001.59
2973,772,2025-10-03,Fashion,122.03,39,0.05,N,card,4759.17,4521.21
2974,188,2025-11-25,Grocery,102.19,58,0.15,Y,card,5927.02,5037.97
2975,57,2025-01-17,Fashion,67.81,84,0.1,N,,5696.04,5126.44
2976,20,2025-10-10,Grocery,42.22,72,0.0,N,bank,3039.84,3039.84
2977,273,2025-09-15,Fashion,37.73,80,0.1,Y,bank,3018.4,2716.56
2978,119,2025-03-04,Grocery,166.19,44,0.05,Y,card,7312.36,6946.74
2979,583,2025-03-03,Fashion,90.45,20,0.05,Y,bank,1809.0,1718.55
2980,516,2025-04-10,Fashion,60.48,58,0.1,Y,bank,3507.84,3157.06
2981,221,2025-01-19,Fashion,78.46,49,0.05,Y,card,3844.54,3652.31
2982,526,2025-01-17,Grocery,,30,0.05,Y,,3284.1,3119.9
2983,515,2025-11-21,Grocery,43.78,56,0.1,Y,card,2451.68,2206.51
2984,728,2025-09-03,Fashion,77.93,12,0.1,Y,card,935.16,841.64
2985,741,2025-09-08,Grocery,111.13,39,0.0,Y,card,4334.07,4334.07
2986,336,2025-03-22,Grocery,,97,0.05,Y,card,8494.29,8069.58
2987,698,2025-02-08,Beauty,65.19,76,0.05,Y,bank,4954.44,4706.72
2988,55,2025-02-05,Grocery,74.86,71,0.0,N,card,5315.06,5315.06
2989,500,2025-07-16,Grocery,152.82,46,0.15,Y,bank,7029.72,5975.26
2990,766,2025-06-07,Fashion,36.24,31,0.05,N,bank,1123.44,1067.27
2991,536,2025-07-23,Grocery,25.91,40,0.0,N,wallet,1036.4,1036.4
2992,162,2025-07-15,Grocery,86.65,55,0.05,Y,card,4765.75,"₩4,527.46"
2993,670,2025-08-04,Beauty,116.11,85,,Y,card,9869.35,9869.35
2994,594,2025-10-12,Electronics,73.97,54,0.1,N,bank,3994.38,"₩3,594.94"
2995,159,2025-07-15,Electronics,23.72,23,0.05,Y,card,545.56,518.28
2996,188,2025-11-03,Electronics,114.95,21,0.0,Y,bank,2413.95,2413.95
2997,60,2025-06-01,Grocery,134.37,72,0.2,Y,wallet,9674.64,7739.71
2998,319,2025-01-14,Beauty,56.79,86,0.0,Y,card,4883.94,4883.94
2999,211,2025-11-21,Electronics,79.15,97,0.05,Y,,7677.55,7293.67
3000,406,2025-05-26,Grocery,28.95,47,0.15,N,card,1360.65,1156.55
3001,664,2025-02-26,Grocery,35.03,56,0.05,Y,bank,1961.68,1863.6
3002,109,2025-07-30,Grocery,87.1,63,0.2,N,card,5487.3,4389.84
3003,76,2025-09-25,Fashion,158.0,64,0.15,Y,card,10112.0,8595.2
3004,542,2025-07-29,Grocery,101.84,57,0.15,Y,card,5804.88,4934.15
3005,314,2025-01-17,Electronics,50.55,82,0.05,Y,bank,4145.1,3937.84
3006,117,2025-10-13,Grocery,112.51,81,0.05,N,card,9113.31,8657.64
3007,704,2025-12-10,Fashion,24.32,24,0.15,Y,card,583.68,496.13
3008,19,2025-07-22,Fashion,7.16,80,,Y,card,572.8,486.88
3009,432,2025-04-09,Grocery,68.56,97,0.15,Y,card,6650.32,5652.77
3010,685,2025-10-06,Fashion,148.92,25,0.15,Y,bank,3723.0,3164.55
3011,740,2025-07-28,Electronics,173.5,97,0.1,Y,card,16829.5,15146.55
3012,350,2025-05-09,Grocery,42.67,52,0.0,N,card,2218.84,2218.84
3013,183,2025-12-01,Fashion,44.9,16,0.0,Y,card,718.4,718.4
3014,113,2025-10-15,Fashion,22.38,52,0.0,Y,wallet,1163.76,1163.76
3015,183,2025-09-09,Fashion,90.55,37,0.0,N,card,3350.35,3350.35
3016,481,2025-09-22,Electronics,14.72,75,0.0,N,card,1104.0,1104.0
3017,146,2025-09-28,Fashion,57.19,69,0.0,Y,card,3946.11,3946.11
3018,628,2025-07-07,Electronics,89.33,12,0.0,N,card,1071.96,1071.96
3019,113,2025-08-02,Beauty,57.45,10,0.2,Y,card,574.5,459.6
3020,763,2025-10-10,Electronics,112.74,40,0.0,N,card,4509.6,4509.6
3021,476,2025-07-30,Fashion,123.49,65,0.0,Y,bank,8026.85,"₩8,026.85"
3022,763,2025-12-31,Electronics,45.72,96,0.1,N,card,4389.12,3950.21
3023,303,2025-03-17,Electronics,79.57,93,0.15,N,card,7400.01,6290.01
3024,118,2025-05-28,Grocery,189.65,89,0.0,Y,bank,16878.85,16878.85
3025,161,2025-11-17,Grocery,141.07,55,0.0,Y,card,7758.85,7758.85
3026,401,2025-08-01,Electronics,51.1,41,0.0,Y,card,2095.1,2095.1
3027,198,2025-04-19,Electronics,34.8,90,0.05,Y,wallet,3132.0,2975.4
3028,260,2025-05-09,Electronics,52.55,27,0.0,N,bank,1418.85,"₩1,418.85"
3029,660,2025-01-10,Grocery,101.84,77,0.1,Y,bank,7841.68,7057.51
3030,752,2025-02-16,Grocery,43.3,44,0.15,Y,card,1905.2,1619.42
3031,47,2025-11-11,Electronics,179.06,32,0.1,N,card,5729.92,5156.93
3032,399,2025-04-06,Fashion,38.83,88,0.05,N,wallet,3417.04,3246.19
3033,710,2025-04-13,Grocery,79.04,22,0.0,Y,card,1738.88,1738.88
3034,559,2025-12-08,Beauty,36.37,87,0.05,N,bank,3164.19,3005.98
3035,78,2025-05-26,Beauty,27.06,23,0.05,Y,wallet,622.38,591.26
3036,124,2025-01-27,Fashion,118.47,46,0.1,N,bank,5449.62,4904.66
3037,75,2025-08-08,Electronics,93.69,14,0.15,N,card,1311.66,1114.91
3038,137,2025-01-18,Electronics,88.66,31,0.0,N,bank,2748.46,2748.46
3039,602,2025-06-16,Grocery,34.95,37,0.2,N,card,1293.15,1034.52
3040,400,2025-03-23,Beauty,114.23,13,0.15,Y,card,1484.99,1262.24
3041,505,2025-03-13,Fashion,60.68,59,0.0,Y,bank,3580.12,3580.12
3042,500,2025-11-06,Fashion,149.05,38,0.0,Y,card,5663.9,5663.9
3043,573,2025-09-11,Fashion,107.82,46,0.0,N,card,4959.72,4959.72
3044,138,2025-06-11,Fashion,64.49,44,0.05,N,card,2837.56,2695.68
3045,50,2025-11-23,Fashion,84.98,29,0.0,Y,card,2464.42,2464.42
3046,771,2025-02-07,Grocery,79.85,44,0.0,Y,card,3513.4,3513.4
3047,619,2025-07-20,Electronics,100.91,93,0.15,N,card,9384.63,7976.94
3048,625,2025-07-19,Fashion,57.56,11,0.0,Y,card,633.16,633.16
3049,254,2025-09-12,Grocery,107.78,67,0.05,N,card,7221.26,6860.2
3050,630,2025-06-28,Electronics,45.66,27,0.1,N,card,1232.82,1109.54
3051,710,2025-02-04,Electronics,77.97,65,0.15,Y,card,5068.05,4307.84
3052,563,2025-03-23,Fashion,,73,0.0,Y,card,9330.13,"₩9,330.13"
3053,757,2025-08-08,Beauty,94.98,61,0.0,N,card,5793.78,5793.78
3054,426,2025-06-07,Grocery,62.08,31,0.1,Y,,1924.48,1732.03
3055,547,2025-01-04,Electronics,90.6,69,0.1,Y,card,6251.4,5626.26
3056,302,2025-06-16,Fashion,68.63,19,0.2,Y,bank,1303.97,1043.18
3057,581,2025-07-23,Fashion,58.97,93,0.0,Y,card,5484.21,5484.21
3058,349,2025-07-13,Grocery,42.31,89,0.1,Y,card,3765.59,3389.03
3059,49,2025-08-23,Grocery,145.17,15,0.05,N,card,2177.55,2068.67
3060,74,2025-07-25,Beauty,62.65,90,0.15,N,card,5638.5,4792.72
3061,704,2025-05-30,Fashion,58.05,15,0.05,Y,wallet,870.75,827.21
3062,261,2025-06-08,Beauty,92.93,95,0.05,N,wallet,8828.35,8386.93
3063,356,2025-10-06,Beauty,82.18,91,0.0,Y,bank,7478.38,7478.38
3064,582,2025-10-31,Beauty,105.71,37,0.0,Y,card,3911.27,3911.27
3065,602,2025-06-15,Grocery,,51,0.05,Y,card,4456.89,4234.05
3066,260,2025-11-07,Fashion,68.57,83,0.0,N,bank,5691.31,5691.31
3067,638,2025-03-09,Fashion,,50,0.05,N,,3352.5,3184.88
3068,743,2025-03-29,Electronics,148.2,72,0.0,Y,wallet,10670.4,10670.4
3069,295,2025-08-05,Electronics,45.29,31,0.15,Y,card,1403.99,"₩1,193.39"
3070,641,2025-01-01,Grocery,123.55,88,0.0,N,card,10872.4,10872.4
3071,792,2025-05-15,Grocery,172.89,38,0.1,Y,wallet,6569.82,5912.84
3072,313,2025-07-04,Beauty,54.77,80,0.1,N,wallet,4381.6,3943.44
3073,612,2025-12-17,Electronics,45.44,43,0.0,Y,bank,1953.92,1953.92
3074,182,2025-05-20,Electronics,82.94,11,0.0,N,,912.34,912.34
3075,686,2025-04-16,Grocery,57.23,35,0.15,Y,bank,2003.05,1702.59
3076,364,2025-05-13,Fashion,86.8,84,0.0,Y,card,7291.2,7291.2
3077,188,2025-04-18,Electronics,38.0,98,0.0,N,card,3724.0,3724.0
3078,569,2025-06-27,Beauty,44.04,28,0.05,Y,card,1233.12,1171.46
3079,543,2025-10-25,Grocery,53.32,29,0.05,Y,bank,1546.28,1468.97
3080,596,2025-12-24,Fashion,39.15,42,0.0,Y,card,1644.3,1644.3
3081,664,2025-12-25,Grocery,123.61,90,0.2,Y,card,11124.9,"₩8,899.92"
3082,548,2025-05-26,Grocery,67.89,91,0.15,Y,,6177.99,"₩5,251.29"
3083,725,2025-03-15,Grocery,57.01,13,0.15,Y,card,741.13,629.96
3084,408,2025-04-18,Grocery,42.71,41,0.05,Y,card,1751.11,1663.55
3085,618,2025-05-02,Electronics,135.44,28,0.2,N,card,3792.32,"₩3,033.86"
3086,414,2025-01-17,Grocery,65.15,12,0.1,Y,bank,781.8,703.62
3087,342,2025-07-15,Electronics,61.09,70,0.15,Y,card,4276.3,3634.86
3088,220,2025-11-23,Electronics,39.59,47,0.05,N,bank,1860.73,1767.69
3089,163,2025-11-14,Beauty,44.88,15,0.0,N,card,673.2,₩673.20
3090,220,2025-10-24,Fashion,76.85,65,0.15,Y,card,4995.25,4245.96
3091,270,2025-09-09,Grocery,44.95,49,0.05,Y,card,2202.55,2092.42
3092,632,2025-04-29,Grocery,42.74,90,0.2,Y,card,3846.6,3077.28
3093,400,2025-06-11,Beauty,86.26,78,0.0,Y,card,6728.28,6728.28
3094,182,2025-07-17,Beauty,114.73,92,0.2,N,card,10555.16,"₩8,444.13"
3095,618,2025-02-14,Fashion,234.69,51,0.0,N,card,11969.19,11969.19
3096,729,2025-11-10,Fashion,58.4,95,0.05,N,bank,5548.0,5270.6
3097,205,2025-06-28,Electronics,24.34,97,0.05,Y,bank,2360.98,"₩2,242.93"
3098,582,2025-02-13,Fashion,24.81,83,,N,wallet,2059.23,1853.31
3099,556,2025-09-28,Fashion,73.53,11,0.1,Y,card,808.83,727.95
3100,228,2025-03-19,Grocery,94.57,37,,Y,card,3499.09,3324.14
3101,696,2025-11-22,Grocery,55.61,26,0.0,Y,card,1445.86,1445.86
3102,619,2025-06-27,Beauty,182.17,79,0.05,N,card,14391.43,13671.86
3103,596,2025-12-23,Grocery,74.63,78,0.0,N,bank,5821.14,5821.14
3104,250,2025-01-03,Grocery,48.14,48,0.1,Y,card,2310.72,2079.65
3105,441,2025-08-02,Fashion,43.55,16,0.0,Y,card,696.8,696.8
3106,533,2025-12-08,Electronics,130.64,41,0.05,Y,card,5356.24,5088.43
3107,196,2025-03-15,Fashion,57.33,13,,N,wallet,745.29,596.23
3108,690,2025-02-20,Grocery,52.11,30,0.0,N,bank,1563.3,1563.3
3109,519,2025-03-08,Electronics,55.55,41,0.1,Y,card,2277.55,2049.8
3110,70,2025-11-28,Grocery,38.25,91,0.0,N,card,3480.75,3480.75
3111,639,2025-04-03,Grocery,113.85,23,0.0,N,card,2618.55,2618.55
3112,399,2025-06-25,Electronics,78.67,79,0.1,N,,6214.93,5593.44
3113,672,2025-05-25,Fashion,113.02,84,0.05,Y,card,9493.68,9019.0
3114,760,2025-01-07,Fashion,128.24,55,0.05,Y,card,7053.2,6700.54
3115,203,2025-09-26,Fashion,42.12,29,,Y,card,1221.48,1038.26
3116,148,2025-11-18,Grocery,110.99,67,0.15,Y,card,7436.33,6320.88
3117,472,2025-01-04,Grocery,69.98,89,0.15,N,wallet,6228.22,5293.99
3118,655,2025-05-18,Grocery,,57,0.1,Y,card,3310.56,2979.5
3119,199,2025-08-19,Grocery,101.23,16,0.05,N,wallet,1619.68,"₩1,538.70"
3120,426,2025-03-29,Grocery,25.08,49,0.05,Y,bank,1228.92,1167.47
3121,666,2025-01-17,Beauty,81.62,68,0.1,Y,bank,5550.16,4995.14
3122,492,2025-02-21,Electronics,34.09,45,0.05,Y,bank,1534.05,"₩1,457.35"
3123,142,2025-05-14,Grocery,70.96,53,0.0,Y,card,3760.88,3760.88
3124,313,2025-07-30,Fashion,150.46,40,0.0,Y,card,6018.4,6018.4
3125,165,2025-11-21,Fashion,152.73,51,0.05,N,card,7789.23,7399.77
3126,314,2025-08-07,Electronics,122.1,53,0.0,N,card,6471.3,6471.3
3127,21,2025-07-24,Grocery,110.05,52,0.0,Y,card,5722.6,5722.6
3128,82,2025-07-30,Electronics,81.09,52,0.1,N,card,4216.68,3795.01
3129,581,2025-10-04,Electronics,51.82,56,0.0,Y,card,2901.92,2901.92
3130,131,2025-01-24,Beauty,95.51,15,0.1,Y,card,1432.65,"₩1,289.39"
3131,599,2025-01-04,Grocery,52.61,75,0.1,Y,bank,3945.75,3551.18
3132,730,2025-06-01,Grocery,28.38,95,0.0,Y,bank,2696.1,2696.1
3133,305,2025-09-16,Grocery,224.38,18,0.0,Y,card,4038.84,4038.84
3134,371,2025-11-20,Beauty,89.87,20,,N,card,1797.4,1797.4
3135,384,2025-12-23,Grocery,148.23,89,0.05,N,card,13192.47,12532.85
3136,445,2025-06-17,Electronics,59.17,86,0.1,N,card,5088.62,4579.76
3137,425,2025-06-25,Beauty,147.75,27,0.05,N,card,3989.25,"₩3,789.79"
3138,161,2025-11-06,Grocery,71.57,34,0.05,N,wallet,2433.38,2311.71
3139,178,2025-10-18,Fashion,98.38,83,0.05,Y,card,8165.54,7757.26
3140,629,2025-02-25,Fashion,54.67,67,0.1,Y,card,3662.89,3296.6
3141,708,2025-04-18,Fashion,41.89,39,0.0,N,card,1633.71,1633.71
3142,490,2025-10-23,Beauty,91.7,10,0.1,N,card,917.0,825.3
3143,327,2025-11-20,Fashion,199.59,72,,Y,wallet,14370.48,12933.43
3144,598,2025-10-29,Beauty,146.36,88,0.0,Y,card,12879.68,12879.68
3145,289,2025-11-30,Beauty,63.95,38,0.05,Y,wallet,2430.1,2308.59
3146,593,2025-05-21,Grocery,54.19,75,0.0,Y,card,4064.25,4064.25
3147,664,2025-06-04,Grocery,93.28,84,0.05,N,card,7835.52,"₩7,443.74"
3148,573,2025-09-19,Fashion,151.76,62,0.0,Y,card,9409.12,9409.12
3149,573,2025-09-30,Electronics,53.6,28,0.0,Y,card,1500.8,1500.8
3150,354,2025-08-20,Electronics,89.86,75,0.05,Y,card,6739.5,6402.52
3151,28,2025-08-29,Grocery,73.6,93,0.1,N,wallet,6844.8,"₩6,160.32"
3152,43,2025-12-21,Fashion,66.78,61,0.15,Y,bank,4073.58,"₩3,462.54"
3153,681,2025-12-03,Electronics,,40,0.1,N,card,3432.4,3089.16
3154,423,2025-09-15,Fashion,81.66,69,0.05,Y,card,5634.54,5352.81
3155,598,2025-09-06,Beauty,69.08,77,0.2,Y,card,5319.16,4255.33
3156,177,2025-03-18,Fashion,41.27,39,0.0,Y,card,1609.53,"₩1,609.53"
3157,529,2025-06-29,Beauty,139.41,22,0.0,Y,card,3067.02,3067.02
3158,610,2025-03-07,Fashion,136.87,24,0.05,Y,card,3284.88,3120.64
3159,494,2025-11-04,Fashion,32.75,29,,Y,,949.75,902.26
3160,198,2025-12-14,Electronics,67.2,43,0.05,N,card,2889.6,"₩2,745.12"
3161,610,2025-06-20,Fashion,38.37,29,0.1,Y,card,1112.73,1001.46
3162,577,2025-01-22,Grocery,75.6,59,0.0,N,wallet,4460.4,4460.4
3163,517,2025-04-17,Electronics,61.29,98,0.05,Y,card,6006.42,5706.1
3164,514,2025-11-19,Grocery,109.01,36,0.05,Y,card,3924.36,3728.14
3165,22,2025-08-15,Grocery,48.14,39,0.15,Y,card,1877.46,1595.84
3166,112,2025-08-04,Grocery,122.92,65,0.15,N,bank,7989.8,"₩6,791.33"
3167,57,2025-03-10,Grocery,66.59,93,0.1,Y,wallet,6192.87,5573.58
3168,66,2025-03-25,Fashion,77.76,74,0.0,Y,card,5754.24,5754.24
3169,98,2025-04-13,Grocery,46.45,64,0.1,Y,card,2972.8,2675.52
3170,144,2025-02-08,Beauty,45.25,33,0.0,N,wallet,1493.25,1493.25
3171,435,2025-01-13,Beauty,35.93,34,0.2,N,wallet,1221.62,977.3
3172,637,2025-10-24,Beauty,115.58,62,0.15,Y,wallet,7165.96,6091.07
3173,679,2025-11-09,Fashion,38.02,85,0.05,N,bank,3231.7,3070.12
3174,86,2025-06-30,Grocery,46.81,20,0.1,Y,card,936.2,842.58
3175,588,2025-09-25,Grocery,71.2,69,0.05,Y,bank,4912.8,4667.16
3176,344,2025-01-13,Electronics,39.6,86,0.0,N,wallet,3405.6,"₩3,405.60"
3177,294,2025-04-30,Grocery,106.91,56,0.1,N,card,5986.96,5388.26
3178,571,2025-12-19,Grocery,90.14,34,0.05,N,bank,3064.76,"₩2,911.52"
3179,650,2025-02-26,Electronics,61.14,34,0.15,Y,card,2078.76,1766.95
3180,611,2025-02-09,Electronics,122.66,26,0.0,Y,card,3189.16,3189.16
3181,704,2025-12-02,Grocery,38.6,21,0.15,N,card,810.6,689.01
3182,243,2025-05-08,Electronics,36.19,61,0.1,Y,bank,2207.59,1986.83
3183,561,2025-06-22,Electronics,91.61,20,0.15,N,card,1832.2,1557.37
3184,32,2025-02-04,Fashion,38.59,19,0.0,N,card,733.21,733.21
3185,391,2025-09-16,Electronics,57.13,90,0.05,N,,5141.7,4884.62
3186,277,2025-01-05,Beauty,210.49,69,0.15,Y,card,14523.81,12345.24
3187,532,2025-08-06,Fashion,87.97,63,0.1,Y,card,5542.11,4987.9
3188,154,2025-01-11,Grocery,81.45,89,0.05,Y,card,7249.05,6886.6
3189,383,2025-11-23,Beauty,280.82,72,0.05,N,card,20219.04,19208.09
3190,68,2025-04-27,Fashion,157.1,29,0.2,Y,bank,4555.9,3644.72
3191,214,2025-07-03,Fashion,70.54,14,0.1,Y,wallet,987.56,888.8
3192,655,2025-12-28,Grocery,101.65,50,0.1,N,,5082.5,4574.25
3193,376,2025-04-26,Fashion,51.42,72,0.15,Y,card,3702.24,3146.9
3194,744,2025-06-11,Fashion,71.87,65,0.05,Y,card,4671.55,4437.97
3195,213,2025-03-08,Grocery,103.48,41,0.2,N,card,4242.68,3394.14
3196,79,2025-07-19,Grocery,55.57,36,0.05,N,card,2000.52,"₩1,900.49"
3197,726,2025-01-31,Grocery,44.53,77,0.0,Y,,3428.81,3428.81
3198,628,2025-03-16,Beauty,115.04,57,0.0,N,card,6557.28,"₩6,557.28"
3199,604,2025-08-25,Grocery,76.32,16,0.05,Y,card,1221.12,1160.06
3200,782,2025-11-23,Grocery,54.87,55,0.05,N,card,3017.85,2866.96
3201,381,2025-03-07,Beauty,84.09,87,0.1,Y,card,7315.83,"₩6,584.25"
3202,680,2025-03-11,Electronics,49.82,97,0.15,Y,card,4832.54,4107.66
3203,58,2025-10-24,Fashion,75.8,27,0.15,Y,card,2046.6,1739.61
3204,796,2025-01-20,Grocery,80.94,47,0.0,Y,card,3804.18,3804.18
3205,26,2025-08-14,Grocery,35.85,74,0.1,Y,,2652.9,2387.61
3206,447,2025-07-18,Electronics,142.21,26,0.1,N,card,3697.46,"₩3,327.71"
3207,66,2025-02-08,Fashion,62.46,99,0.0,N,card,6183.54,6183.54
3208,760,2025-05-25,Fashion,113.53,95,0.05,N,bank,10785.35,10246.08
3209,254,2025-02-14,Grocery,134.35,91,0.0,Y,card,12225.85,12225.85
3210,44,2025-11-22,Grocery,46.73,47,0.0,N,card,2196.31,2196.31
3211,97,2025-04-01,Beauty,108.53,94,0.0,N,card,10201.82,10201.82
3212,554,2025-08-26,Grocery,93.07,72,0.1,Y,wallet,6701.04,6030.94
3213,227,2025-03-11,Grocery,51.77,51,0.1,Y,card,2640.27,2376.24
3214,774,2025-06-15,Fashion,41.81,17,0.1,Y,card,710.77,639.69
3215,679,2025-05-10,Fashion,86.97,39,0.1,Y,wallet,3391.83,3052.65
3216,436,2025-08-02,Fashion,78.2,73,0.0,N,card,5708.6,5708.6
3217,791,2025-12-06,Grocery,60.08,18,0.0,Y,wallet,1081.44,1081.44
3218,601,2025-03-30,Electronics,145.87,66,0.0,Y,card,9627.42,9627.42
3219,379,2025-12-01,Grocery,80.45,68,0.05,N,card,5470.6,"₩5,197.07"
3220,178,2025-09-09,Grocery,71.13,76,0.15,Y,bank,5405.88,4595.0
3221,427,2025-12-15,Fashion,54.7,84,0.1,Y,card,4594.8,4135.32
3222,709,2025-03-13,Beauty,145.94,14,0.0,Y,card,2043.16,2043.16
3223,307,2025-06-14,Grocery,125.54,93,0.0,Y,card,11675.22,11675.22
3224,779,2025-02-18,Electronics,45.47,13,0.1,Y,card,591.11,₩532.00
3225,504,2025-02-21,Fashion,97.09,17,0.1,N,card,1650.53,1485.48
3226,268,2025-10-16,Grocery,94.32,51,0.1,Y,card,4810.32,"₩4,329.29"
3227,586,2025-10-05,Fashion,96.31,44,0.0,Y,bank,4237.64,4237.64
3228,8,2025-04-24,Electronics,85.52,22,0.05,Y,card,1881.44,1787.37
3229,508,2025-08-27,Grocery,,14,0.05,Y,card,318.22,302.31
3230,476,2025-05-13,Beauty,61.43,49,0.15,N,wallet,3010.07,2558.56
3231,297,2025-10-01,Fashion,100.48,28,0.0,Y,wallet,2813.44,"₩2,813.44"
3232,164,2025-06-15,Beauty,68.61,91,0.0,N,card,6243.51,6243.51
3233,485,2025-10-20,Grocery,29.22,13,0.1,Y,bank,379.86,341.87
3234,597,2025-08-31,Electronics,101.46,68,0.0,N,bank,6899.28,6899.28
3235,72,2025-11-16,Grocery,79.91,27,0.1,N,bank,2157.57,1941.81
3236,567,2025-05-18,Fashion,94.96,33,0.0,Y,card,3133.68,3133.68
3237,559,2025-03-20,Fashion,73.12,40,0.0,N,card,2924.8,2924.8
3238,238,2025-06-19,Grocery,89.13,67,0.15,Y,card,5971.71,5075.95
3239,104,2025-05-03,Grocery,150.05,37,0.0,N,card,5551.85,"₩5,551.85"
3240,210,2025-06-25,Electronics,106.98,18,0.0,Y,card,1925.64,1925.64
3241,554,2025-10-27,Beauty,181.6,54,0.0,Y,bank,9806.4,9806.4
3242,468,2025-03-23,Grocery,86.07,99,0.15,Y,card,8520.93,7242.79
3243,454,2025-03-28,Beauty,54.39,58,0.1,N,bank,3154.62,2839.16
3244,268,2025-08-13,Fashion,78.75,11,0.2,N,,866.25,693.0
3245,386,2025-01-16,Beauty,79.46,15,0.15,Y,card,1191.9,1013.12
3246,775,2025-11-06,Fashion,49.63,38,0.1,N,card,1885.94,1697.35
3247,387,2025-12-24,Electronics,59.93,35,0.05,N,card,2097.55,1992.67
3248,259,2025-06-12,Grocery,54.2,37,0.15,N,card,2005.4,"₩1,704.59"
3249,283,2025-04-08,Grocery,101.72,16,0.05,Y,card,1627.52,1546.14
3250,626,2025-06-05,Grocery,117.24,43,0.15,Y,card,5041.32,4285.12
3251,40,2025-01-02,Fashion,61.27,65,0.1,Y,card,3982.55,3584.3
3252,486,2025-12-16,Electronics,164.77,19,0.1,Y,card,3130.63,2817.57
3253,220,2025-06-18,Grocery,58.49,66,0.0,Y,card,3860.34,3860.34
3254,129,2025-11-11,Fashion,19.55,56,0.1,Y,card,1094.8,985.32
3255,520,2025-11-21,Grocery,,95,,N,card,14940.65,14193.62
3256,613,2025-04-02,Fashion,30.05,36,0.05,N,bank,1081.8,1027.71
3257,688,2025-06-30,Beauty,135.32,48,0.2,N,card,6495.36,5196.29
3258,619,2025-08-19,Grocery,11.23,31,0.05,N,card,348.13,330.72
3259,613,2025-10-28,Grocery,92.34,28,0.0,N,card,2585.52,2585.52
3260,260,2025-05-28,Beauty,120.75,18,0.1,Y,card,2173.5,1956.15
3261,366,2025-10-07,Grocery,207.07,28,0.1,N,card,5797.96,5218.16
3262,758,2025-07-08,Electronics,32.41,11,0.15,Y,bank,356.51,303.03
3263,787,2025-12-13,Electronics,87.85,70,0.1,Y,wallet,6149.5,5534.55
3264,544,2025-12-16,Grocery,90.89,68,0.0,Y,card,6180.52,6180.52
3265,649,2025-11-10,Fashion,50.51,95,0.0,Y,card,4798.45,"₩4,798.45"
3266,524,2025-05-08,Grocery,74.87,79,0.0,N,card,5914.73,5914.73
3267,16,2025-01-07,Electronics,88.36,80,0.0,N,card,7068.8,7068.8
3268,129,2025-02-16,Fashion,49.23,79,0.1,Y,card,3889.17,3500.25
3269,575,2025-02-22,Fashion,19.51,42,0.0,Y,card,819.42,819.42
3270,109,2025-07-06,Beauty,90.63,87,0.0,Y,card,7884.81,7884.81
3271,533,2025-02-07,Grocery,16.76,74,0.1,N,card,1240.24,"₩1,116.22"
3272,670,2025-08-14,Beauty,38.35,34,0.05,Y,card,1303.9,1238.7
3273,269,2025-02-22,Beauty,91.58,79,,N,bank,7234.82,7234.82
3274,162,2025-08-12,Electronics,98.41,37,0.05,Y,bank,3641.17,3459.11
3275,260,2025-06-03,Fashion,144.25,27,0.0,N,card,3894.75,"₩3,894.75"
3276,102,2025-02-17,Grocery,96.97,72,0.05,Y,card,6981.84,6632.75
3277,506,2025-12-17,Beauty,123.9,58,0.1,Y,card,7186.2,6467.58
3278,735,2025-05-27,Fashion,59.69,75,0.15,Y,wallet,4476.75,3805.24
3279,571,2025-03-05,Beauty,100.46,49,0.0,N,,4922.54,4922.54
3280,247,2025-12-15,Electronics,36.44,94,0.0,Y,card,3425.36,3425.36
3281,640,2025-07-01,Fashion,78.79,96,0.1,N,card,7563.84,6807.46
3282,795,2025-05-05,Grocery,89.18,75,0.0,Y,wallet,6688.5,6688.5
3283,537,2025-06-28,Fashion,123.06,89,0.05,N,card,10952.34,10404.72
3284,131,2025-02-08,Electronics,29.87,13,0.0,Y,card,388.31,388.31
3285,353,2025-09-17,Fashion,91.08,43,0.1,Y,bank,3916.44,3524.8
3286,196,2025-01-03,Electronics,49.17,14,0.15,Y,card,688.38,585.12
3287,793,2025-03-05,Grocery,66.27,31,0.2,N,card,2054.37,1643.5
3288,666,2025-01-29,Beauty,70.37,29,0.15,Y,card,2040.73,1734.62
3289,382,2025-01-11,Beauty,171.68,56,0.0,Y,bank,9614.08,9614.08
3290,645,2025-04-07,Grocery,96.5,86,0.1,Y,card,8299.0,7469.1
3291,227,2025-12-24,Fashion,68.6,43,,N,card,2949.8,2802.31
3292,701,2025-07-22,Fashion,57.8,53,0.15,Y,bank,3063.4,2603.89
3293,476,2025-01-21,Electronics,50.08,15,0.15,N,bank,751.2,₩638.52
3294,477,2025-02-08,Fashion,52.96,65,0.2,Y,card,3442.4,2753.92
3295,265,2025-08-11,Electronics,99.15,38,0.15,Y,card,3767.7,3202.54
3296,372,2025-04-12,Grocery,56.18,62,0.05,Y,card,3483.16,3309.0
3297,486,2025-02-15,Beauty,18.77,10,0.1,Y,card,187.7,168.93
3298,434,2025-03-07,Fashion,31.34,68,0.2,Y,card,2131.12,1704.9
3299,646,2025-04-01,Grocery,84.84,57,0.05,Y,,4835.88,"₩4,594.09"
3300,211,2025-06-13,Electronics,34.61,16,0.15,Y,card,553.76,470.7
3301,572,2025-04-21,Grocery,50.84,95,0.15,N,wallet,4829.8,4105.33
3302,377,2025-12-04,Grocery,104.7,41,0.05,Y,wallet,4292.7,4078.06
3303,395,2025-05-03,Fashion,73.26,87,0.0,Y,card,6373.62,6373.62
3304,450,2025-07-12,Electronics,34.31,70,0.0,N,card,2401.7,2401.7
3305,364,2025-04-09,Beauty,117.08,66,0.0,Y,card,7727.28,"₩7,727.28"
3306,457,2025-10-18,Grocery,88.16,60,0.05,Y,,5289.6,"₩5,025.12"
3307,725,2025-06-08,Beauty,29.51,97,0.05,N,card,2862.47,2719.35
3308,728,2025-04-13,Grocery,24.61,28,0.1,Y,bank,689.08,620.17
3309,226,2025-10-08,Beauty,121.97,36,0.05,Y,bank,4390.92,4171.37
3310,131,2025-02-12,Electronics,57.55,72,0.2,Y,wallet,4143.6,3314.88
3311,588,2025-03-25,Electronics,157.6,69,0.0,Y,wallet,10874.4,10874.4
3312,476,2025-07-10,Fashion,57.46,70,0.15,N,card,4022.2,3418.87
3313,798,2025-02-20,Electronics,59.26,70,0.0,Y,wallet,4148.2,4148.2
3314,277,2025-07-29,Fashion,75.93,96,0.1,N,card,7289.28,6560.35
3315,156,2025-05-06,Grocery,40.16,54,0.1,N,bank,2168.64,1951.78
3316,760,2025-03-10,Grocery,80.7,30,0.1,N,card,2421.0,2178.9
3317,218,2025-09-22,Fashion,32.27,53,0.05,N,card,1710.31,1624.79
3318,190,2025-09-15,Beauty,112.07,10,0.0,Y,card,1120.7,1120.7
3319,417,2025-07-07,Electronics,48.58,53,0.05,Y,card,2574.74,2446.0
3320,675,2025-08-18,Fashion,72.99,71,0.0,N,card,5182.29,5182.29
3321,692,2025-07-08,Grocery,44.47,70,0.05,Y,wallet,3112.9,2957.26
3322,546,2025-01-10,Grocery,108.96,88,0.05,Y,card,9588.48,9109.06
3323,41,2025-04-24,Fashion,42.12,98,,Y,card,4127.76,3714.98
3324,307,2025-03-17,Electronics,61.82,88,0.15,Y,card,5440.16,4624.14
3325,338,2025-06-13,Grocery,95.47,92,0.15,N,card,8783.24,7465.75
3326,314,2025-03-26,Electronics,78.25,59,0.05,N,card,4616.75,4385.91
3327,75,2025-02-18,Electronics,23.66,84,0.0,N,card,1987.44,1987.44
3328,279,2025-11-22,Grocery,84.93,50,0.1,Y,card,4246.5,3821.85
3329,176,2025-06-26,Fashion,96.78,42,0.05,Y,wallet,4064.76,3861.52
3330,662,2025-08-06,Fashion,50.7,96,0.05,Y,bank,4867.2,4623.84
3331,273,2025-07-08,Fashion,101.7,21,0.05,Y,,2135.7,2028.91
3332,620,2025-12-12,Beauty,26.09,11,0.1,Y,wallet,286.99,258.29
3333,651,2025-08-18,Beauty,27.75,30,0.15,Y,card,832.5,707.62
3334,783,2025-09-12,Fashion,52.91,23,0.2,Y,bank,1216.93,973.54
3335,289,2025-08-24,Fashion,53.99,43,0.15,N,card,2321.57,1973.33
3336,724,2025-01-26,Fashion,100.04,88,0.15,Y,card,8803.52,7482.99
3337,272,2025-03-13,Fashion,27.15,94,0.15,Y,card,2552.1,2169.28
3338,66,2025-09-18,Fashion,64.86,73,0.0,N,wallet,4734.78,"₩4,734.78"
3339,483,2025-09-11,Grocery,102.45,32,0.15,Y,card,3278.4,2786.64
3340,248,2025-09-28,Fashion,47.35,94,0.0,Y,card,4450.9,4450.9
3341,156,2025-05-03,Fashion,131.36,59,0.1,N,wallet,7750.24,6975.22
3342,47,2025-05-24,Electronics,82.42,23,0.0,N,card,1895.66,1895.66
3343,454,2025-09-14,Fashion,40.31,94,0.05,N,card,3789.14,3599.68
3344,201,2025-05-24,Fashion,127.94,85,0.0,Y,wallet,10874.9,10874.9
3345,660,2025-09-16,Fashion,93.99,55,0.05,N,wallet,5169.45,4910.98
3346,124,2025-02-16,Grocery,93.27,14,0.05,Y,wallet,1305.78,1240.49
3347,1,2025-12-17,Grocery,83.1,75,0.0,N,card,6232.5,6232.5
3348,759,2025-01-13,Fashion,50.38,31,0.15,N,,1561.78,1327.51
3349,640,2025-07-27,Grocery,102.43,79,0.15,N,bank,8091.97,6878.17
3350,191,2025-11-07,Fashion,35.87,11,0.1,N,bank,394.57,355.11
3351,579,2025-08-23,Electronics,33.53,38,0.15,N,card,1274.14,1083.02
3352,516,2025-05-29,Grocery,70.05,70,0.1,Y,bank,4903.5,4413.15
3353,442,2025-11-18,Fashion,59.09,80,0.15,Y,wallet,4727.2,4018.12
3354,143,2025-06-04,Grocery,99.56,25,0.05,N,card,2489.0,2364.55
3355,191,2025-06-15,Grocery,72.94,73,0.05,Y,card,5324.62,5058.39
3356,533,2025-03-31,Beauty,97.77,23,0.15,N,card,2248.71,1911.4
3357,227,2025-07-05,Beauty,88.58,52,0.0,N,card,4606.16,4606.16
3358,313,2025-11-14,Electronics,55.91,85,0.0,N,card,4752.35,"₩4,752.35"
3359,629,2025-12-24,Beauty,55.24,52,0.1,Y,card,2872.48,"₩2,585.23"
3360,302,2025-06-23,Grocery,107.22,79,0.0,Y,card,8470.38,8470.38
3361,654,2025-08-05,Grocery,40.43,64,0.05,N,card,2587.52,2458.14
3362,460,2025-09-21,Electronics,84.64,85,0.0,Y,card,7194.4,7194.4
3363,401,2025-04-07,Beauty,69.99,40,0.15,N,card,2799.6,2379.66
3364,551,2025-04-27,Electronics,77.24,85,0.2,N,card,6565.4,5252.32
3365,393,2025-07-18,Grocery,73.61,83,0.0,Y,card,6109.63,"₩6,109.63"
3366,764,2025-11-16,Electronics,108.18,49,0.0,N,card,5300.82,5300.82
3367,207,2025-01-21,Grocery,53.7,36,0.0,Y,card,1933.2,1933.2
3368,210,2025-07-19,Fashion,51.55,61,0.1,Y,card,3144.55,2830.1
3369,115,2025-12-07,Electronics,16.74,16,0.05,Y,card,267.84,254.45
3370,737,2025-09-05,Electronics,69.27,55,0.05,N,card,3809.85,3619.36
3371,646,2025-10-03,Fashion,68.99,42,0.0,N,bank,2897.58,2897.58
3372,251,2025-09-21,Electronics,,17,0.05,Y,card,1028.84,977.4
3373,219,2025-02-27,Fashion,76.97,14,0.0,Y,card,1077.58,"₩1,077.58"
3374,407,2025-10-29,Grocery,66.57,70,0.1,Y,card,4659.9,4193.91
3375,443,2025-01-31,Grocery,75.76,81,0.0,Y,card,6136.56,6136.56
3376,603,2025-09-06,Grocery,209.58,69,0.1,Y,card,14461.02,13014.92
3377,354,2025-04-03,Electronics,61.45,94,0.05,N,bank,5776.3,5487.48
3378,558,2025-09-22,Fashion,98.16,33,0.0,N,card,3239.28,"₩3,239.28"
3379,550,2025-09-28,Fashion,69.71,16,0.0,Y,wallet,1115.36,1115.36
3380,142,2025-04-04,Beauty,,70,0.1,N,bank,6129.2,5516.28
3381,612,2025-06-03,Beauty,140.79,92,0.05,N,card,12952.68,12305.05
3382,501,2025-10-12,Fashion,81.41,45,0.15,N,card,3663.45,3113.93
3383,702,2025-03-21,Electronics,49.63,36,0.0,Y,wallet,1786.68,"₩1,786.68"
3384,547,2025-10-19,Beauty,117.85,38,0.0,N,card,4478.3,4478.3
3385,659,2025-03-25,Beauty,58.54,96,0.0,N,card,5619.84,5619.84
3386,542,2025-12-31,Beauty,59.98,29,0.0,N,card,1739.42,1739.42
3387,507,2025-02-06,Grocery,123.96,79,0.0,N,card,9792.84,9792.84
3388,596,2025-12-08,Fashion,97.13,85,0.0,Y,card,8256.05,8256.05
3389,281,2025-11-23,Electronics,78.83,85,0.05,N,wallet,6700.55,6365.52
3390,424,2025-08-20,Fashion,110.02,12,0.1,Y,bank,1320.24,1188.22
3391,270,2025-04-03,Fashion,36.14,48,0.1,Y,card,1734.72,1561.25
3392,154,2025-12-02,Fashion,77.4,92,0.05,Y,card,7120.8,6764.76
3393,614,2025-04-12,Fashion,35.54,54,0.05,Y,bank,1919.16,1823.2
3394,727,2025-06-15,Fashion,145.45,77,,Y,card,11199.65,10079.68
3395,662,2025-06-08,Fashion,70.29,40,0.05,Y,card,2811.6,2671.02
3396,83,2025-01-14,Fashion,123.06,47,0.1,Y,card,5783.82,5205.44
3397,622,2025-08-13,Electronics,48.69,15,0.2,Y,card,730.35,₩584.28
3398,426,2025-03-14,Fashion,60.48,17,0.15,Y,card,1028.16,873.94
3399,275,2025-09-06,Grocery,46.34,37,0.05,N,wallet,1714.58,1628.85
3400,713,2025-04-01,Grocery,49.55,24,0.05,Y,wallet,1189.2,1129.74
3401,284,2025-08-04,Fashion,36.3,17,0.1,N,card,617.1,555.39
3402,173,2025-03-31,Fashion,91.52,63,0.0,Y,card,5765.76,5765.76
3403,327,2025-01-29,Electronics,41.72,15,0.1,N,bank,625.8,563.22
3404,718,2025-11-01,Grocery,100.39,38,0.05,N,bank,3814.82,3624.08
3405,63,2025-08-08,Fashion,153.53,43,0.15,Y,,6601.79,5611.52
3406,73,2025-11-24,Fashion,77.73,16,0.0,Y,card,1243.68,1243.68
3407,763,2025-08-03,Beauty,54.96,49,0.0,N,card,2693.04,2693.04
3408,636,2025-08-09,Fashion,84.63,83,0.1,N,wallet,7024.29,"₩6,321.86"
3409,375,2025-02-11,Electronics,42.73,22,0.05,Y,bank,940.06,893.06
3410,633,2025-05-15,Electronics,66.77,71,0.0,N,card,4740.67,4740.67
3411,508,2025-02-11,Fashion,54.91,95,0.05,Y,wallet,5216.45,4955.63
3412,787,2025-06-13,Fashion,67.82,94,0.0,N,wallet,6375.08,6375.08
3413,398,2025-12-27,Beauty,159.17,74,0.1,Y,card,11778.58,10600.72
3414,120,2025-10-10,Fashion,54.07,50,0.05,Y,card,2703.5,2568.32
3415,437,2025-02-27,Grocery,,51,0.0,Y,,4575.21,4575.21
3416,676,2025-10-29,Fashion,115.32,75,0.05,Y,,8649.0,8216.55
3417,465,2025-11-18,Fashion,68.7,20,0.0,N,card,1374.0,1374.0
3418,286,2025-01-25,Fashion,95.79,59,0.1,N,card,5651.61,5086.45
3419,265,2025-03-14,Fashion,70.33,80,0.0,N,wallet,5626.4,5626.4
3420,320,2025-05-09,Fashion,134.02,44,0.15,N,card,5896.88,5012.35
3421,673,2025-03-28,Fashion,165.71,89,,Y,card,14748.19,14748.19
3422,376,2025-11-26,Beauty,69.69,88,0.05,Y,card,6132.72,5826.08
3423,89,2025-06-02,Fashion,101.58,29,0.1,N,card,2945.82,2651.24
3424,654,2025-07-01,Electronics,44.34,37,0.0,N,card,1640.58,1640.58
3425,203,2025-05-05,Electronics,35.71,46,0.0,N,card,1642.66,"₩1,642.66"
3426,739,2025-03-08,Electronics,113.1,12,0.0,Y,bank,1357.2,1357.2
3427,334,2025-01-06,Fashion,91.09,68,0.0,N,bank,6194.12,6194.12
3428,222,2025-05-05,Electronics,62.78,82,0.05,Y,bank,5147.96,4890.56
3429,41,2025-11-10,Electronics,41.98,36,0.1,N,bank,1511.28,1360.15
3430,708,2025-11-22,Fashion,127.41,41,0.0,N,card,5223.81,5223.81
3431,68,2025-02-22,Grocery,91.31,57,0.05,N,card,5204.67,"₩4,944.44"
3432,776,2025-03-07,Electronics,63.38,55,0.2,Y,card,3485.9,2788.72
3433,514,2025-11-10,Fashion,105.08,56,0.15,Y,card,5884.48,5001.81
3434,637,2025-03-23,Grocery,55.37,99,0.0,Y,wallet,5481.63,5481.63
3435,622,2025-03-28,Beauty,67.52,49,0.0,N,card,3308.48,3308.48
3436,598,2025-01-02,Grocery,30.8,12,0.05,Y,card,369.6,351.12
3437,632,2025-07-23,Electronics,76.42,84,0.0,N,card,6419.28,6419.28
3438,127,2025-05-30,Grocery,187.62,38,0.0,N,card,7129.56,7129.56
3439,255,2025-10-20,Grocery,72.63,67,0.0,N,card,4866.21,4866.21
3440,695,2025-04-13,Electronics,88.59,59,0.0,Y,card,5226.81,5226.81
3441,16,2025-01-24,Beauty,93.85,19,0.05,N,bank,1783.15,1693.99
3442,477,2025-07-31,Fashion,26.82,70,0.05,N,wallet,1877.4,1783.53
3443,62,2025-03-06,Beauty,66.42,70,0.0,N,wallet,4649.4,4649.4
3444,432,2025-07-28,Grocery,21.49,32,0.05,Y,card,687.68,653.3
3445,670,2025-09-08,Grocery,53.54,15,0.05,Y,card,803.1,762.94
3446,268,2025-04-27,Grocery,56.77,84,0.1,N,wallet,4768.68,"₩4,291.81"
3447,35,2025-04-26,Fashion,77.7,69,0.2,Y,bank,5361.3,4289.04
3448,779,2025-08-25,Fashion,22.6,36,0.2,Y,card,813.6,650.88
3449,576,2025-04-15,Beauty,156.76,64,0.05,N,bank,10032.64,9531.01
3450,494,2025-09-16,Grocery,92.97,40,0.15,Y,card,3718.8,3160.98
3451,562,2025-02-15,Beauty,15.99,39,0.0,Y,,623.61,623.61
3452,469,2025-11-07,Beauty,33.24,76,0.05,Y,wallet,2526.24,2399.93
3453,767,2025-11-27,Beauty,59.52,22,0.1,N,card,1309.44,1178.5
3454,661,2025-08-04,Grocery,107.48,68,0.05,N,card,7308.64,6943.21
3455,325,2025-10-28,Fashion,62.19,63,0.0,Y,card,3917.97,3917.97
3456,304,2025-11-29,Electronics,113.65,30,0.0,Y,card,3409.5,3409.5
3457,276,2025-01-24,Grocery,134.0,52,0.05,N,card,6968.0,6619.6
3458,684,2025-02-04,Fashion,59.63,20,0.1,Y,card,1192.6,1073.34
3459,201,2025-01-24,Fashion,34.82,76,0.2,Y,card,2646.32,2117.06
3460,445,2025-01-28,Electronics,32.79,47,0.0,Y,card,1541.13,1541.13
3461,324,2025-01-16,Beauty,48.48,33,0.15,Y,card,1599.84,1359.86
3462,35,2025-02-28,Beauty,125.6,60,0.0,N,wallet,7536.0,7536.0
3463,482,2025-08-31,Grocery,57.44,85,0.15,N,bank,4882.4,4150.04
3464,728,2025-07-26,Fashion,71.15,70,0.15,N,card,4980.5,4233.42
3465,480,2025-09-28,Grocery,148.6,55,0.0,Y,bank,8173.0,8173.0
3466,65,2025-09-06,Grocery,89.82,52,0.0,Y,card,4670.64,4670.64
3467,8,2025-09-24,Fashion,29.03,36,0.0,Y,card,1045.08,1045.08
3468,301,2025-07-12,Fashion,98.86,94,0.2,Y,card,9292.84,7434.27
3469,343,2025-12-01,Fashion,37.79,98,0.05,Y,card,3703.42,3518.25
3470,431,2025-08-06,Grocery,69.44,39,0.1,N,bank,2708.16,2437.34
3471,424,2025-04-25,Grocery,64.22,72,0.0,Y,card,4623.84,4623.84
3472,332,2025-03-09,Fashion,84.07,19,0.15,N,card,1597.33,"₩1,357.73"
3473,438,2025-10-26,Beauty,63.27,12,0.0,Y,card,759.24,759.24
3474,588,2025-11-21,Electronics,120.78,86,0.0,Y,card,10387.08,10387.08
3475,174,2025-03-16,Fashion,55.85,69,0.0,Y,card,3853.65,3853.65
3476,559,2025-04-13,Fashion,76.44,36,0.05,N,wallet,2751.84,2614.25
3477,527,2025-10-24,Electronics,72.53,91,0.0,N,bank,6600.23,6600.23
3478,659,2025-06-27,Fashion,52.23,54,0.05,N,bank,2820.42,2679.4
3479,26,2025-08-03,Fashion,59.46,71,0.0,Y,bank,4221.66,4221.66
3480,605,2025-11-11,Fashion,93.39,33,0.05,N,card,3081.87,2927.78
3481,406,2025-02-08,Fashion,180.5,55,0.05,Y,card,9927.5,9431.12
3482,232,2025-09-16,Grocery,127.72,87,0.0,N,card,11111.64,11111.64
3483,533,2025-07-23,Fashion,87.95,53,0.0,N,card,4661.35,"₩4,661.35"
3484,550,2025-01-07,Electronics,14.09,72,0.1,N,bank,1014.48,913.03
3485,788,2025-02-18,Grocery,83.64,13,0.0,Y,card,1087.32,1087.32
3486,505,2025-01-26,Electronics,57.92,25,0.0,N,card,1448.0,1448.0
3487,669,2025-06-10,Grocery,150.9,60,0.1,N,card,9054.0,8148.6
3488,179,2025-12-23,Beauty,57.66,83,0.0,Y,card,4785.78,4785.78
3489,132,2025-06-25,Fashion,184.69,57,0.05,Y,card,10527.33,10000.96
3490,455,2025-03-20,Beauty,120.94,74,,Y,wallet,8949.56,8949.56
3491,348,2025-01-02,Grocery,63.96,78,0.0,Y,card,4988.88,4988.88
3492,540,2025-05-12,Beauty,54.94,86,0.1,Y,card,4724.84,4252.36
3493,772,2025-10-03,Grocery,50.59,54,0.0,Y,card,2731.86,"₩2,731.86"
3494,406,2025-04-27,Electronics,47.56,12,0.05,Y,card,570.72,542.18
3495,76,2025-06-13,Beauty,96.44,26,0.1,Y,card,2507.44,2256.7
3496,579,2025-10-15,Electronics,51.33,92,,N,card,4722.36,4722.36
3497,492,2025-01-28,Electronics,25.62,46,0.05,Y,card,1178.52,1119.59
3498,194,2025-11-29,Fashion,50.35,14,0.15,N,card,704.9,599.16
3499,162,2025-01-01,Fashion,55.8,56,0.05,Y,card,3124.8,"₩2,968.56"
3500,347,2025-07-07,Fashion,131.53,53,0.0,N,card,6971.09,"₩6,971.09"
3501,361,2025-02-25,Grocery,77.12,97,0.05,Y,card,7480.64,7106.61
3502,769,2025-02-04,Beauty,31.99,42,0.0,Y,card,1343.58,1343.58
3503,584,2025-04-22,Electronics,37.57,30,0.0,Y,bank,1127.1,1127.1
3504,87,2025-10-13,Beauty,66.27,76,0.15,N,card,5036.52,4281.04
3505,262,2025-11-06,Beauty,228.48,77,0.0,N,card,17592.96,17592.96
3506,214,2025-02-05,Electronics,48.48,41,0.0,N,card,1987.68,1987.68
3507,665,2025-08-05,Fashion,23.76,33,0.05,Y,card,784.08,744.88
3508,722,2025-03-21,Grocery,42.0,44,0.2,Y,bank,1848.0,1478.4
3509,573,2025-11-10,Grocery,33.2,27,0.0,N,card,896.4,896.4
3510,780,2025-03-24,Grocery,25.75,76,0.0,Y,wallet,1957.0,1957.0
3511,262,2025-03-06,Grocery,71.25,63,0.05,Y,wallet,4488.75,4264.31
3512,730,2025-11-21,Fashion,,35,0.05,Y,bank,1685.6,1601.32
3513,283,2025-05-08,Electronics,,69,0.05,Y,wallet,1632.54,"₩1,550.91"
3514,648,2025-11-03,Grocery,57.68,97,0.15,Y,card,5594.96,4755.72
3515,467,2025-01-22,Electronics,,74,,Y,card,7308.24,7308.24
3516,380,2025-08-04,Grocery,81.91,60,0.0,N,card,4914.6,4914.6
3517,362,2025-04-17,Grocery,109.04,69,0.0,Y,bank,7523.76,7523.76
3518,449,2025-04-19,Grocery,100.33,68,,N,card,6822.44,6140.2
3519,441,2025-12-23,Beauty,41.4,85,0.0,Y,card,3519.0,3519.0
3520,93,2025-06-30,Fashion,106.26,26,0.15,Y,card,2762.76,2348.35
3521,621,2025-12-22,Grocery,84.58,94,,N,card,7950.52,6360.42
3522,753,2025-06-13,Grocery,62.33,30,0.0,N,card,1869.9,1869.9
3523,424,2025-03-09,Beauty,62.67,76,0.2,N,card,4762.92,3810.34
3524,142,2025-10-19,Grocery,137.83,37,0.0,N,card,5099.71,"₩5,099.71"
3525,291,2025-06-29,Electronics,104.72,98,0.05,N,card,10262.56,9749.43
3526,432,2025-06-30,Beauty,53.91,53,0.1,N,card,2857.23,2571.51
3527,749,2025-06-18,Grocery,52.02,79,0.1,N,card,4109.58,3698.62
3528,689,2025-01-22,Electronics,27.39,71,0.1,N,wallet,1944.69,"₩1,750.22"
3529,653,2025-03-07,Grocery,74.99,51,,Y,card,3824.49,3633.27
3530,701,2025-01-21,Beauty,77.39,31,0.15,N,card,2399.09,2039.23
3531,49,2025-04-10,Grocery,132.11,47,0.1,Y,card,6209.17,5588.25
3532,302,2025-10-27,Fashion,81.79,23,0.0,N,card,1881.17,1881.17
3533,190,2025-04-13,Grocery,57.01,35,0.15,Y,card,1995.35,1696.05
3534,136,2025-02-16,Grocery,47.11,49,0.2,Y,card,2308.39,"₩1,846.71"
3535,555,2025-02-08,Fashion,88.5,63,0.05,N,card,5575.5,5296.72
3536,404,2025-10-12,Electronics,138.36,22,0.1,Y,card,3043.92,2739.53
3537,602,2025-11-06,Fashion,31.42,28,0.15,N,wallet,879.76,₩747.80
3538,341,2025-03-31,Grocery,86.04,51,0.15,Y,card,4388.04,3729.83
3539,757,2025-03-26,Grocery,102.9,50,0.0,Y,card,5145.0,5145.0
3540,704,2025-09-30,Fashion,28.1,59,0.1,N,card,1657.9,1492.11
3541,318,2025-12-02,Fashion,80.79,12,,Y,card,969.48,775.58
3542,618,2025-07-07,Electronics,47.88,40,0.0,N,card,1915.2,1915.2
3543,363,2025-06-08,Grocery,27.98,85,0.1,Y,bank,2378.3,2140.47
3544,382,2025-08-31,Electronics,59.77,24,0.05,N,bank,1434.48,1362.76
3545,233,2025-03-14,Electronics,18.02,63,0.0,N,card,1135.26,1135.26
3546,777,2025-02-18,Electronics,91.28,62,0.0,N,wallet,5659.36,5659.36
3547,344,2025-04-11,Grocery,32.2,54,0.1,N,wallet,1738.8,1564.92
3548,549,2025-01-02,Fashion,133.35,47,0.0,Y,card,6267.45,"₩6,267.45"
3549,553,2025-09-01,Fashion,49.72,87,0.05,N,wallet,4325.64,4109.36
3550,529,2025-06-25,Beauty,58.47,89,0.05,N,card,5203.83,4943.64
3551,789,2025-08-26,Electronics,44.71,59,,Y,card,2637.89,2506.0
3552,571,2025-02-28,Fashion,42.37,33,0.0,Y,bank,1398.21,1398.21
3553,183,2025-12-19,Beauty,82.1,26,0.1,N,card,2134.6,1921.14
3554,41,2025-04-09,Fashion,106.47,27,0.1,N,card,2874.69,2587.22
3555,551,2025-12-25,Grocery,118.88,51,0.0,Y,card,6062.88,6062.88
3556,397,2025-01-02,Electronics,64.12,26,,Y,bank,1667.12,1583.76
3557,704,2025-08-31,Grocery,128.15,25,0.1,Y,card,3203.75,2883.38
3558,779,2025-10-24,Fashion,37.54,94,0.0,Y,card,3528.76,3528.76
3559,494,2025-07-30,Grocery,91.3,97,0.15,Y,card,8856.1,7527.68
3560,659,2025-05-03,Fashion,68.59,61,0.05,Y,,4183.99,3974.79
3561,333,2025-08-17,Fashion,169.62,45,0.0,Y,card,7632.9,7632.9
3562,127,2025-03-23,Grocery,108.78,48,0.0,N,card,5221.44,5221.44
3563,558,2025-05-24,Beauty,73.46,90,0.05,N,wallet,6611.4,6280.83
3564,557,2025-05-20,Electronics,38.3,34,0.0,Y,card,1302.2,1302.2
3565,1,2025-01-29,Grocery,43.64,51,0.0,Y,bank,2225.64,2225.64
3566,168,2025-09-27,Fashion,61.17,30,0.0,N,card,1835.1,1835.1
3567,620,2025-09-04,Grocery,77.97,77,0.05,N,card,6003.69,5703.51
3568,19,2025-01-12,Fashion,73.72,98,,N,bank,7224.56,7224.56
3569,332,2025-12-21,Grocery,39.51,68,0.15,N,wallet,2686.68,"₩2,283.68"
3570,584,2025-12-03,Fashion,37.09,39,0.05,Y,card,1446.51,1374.18
3571,456,2025-04-16,Fashion,75.08,66,0.1,Y,card,4955.28,"₩4,459.75"
3572,109,2025-02-01,Electronics,69.56,42,0.1,N,card,2921.52,2629.37
3573,268,2025-03-15,Electronics,91.72,99,0.05,Y,card,9080.28,8626.27
3574,445,2025-06-20,Beauty,,98,0.1,Y,bank,5324.34,4791.91
3575,240,2025-12-03,Beauty,41.98,62,0.05,Y,card,2602.76,2472.62
3576,301,2025-03-10,Grocery,60.42,25,,Y,bank,1510.5,1434.98
3577,602,2025-10-28,Fashion,,58,0.05,N,card,3805.96,3615.66
3578,103,2025-12-28,Fashion,9.27,97,0.15,Y,,899.19,₩764.31
3579,250,2025-05-17,Grocery,89.12,14,0.05,Y,card,1247.68,1185.3
3580,453,2025-04-10,Beauty,31.98,86,0.05,N,card,2750.28,2612.77
3581,520,2025-05-26,Fashion,150.21,69,0.0,N,,10364.49,10364.49
3582,153,2025-01-09,Grocery,153.16,80,0.05,N,card,12252.8,11640.16
3583,174,2025-03-03,Beauty,26.2,90,0.0,N,bank,2358.0,"₩2,358.00"
3584,343,2025-07-04,Beauty,60.44,64,0.2,Y,wallet,3868.16,3094.53
3585,670,2025-01-29,Electronics,52.48,44,0.05,Y,card,2309.12,2193.66
3586,431,2025-04-24,Electronics,50.52,78,0.0,Y,card,3940.56,3940.56
3587,727,2025-05-23,Fashion,85.97,51,0.0,Y,bank,4384.47,4384.47
3588,689,2025-04-30,Fashion,38.54,78,0.0,Y,card,3006.12,3006.12
3589,687,2025-06-19,Electronics,51.79,33,0.0,Y,,1709.07,1709.07
3590,658,2025-06-06,Fashion,40.13,80,0.15,N,bank,3210.4,2728.84
3591,324,2025-12-01,Grocery,105.97,80,0.15,N,card,8477.6,"₩7,205.96"
3592,673,2025-12-15,Fashion,164.97,64,0.2,N,bank,10558.08,"₩8,446.46"
3593,639,2025-09-17,Fashion,55.03,23,0.1,Y,card,1265.69,1139.12
3594,420,2025-03-23,Grocery,90.42,64,0.1,N,card,5786.88,5208.19
3595,594,2025-08-30,Grocery,135.24,24,0.15,Y,card,3245.76,2758.9
3596,485,2025-06-21,Grocery,55.2,14,0.15,N,card,772.8,656.88
3597,659,2025-08-19,Electronics,82.78,13,0.15,Y,card,1076.14,914.72
3598,751,2025-07-27,Grocery,75.31,39,0.15,Y,card,2937.09,2496.53
3599,412,2025-03-16,Grocery,92.45,93,0.1,N,card,8597.85,7738.06
3600,84,2025-09-27,Electronics,,62,0.0,N,card,4047.98,4047.98
3601,113,2025-04-24,Grocery,101.93,99,0.05,N,card,10091.07,9586.52
3602,737,2025-03-03,Fashion,37.5,82,0.1,Y,,3075.0,"₩2,767.50"
3603,332,2025-12-28,Fashion,88.12,39,0.05,N,,3436.68,3264.85
3604,378,2025-11-16,Fashion,49.26,95,0.15,Y,bank,4679.7,"₩3,977.74"
3605,755,2025-04-12,Fashion,56.51,93,0.15,Y,card,5255.43,"₩4,467.12"
3606,655,2025-12-28,Fashion,119.39,70,0.05,N,card,8357.3,7939.43
3607,41,2025-07-29,Grocery,46.68,80,0.0,N,bank,3734.4,3734.4
3608,770,2025-09-12,Electronics,69.48,77,0.05,N,bank,5349.96,5082.46
3609,797,2025-01-20,Beauty,99.21,64,0.0,Y,bank,6349.44,6349.44
3610,105,2025-02-27,Grocery,54.99,80,0.0,Y,card,4399.2,4399.2
3611,202,2025-04-22,Electronics,95.29,82,,Y,wallet,7813.78,7032.4
3612,450,2025-11-09,Electronics,74.11,51,0.0,Y,card,3779.61,3779.61
3613,266,2025-07-15,Grocery,90.24,86,0.0,N,card,7760.64,"₩7,760.64"
3614,210,2025-12-19,Grocery,102.97,38,0.05,Y,,3912.86,3717.22
3615,563,2025-04-02,Electronics,94.13,44,0.1,N,bank,4141.72,3727.55
3616,118,2025-02-21,Electronics,150.48,54,0.0,N,bank,8125.92,"₩8,125.92"
3617,713,2025-10-20,Grocery,76.68,83,0.15,N,bank,6364.44,5409.77
3618,377,2025-01-08,Electronics,47.31,99,0.05,Y,card,4683.69,4449.51
3619,551,2025-10-27,Beauty,105.26,38,0.0,Y,card,3999.88,"₩3,999.88"
3620,540,2025-04-08,Grocery,80.79,79,0.05,Y,card,6382.41,"₩6,063.29"
3621,771,2025-08-24,Fashion,78.83,12,0.2,Y,wallet,945.96,756.77
3622,84,2025-03-10,Fashion,82.34,66,0.05,N,,5434.44,5162.72
3623,454,2025-02-14,Electronics,76.87,75,0.1,N,wallet,5765.25,5188.73
3624,667,2025-05-17,Grocery,73.24,31,0.15,N,card,2270.44,"₩1,929.87"
3625,629,2025-08-22,Electronics,41.04,36,0.1,N,bank,1477.44,"₩1,329.70"
3626,514,2025-02-01,Fashion,104.53,31,0.0,N,card,3240.43,3240.43
3627,605,2025-10-16,Grocery,37.29,83,0.1,Y,bank,3095.07,2785.56
3628,678,2025-05-06,Electronics,40.52,58,,Y,wallet,2350.16,1997.64
3629,387,2025-03-08,Fashion,80.37,92,0.1,Y,card,7394.04,6654.64
3630,350,2025-01-30,Grocery,94.09,33,,N,card,3104.97,2639.22
3631,296,2025-04-24,Fashion,33.37,36,0.05,Y,bank,1201.32,1141.25
3632,258,2025-07-23,Beauty,73.91,45,0.0,Y,,3325.95,3325.95
3633,81,2025-01-29,Grocery,42.85,26,0.1,N,card,1114.1,1002.69
3634,268,2025-05-11,Fashion,94.37,65,0.05,Y,card,6134.05,5827.35
3635,419,2025-07-04,Fashion,62.14,19,,N,card,1180.66,1003.56
3636,235,2025-09-10,Fashion,109.54,63,0.2,N,card,6901.02,5520.82
3637,311,2025-10-13,Grocery,102.8,90,0.15,Y,card,9252.0,7864.2
3638,357,2025-03-03,Fashion,105.81,83,0.2,N,card,8782.23,7025.78
3639,213,2025-01-03,Beauty,85.28,83,0.0,Y,card,7078.24,7078.24
3640,574,2025-03-09,Grocery,51.05,47,0.15,N,card,2399.35,2039.45
3641,49,2025-01-25,Fashion,98.42,90,0.0,Y,card,8857.8,8857.8
3642,127,2025-06-28,Grocery,48.84,99,0.0,Y,bank,4835.16,4835.16
3643,223,2025-05-21,Fashion,60.9,99,0.1,N,card,6029.1,5426.19
3644,279,2025-08-19,Grocery,97.27,13,0.05,Y,card,1264.51,1201.28
3645,408,2025-10-27,Grocery,159.33,59,0.15,N,card,9400.47,7990.4
3646,505,2025-06-12,Electronics,108.43,70,0.05,Y,card,7590.1,7210.6
3647,294,2025-11-07,Electronics,87.04,30,0.15,N,bank,2611.2,2219.52
3648,796,2025-05-10,Beauty,52.11,45,0.0,Y,wallet,2344.95,2344.95
3649,277,2025-09-03,Grocery,51.11,55,0.15,N,card,2811.05,"₩2,389.39"
3650,438,2025-10-24,Beauty,91.28,80,0.1,Y,,7302.4,6572.16
3651,107,2025-06-21,Electronics,76.96,53,0.1,Y,bank,4078.88,3670.99
3652,658,2025-03-05,Fashion,31.27,73,0.05,N,,2282.71,2168.57
3653,420,2025-01-31,Electronics,68.43,27,0.1,N,card,1847.61,1662.85
3654,611,2025-02-16,Grocery,117.74,97,0.05,N,wallet,11420.78,10849.74
3655,429,2025-05-10,Fashion,80.28,22,0.1,Y,card,1766.16,1589.54
3656,375,2025-12-18,Electronics,50.85,22,0.05,N,card,1118.7,1062.77
3657,73,2025-11-29,Grocery,98.5,34,0.0,Y,card,3349.0,3349.0
3658,634,2025-04-20,Fashion,131.39,14,0.0,N,card,1839.46,1839.46
3659,30,2025-03-10,Fashion,105.38,48,0.05,Y,card,5058.24,"₩4,805.33"
3660,188,2025-02-27,Fashion,87.23,38,0.15,Y,card,3314.74,"₩2,817.53"
3661,364,2025-04-16,Grocery,50.13,66,0.05,N,card,3308.58,3143.15
3662,800,2025-10-27,Electronics,60.45,55,0.15,N,wallet,3324.75,2826.04
3663,451,2025-11-26,Fashion,66.82,42,0.05,N,card,2806.44,2666.12
3664,195,2025-09-13,Fashion,41.71,97,0.2,N,card,4045.87,3236.7
3665,156,2025-11-08,Grocery,,19,,N,card,1392.32,1322.7
3666,172,2025-06-20,Grocery,101.53,67,0.0,Y,card,6802.51,"₩6,802.51"
3667,41,2025-06-11,Fashion,126.34,34,0.1,N,card,4295.56,3866.0
3668,63,2025-10-13,Fashion,19.13,83,0.1,N,wallet,1587.79,1429.01
3669,23,2025-03-12,Beauty,58.05,48,0.05,Y,bank,2786.4,2647.08
3670,360,2025-09-12,Beauty,92.49,25,0.0,N,,2312.25,2312.25
3671,75,2025-02-24,Grocery,75.14,69,0.0,N,card,5184.66,5184.66
3672,560,2025-11-19,Beauty,114.07,37,,N,bank,4220.59,4009.56
3673,672,2025-01-03,Grocery,83.4,85,,Y,card,7089.0,6380.1
3674,118,2025-01-26,Grocery,116.47,53,0.05,N,card,6172.91,5864.26
3675,612,2025-11-09,Fashion,91.31,67,0.05,N,wallet,6117.77,5811.88
3676,380,2025-05-06,Fashion,60.82,41,0.05,Y,,2493.62,2368.94
3677,679,2025-02-22,Electronics,63.95,72,0.0,N,card,4604.4,4604.4
3678,290,2025-07-17,Grocery,52.23,54,0.1,N,card,2820.42,2538.38
3679,440,2025-10-26,Beauty,31.9,62,0.1,N,card,1977.8,1780.02
3680,668,2025-07-07,Grocery,143.45,70,0.0,N,card,10041.5,10041.5
3681,7,2025-07-05,Fashion,42.14,59,0.0,Y,card,2486.26,2486.26
3682,196,2025-11-01,Electronics,60.92,36,,Y,card,2193.12,2193.12
3683,421,2025-10-25,Fashion,99.14,35,0.2,Y,card,3469.9,2775.92
3684,568,2025-07-23,Fashion,227.6,12,0.05,N,wallet,2731.2,2594.64
3685,193,2025-01-11,Grocery,131.3,99,0.05,Y,card,12998.7,12348.76
3686,559,2025-12-25,Beauty,93.18,48,,N,card,4472.64,4249.01
3687,148,2025-12-20,Electronics,34.12,74,0.2,Y,wallet,2524.88,2019.9
3688,787,2025-05-26,Electronics,154.75,44,0.1,N,card,6809.0,"₩6,128.10"
3689,669,2025-03-26,Grocery,161.65,62,0.0,Y,card,10022.3,10022.3
3690,202,2025-04-10,Fashion,77.17,55,0.05,N,wallet,4244.35,4032.13
3691,444,2025-04-14,Beauty,113.31,77,0.1,N,bank,8724.87,7852.38
3692,419,2025-02-15,Fashion,62.84,92,0.05,N,card,5781.28,"₩5,492.22"
3693,427,2025-02-13,Fashion,,31,0.0,Y,card,3425.5,"₩3,425.50"
3694,479,2025-10-05,Fashion,37.43,69,0.2,N,card,2582.67,2066.14
3695,475,2025-06-30,Electronics,77.31,15,,Y,card,1159.65,985.7
3696,126,2025-07-06,Grocery,57.36,61,,Y,bank,3498.96,2974.12
3697,395,2025-04-24,Electronics,74.44,82,0.0,N,card,6104.08,6104.08
3698,576,2025-09-12,Fashion,123.05,84,0.0,N,card,10336.2,"₩10,336.20"
3699,325,2025-01-30,Fashion,63.72,95,0.05,Y,card,6053.4,5750.73
3700,392,2025-09-21,Electronics,200.28,82,0.15,N,card,16422.96,13959.52
3701,688,2025-04-08,Electronics,192.02,38,0.1,Y,wallet,7296.76,"₩6,567.08"
3702,628,2025-11-09,Fashion,155.69,52,,Y,card,8095.88,6881.5
3703,440,2025-11-25,Grocery,82.97,83,,Y,card,6886.51,5853.53
3704,204,2025-04-25,Beauty,206.54,43,,N,bank,8881.22,7993.1
3705,486,2025-10-03,Electronics,104.45,40,0.0,N,card,4178.0,4178.0
3706,31,2025-10-08,Electronics,22.72,95,,Y,wallet,2158.4,2158.4
3707,388,2025-10-02,Electronics,27.93,55,0.05,Y,bank,1536.15,1459.34
3708,625,2025-09-18,Fashion,86.54,13,0.0,Y,bank,1125.02,1125.02
3709,434,2025-11-27,Grocery,35.01,11,0.0,N,card,385.11,385.11
3710,376,2025-07-26,Grocery,157.91,14,,Y,card,2210.74,1989.67
3711,344,2025-11-24,Grocery,38.71,55,0.0,Y,card,2129.05,2129.05
3712,443,2025-07-30,Electronics,58.51,88,0.1,Y,card,5148.88,4633.99
3713,579,2025-08-03,Fashion,36.95,28,0.15,N,bank,1034.6,₩879.41
3714,75,2025-02-09,Beauty,,47,0.0,Y,card,2851.96,2851.96
3715,557,2025-01-26,Fashion,117.86,68,0.0,Y,card,8014.48,8014.48
3716,772,2025-01-27,Fashion,85.3,88,,N,card,7506.4,7506.4
3717,666,2025-07-09,Beauty,113.8,81,0.0,Y,card,9217.8,9217.8
3718,155,2025-03-24,Grocery,61.8,29,0.05,N,card,1792.2,1702.59
3719,430,2025-06-19,Grocery,60.86,85,0.1,Y,bank,5173.1,4655.79
3720,363,2025-06-16,Fashion,56.3,77,0.1,Y,card,4335.1,3901.59
3721,448,2025-07-07,Fashion,46.73,62,0.05,Y,card,2897.26,2752.4
3722,234,2025-06-18,Electronics,40.87,64,0.05,N,,2615.68,2484.9
3723,563,2025-10-16,Grocery,49.29,48,0.1,Y,card,2365.92,2129.33
3724,262,2025-08-17,Electronics,32.94,45,0.0,Y,bank,1482.3,1482.3
3725,125,2025-04-07,Grocery,,67,0.0,Y,bank,7017.58,7017.58
3726,245,2025-01-16,Grocery,142.15,24,0.15,Y,bank,3411.6,2899.86
3727,542,2025-10-06,Fashion,27.37,10,0.0,Y,card,273.7,273.7
3728,485,2025-05-15,Electronics,81.66,18,0.15,N,card,1469.88,1249.4
3729,122,2025-01-26,Electronics,102.97,32,0.0,Y,card,3295.04,3295.04
3730,125,2025-12-18,Grocery,89.02,61,0.0,Y,bank,5430.22,5430.22
3731,549,2025-01-12,Grocery,19.95,35,0.05,Y,card,698.25,663.34
3732,170,2025-03-13,Grocery,104.21,69,0.15,Y,card,7190.49,"₩6,111.92"
3733,124,2025-05-13,Fashion,128.27,27,0.15,Y,card,3463.29,2943.8
3734,35,2025-04-16,Fashion,85.7,87,0.0,Y,,7455.9,"₩7,455.90"
3735,87,2025-08-08,Grocery,47.45,67,0.15,Y,bank,3179.15,2702.28
3736,646,2025-06-26,Fashion,50.32,74,0.05,N,card,3723.68,3537.5
3737,708,2025-10-09,Grocery,28.25,86,0.0,N,bank,2429.5,2429.5
3738,786,2025-05-13,Grocery,112.39,88,0.0,Y,card,9890.32,9890.32
3739,201,2025-01-22,Electronics,110.43,78,0.05,N,card,8613.54,8182.86
3740,369,2025-09-26,Electronics,79.05,23,0.05,N,card,1818.15,"₩1,727.24"
3741,797,2025-06-10,Fashion,79.48,87,0.0,Y,card,6914.76,6914.76
3742,77,2025-04-17,Electronics,34.87,55,0.15,Y,bank,1917.85,1630.17
3743,59,2025-10-06,Grocery,52.42,78,0.1,N,card,4088.76,3679.88
3744,431,2025-12-19,Grocery,23.91,84,0.15,N,card,2008.44,"₩1,707.17"
3745,638,2025-08-23,Beauty,53.5,41,0.05,N,card,2193.5,2083.82
3746,500,2025-01-18,Grocery,85.55,60,0.1,N,card,5133.0,4619.7
3747,109,2025-08-30,Electronics,73.82,78,0.05,Y,card,5757.96,5470.06
3748,736,2025-04-27,Fashion,60.43,24,0.1,N,card,1450.32,1305.29
3749,278,2025-10-13,Grocery,204.72,62,0.2,N,card,12692.64,10154.11
3750,68,2025-10-09,Electronics,78.54,80,0.1,Y,card,6283.2,5654.88
3751,69,2025-05-24,Grocery,81.74,78,0.0,N,bank,6375.72,"₩6,375.72"
3752,165,2025-07-24,Grocery,41.57,24,0.0,N,card,997.68,997.68
3753,489,2025-02-08,Fashion,61.92,39,0.2,N,card,2414.88,1931.9
3754,305,2025-06-03,Fashion,45.88,87,0.0,Y,card,3991.56,"₩3,991.56"
3755,674,2025-06-25,Grocery,115.77,33,0.15,N,bank,3820.41,3247.35
3756,365,2025-08-29,Beauty,77.11,97,0.05,Y,card,7479.67,7105.69
3757,379,2025-05-14,Electronics,11.24,44,,N,card,494.56,469.83
3758,343,2025-02-15,Beauty,76.91,78,0.1,N,card,5998.98,"₩5,399.08"
3759,554,2025-02-19,Grocery,32.14,21,0.0,Y,card,674.94,674.94
3760,354,2025-06-15,Beauty,50.5,93,0.05,Y,card,4696.5,4461.68
3761,416,2025-04-16,Electronics,22.11,55,0.0,N,bank,1216.05,1216.05
3762,109,2025-08-04,Electronics,60.72,78,0.1,Y,card,4736.16,4262.54
3763,563,2025-05-26,Grocery,182.89,45,0.0,Y,wallet,8230.05,8230.05
3764,762,2025-03-13,Beauty,58.08,94,0.0,Y,wallet,5459.52,5459.52
3765,497,2025-11-26,Fashion,129.71,57,0.15,N,card,7393.47,6284.45
3766,341,2025-09-30,Grocery,91.95,76,0.05,Y,wallet,6988.2,6638.79
3767,383,2025-09-04,Beauty,49.35,63,0.0,N,card,3109.05,3109.05
3768,533,2025-07-05,Electronics,62.02,98,0.05,Y,card,6077.96,5774.06
3769,300,2025-03-11,Grocery,63.02,45,0.05,Y,card,2835.9,2694.1
3770,139,2025-05-30,Beauty,31.6,61,0.05,Y,card,1927.6,1831.22
3771,359,2025-09-03,Fashion,95.24,31,0.15,Y,card,2952.44,2509.57
3772,499,2025-09-19,Fashion,83.0,47,0.1,N,card,3901.0,3510.9
3773,385,2025-01-26,Grocery,43.45,71,0.0,N,card,3084.95,3084.95
3774,604,2025-05-20,Fashion,103.11,74,0.05,Y,card,7630.14,7248.63
3775,280,2025-04-09,Electronics,70.48,12,0.0,Y,,845.76,845.76
3776,637,2025-10-05,Beauty,43.55,97,0.0,N,card,4224.35,4224.35
3777,483,2025-02-20,Grocery,35.68,17,0.15,Y,bank,606.56,515.58
3778,111,2025-05-31,Grocery,36.56,48,0.05,Y,card,1754.88,1667.14
3779,139,2025-04-14,Grocery,113.68,27,0.15,Y,bank,3069.36,2608.96
3780,435,2025-03-30,Electronics,194.19,12,0.0,N,wallet,2330.28,2330.28
3781,509,2025-05-21,Electronics,28.45,27,0.0,Y,card,768.15,₩768.15
3782,273,2025-08-01,Fashion,25.21,89,,N,bank,2243.69,"₩2,131.51"
3783,99,2025-08-21,Fashion,,10,0.05,Y,card,651.3,618.73
3784,764,2025-07-02,Grocery,47.54,35,0.1,Y,card,1663.9,1497.51
3785,104,2025-09-08,Grocery,53.77,61,0.05,Y,card,3279.97,3115.97
3786,214,2025-01-09,Fashion,104.89,21,0.05,N,card,2202.69,2092.56
3787,761,2025-03-20,Electronics,24.58,47,0.1,N,bank,1155.26,1039.73
3788,664,2025-02-21,Fashion,70.17,94,0.1,N,bank,6595.98,5936.38
3789,762,2025-09-26,Fashion,68.62,50,0.15,Y,card,3431.0,2916.35
3790,787,2025-08-14,Fashion,48.31,62,0.05,Y,card,2995.22,2845.46
3791,165,2025-02-20,Electronics,102.17,22,0.15,Y,card,2247.74,1910.58
3792,520,2025-07-05,Grocery,83.91,85,0.05,Y,card,7132.35,6775.73
3793,284,2025-02-03,Electronics,32.47,22,0.1,N,card,714.34,642.91
3794,517,2025-10-18,Fashion,34.58,27,,Y,card,933.66,793.61
3795,657,2025-08-18,Grocery,129.36,28,0.0,N,wallet,3622.08,3622.08
3796,613,2025-05-11,Electronics,45.04,28,0.05,Y,wallet,1261.12,"₩1,198.06"
3797,164,2025-04-30,Grocery,138.57,79,0.2,N,bank,10947.03,8757.62
3798,659,2025-11-22,Fashion,53.71,57,0.05,N,card,3061.47,2908.4
3799,64,2025-09-04,Electronics,17.71,80,0.15,Y,card,1416.8,1204.28
3800,91,2025-07-11,Electronics,83.49,80,0.0,Y,card,6679.2,6679.2
3801,117,2025-11-19,Beauty,72.24,37,0.1,Y,card,2672.88,2405.59
3802,267,2025-07-29,Fashion,17.65,28,0.15,N,card,494.2,420.07
3803,685,2025-04-13,Beauty,135.35,89,0.05,Y,card,12046.15,11443.84
3804,559,2025-11-25,Fashion,124.63,90,0.05,Y,bank,11216.7,10655.86
3805,140,2025-05-13,Fashion,69.51,95,0.0,N,wallet,6603.45,6603.45
3806,246,2025-11-19,Fashion,39.5,92,0.0,Y,card,3634.0,3634.0
3807,661,2025-05-19,Fashion,28.01,57,0.05,Y,wallet,1596.57,1516.74
3808,758,2025-05-01,Fashion,29.16,38,0.15,Y,wallet,1108.08,941.87
3809,395,2025-04-04,Fashion,,57,0.15,Y,card,2449.29,"₩2,081.90"
3810,487,2025-05-09,Fashion,40.03,28,,Y,card,1120.84,1008.76
3811,476,2025-04-01,Electronics,51.8,56,0.15,N,card,2900.8,2465.68
3812,517,2025-04-02,Electronics,49.82,98,0.1,Y,card,4882.36,4394.12
3813,184,2025-03-04,Fashion,45.81,69,0.1,Y,card,3160.89,2844.8
3814,20,2025-01-29,Fashion,84.9,57,0.1,Y,card,4839.3,4355.37
3815,558,2025-07-29,Grocery,67.04,29,0.05,Y,bank,1944.16,1846.95
3816,524,2025-01-12,Beauty,21.17,28,0.05,Y,bank,592.76,563.12
3817,582,2025-11-29,Fashion,56.99,51,0.0,Y,card,2906.49,2906.49
3818,529,2025-10-24,Electronics,61.34,86,0.15,Y,card,5275.24,4483.95
3819,147,2025-05-10,Fashion,22.95,85,0.0,Y,card,1950.75,1950.75
3820,666,2025-10-20,Beauty,,58,0.0,Y,card,7675.14,7675.14
3821,304,2025-06-22,Electronics,111.23,24,0.05,Y,card,2669.52,2536.04
3822,620,2025-07-27,Grocery,98.81,69,0.2,Y,bank,6817.89,5454.31
3823,748,2025-01-24,Fashion,57.25,77,0.1,Y,card,4408.25,3967.42
3824,582,2025-04-09,Electronics,56.2,88,0.05,Y,card,4945.6,4698.32
3825,695,2025-12-22,Fashion,107.47,90,0.1,N,card,9672.3,"₩8,705.07"
3826,762,2025-05-19,Electronics,64.29,36,0.15,N,bank,2314.44,"₩1,967.27"
3827,228,2025-11-10,Beauty,143.93,84,0.05,N,wallet,12090.12,11485.61
3828,102,2025-06-23,Fashion,61.26,64,0.05,N,card,3920.64,3724.61
3829,587,2025-01-29,Grocery,65.12,96,0.05,N,card,6251.52,5938.94
3830,417,2025-05-23,Grocery,83.14,24,0.0,Y,card,1995.36,1995.36
3831,216,2025-11-12,Grocery,83.88,61,0.15,Y,wallet,5116.68,4349.18
3832,407,2025-12-17,Fashion,58.15,40,0.1,N,card,2326.0,2093.4
3833,399,2025-02-11,Electronics,86.64,99,0.1,Y,wallet,8577.36,"₩7,719.62"
3834,715,2025-10-26,Fashion,85.4,16,0.05,N,card,1366.4,1298.08
3835,704,2025-07-27,Electronics,99.37,22,0.2,N,bank,2186.14,1748.91
3836,761,2025-11-26,Grocery,66.1,63,0.0,N,card,4164.3,4164.3
3837,499,2025-07-11,Electronics,49.05,22,0.0,Y,bank,1079.1,1079.1
3838,754,2025-06-09,Grocery,11.88,29,0.0,N,,344.52,344.52
3839,465,2025-03-05,Electronics,174.56,19,,Y,card,3316.64,2984.98
3840,691,2025-08-31,Beauty,99.06,61,0.1,N,bank,6042.66,5438.39
3841,731,2025-09-15,Fashion,90.7,46,0.05,Y,card,4172.2,3963.59
3842,82,2025-06-01,Fashion,76.09,61,0.1,Y,bank,4641.49,4177.34
3843,604,2025-08-03,Beauty,85.52,36,0.0,N,card,3078.72,3078.72
3844,687,2025-11-18,Fashion,131.35,43,0.0,Y,wallet,5648.05,5648.05
3845,751,2025-06-15,Beauty,77.33,71,0.0,Y,card,5490.43,5490.43
3846,772,2025-01-31,Electronics,75.94,25,,Y,card,1898.5,1803.57
3847,365,2025-08-20,Fashion,111.8,68,,Y,wallet,7602.4,6462.04
3848,163,2025-10-09,Grocery,42.27,30,0.1,N,card,1268.1,1141.29
3849,48,2025-01-29,Beauty,32.71,25,0.0,Y,wallet,817.75,817.75
3850,511,2025-07-14,Fashion,64.31,90,0.0,Y,bank,5787.9,5787.9
3851,329,2025-11-30,Beauty,45.15,88,0.15,N,card,3973.2,3377.22
3852,116,2025-09-13,Grocery,99.95,22,,Y,card,2198.9,2198.9
3853,337,2025-10-08,Grocery,86.84,42,0.05,Y,bank,3647.28,3464.92
3854,737,2025-10-31,Fashion,133.52,63,0.0,Y,wallet,8411.76,8411.76
3855,147,2025-11-17,Electronics,86.26,78,0.05,Y,card,6728.28,6391.87
3856,575,2025-11-19,Beauty,114.46,36,0.05,Y,card,4120.56,3914.53
3857,323,2025-12-12,Beauty,126.16,61,0.0,Y,card,7695.76,"₩7,695.76"
3858,443,2025-10-21,Fashion,,74,0.05,N,card,3634.14,3452.43
3859,13,2025-03-28,Electronics,53.23,53,0.05,Y,card,2821.19,2680.13
3860,494,2025-05-29,Electronics,41.23,39,0.0,N,card,1607.97,1607.97
3861,701,2025-09-06,Grocery,59.75,32,0.1,N,bank,1912.0,1720.8
3862,287,2025-11-17,Electronics,68.55,88,0.15,Y,card,6032.4,5127.54
3863,720,2025-10-10,Fashion,112.63,92,0.0,N,card,10361.96,10361.96
3864,114,2025-12-28,Fashion,80.65,25,0.0,Y,card,2016.25,"₩2,016.25"
3865,480,2025-07-17,Grocery,38.99,64,0.0,N,bank,2495.36,2495.36
3866,22,2025-02-13,Electronics,168.35,27,0.05,Y,card,4545.45,"₩4,318.18"
3867,349,2025-12-22,Fashion,229.94,99,0.15,Y,card,22764.06,19349.45
3868,726,2025-01-28,Grocery,16.02,26,,N,card,416.52,416.52
3869,683,2025-01-17,Grocery,90.68,84,0.05,N,card,7617.12,7236.26
3870,566,2025-05-07,Fashion,46.82,61,0.0,Y,,2856.02,2856.02
3871,320,2025-06-17,Fashion,52.39,54,0.05,Y,bank,2829.06,2687.61
3872,126,2025-09-01,Grocery,92.69,65,0.0,N,card,6024.85,6024.85
3873,277,2025-03-17,Grocery,159.38,63,0.15,N,wallet,10040.94,8534.8
3874,204,2025-08-19,Grocery,68.94,18,0.1,Y,card,1240.92,1116.83
3875,194,2025-07-23,Beauty,91.67,26,0.0,Y,card,2383.42,2383.42
3876,681,2025-09-05,Grocery,56.0,36,0.15,N,card,2016.0,1713.6
3877,664,2025-10-29,Grocery,67.02,46,0.0,N,bank,3082.92,3082.92
3878,547,2025-08-02,Electronics,107.16,31,0.0,N,card,3321.96,3321.96
3879,696,2025-08-03,Fashion,90.17,81,0.15,Y,bank,7303.77,6208.2
3880,286,2025-06-07,Fashion,39.9,76,0.0,N,card,3032.4,3032.4
3881,57,2025-03-10,Fashion,58.31,47,0.15,Y,bank,2740.57,"₩2,329.48"
3882,734,2025-03-26,Fashion,60.06,81,0.1,N,wallet,4864.86,4378.37
3883,303,2025-09-24,Fashion,90.41,53,0.2,N,card,4791.73,3833.38
3884,163,2025-03-10,Grocery,56.6,45,,Y,wallet,2547.0,2292.3
3885,19,2025-04-09,Fashion,99.49,34,0.0,N,card,3382.66,3382.66
3886,370,2025-12-13,Fashion,25.34,51,0.15,Y,card,1292.34,1098.49
3887,264,2025-08-04,Beauty,129.39,22,0.0,Y,card,2846.58,2846.58
3888,794,2025-06-10,Fashion,89.88,65,0.1,Y,card,5842.2,5257.98
3889,113,2025-04-04,Fashion,98.61,88,,N,card,8677.68,8243.8
3890,488,2025-06-23,Fashion,53.01,60,0.1,Y,card,3180.6,"₩2,862.54"
3891,327,2025-06-14,Beauty,105.27,59,0.1,Y,card,6210.93,5589.84
3892,542,2025-04-25,Fashion,65.43,86,0.15,Y,card,5626.98,4782.93
3893,647,2025-08-08,Grocery,68.54,61,0.15,N,card,4180.94,3553.8
3894,579,2025-01-31,Electronics,43.47,42,0.15,Y,card,1825.74,1551.88
3895,65,2025-01-11,Fashion,41.12,34,0.05,N,wallet,1398.08,1328.18
3896,292,2025-12-09,Fashion,43.93,67,0.15,N,wallet,2943.31,2501.81
3897,25,2025-05-10,Grocery,66.72,49,0.1,Y,bank,3269.28,2942.35
3898,549,2025-04-15,Grocery,45.29,96,0.15,N,card,4347.84,3695.66
3899,1,2025-01-27,Grocery,69.63,47,0.2,Y,card,3272.61,2618.09
3900,549,2025-08-15,Grocery,63.61,12,0.0,Y,card,763.32,763.32
3901,141,2025-01-02,Fashion,133.74,25,0.05,Y,card,3343.5,3176.32
3902,744,2025-12-25,Grocery,61.15,11,0.15,Y,wallet,672.65,571.75
3903,648,2025-04-11,Fashion,59.75,32,0.0,N,bank,1912.0,1912.0
3904,188,2025-01-21,Grocery,72.12,39,0.05,N,card,2812.68,2672.05
3905,128,2025-02-27,Fashion,64.5,19,0.15,N,card,1225.5,"₩1,041.68"
3906,201,2025-06-29,Electronics,66.02,74,0.0,N,bank,4885.48,4885.48
3907,127,2025-12-07,Fashion,91.6,31,0.15,Y,bank,2839.6,2413.66
3908,257,2025-12-15,Fashion,74.35,61,0.2,Y,card,4535.35,3628.28
3909,676,2025-01-20,Fashion,54.69,65,0.0,Y,card,3554.85,3554.85
3910,547,2025-09-12,Grocery,81.99,42,0.1,N,card,3443.58,3099.22
3911,194,2025-11-13,Electronics,91.26,98,0.0,Y,card,8943.48,"₩8,943.48"
3912,703,2025-02-07,Electronics,38.94,95,0.1,N,bank,3699.3,3329.37
3913,104,2025-05-28,Grocery,49.93,89,,N,card,4443.77,4221.58
3914,535,2025-01-25,Fashion,30.08,39,0.15,N,card,1173.12,997.15
3915,265,2025-05-01,Grocery,41.07,91,0.0,Y,card,3737.37,3737.37
3916,384,2025-01-26,Grocery,114.49,33,0.1,Y,card,3778.17,"₩3,400.35"
3917,260,2025-06-18,Beauty,166.01,14,0.1,Y,card,2324.14,2091.73
3918,414,2025-11-19,Grocery,55.74,62,0.0,N,card,3455.88,3455.88
3919,358,2025-08-13,Electronics,43.81,64,0.15,Y,card,2803.84,2383.26
3920,75,2025-01-01,Fashion,108.25,32,,N,bank,3464.0,2771.2
3921,355,2025-11-03,Electronics,78.25,85,,N,card,6651.25,5986.12
3922,584,2025-09-18,Beauty,127.06,19,0.1,Y,card,2414.14,2172.73
3923,771,2025-01-13,Electronics,52.95,42,0.05,Y,card,2223.9,2112.7
3924,188,2025-02-17,Fashion,66.25,89,0.05,Y,card,5896.25,5601.44
3925,685,2025-11-09,Electronics,39.25,71,0.0,N,card,2786.75,2786.75
3926,290,2025-10-18,Grocery,70.51,91,0.05,N,card,6416.41,6095.59
3927,45,2025-11-28,Fashion,56.52,36,0.05,Y,card,2034.72,1932.98
3928,573,2025-04-04,Beauty,99.23,16,0.1,Y,card,1587.68,1428.91
3929,83,2025-09-18,Electronics,75.5,36,0.0,Y,card,2718.0,"₩2,718.00"
3930,123,2025-10-05,Electronics,203.69,83,0.0,N,wallet,16906.27,16906.27
3931,358,2025-12-25,Electronics,11.78,19,0.1,Y,card,223.82,201.44
3932,528,2025-07-24,Grocery,38.99,84,0.0,N,card,3275.16,3275.16
3933,66,2025-07-04,Beauty,190.3,66,0.05,Y,bank,12559.8,11931.81
3934,657,2025-06-24,Electronics,95.65,39,0.0,N,wallet,3730.35,"₩3,730.35"
3935,375,2025-11-05,Electronics,51.56,12,0.05,Y,card,618.72,587.78
3936,162,2025-03-10,Grocery,47.82,38,0.2,Y,card,1817.16,"₩1,453.73"
3937,746,2025-04-14,Electronics,144.16,23,0.15,N,card,3315.68,2818.33
3938,380,2025-09-03,Electronics,114.96,86,0.0,Y,card,9886.56,9886.56
3939,656,2025-06-10,Electronics,119.35,92,0.05,Y,wallet,10980.2,"₩10,431.19"
3940,358,2025-07-19,Electronics,78.33,34,0.15,N,card,2663.22,2263.74
3941,188,2025-08-04,Fashion,113.89,19,0.15,N,,2163.91,1839.32
3942,322,2025-07-31,Electronics,87.17,88,0.0,Y,card,7670.96,7670.96
3943,450,2025-01-16,Fashion,88.56,58,0.15,Y,card,5136.48,4366.01
3944,474,2025-11-28,Grocery,32.83,47,0.0,Y,card,1543.01,1543.01
3945,13,2025-07-24,Fashion,36.85,80,0.05,Y,wallet,2948.0,2800.6
3946,184,2025-12-31,Grocery,42.17,23,0.0,Y,bank,969.91,969.91
3947,111,2025-02-08,Electronics,40.22,39,0.2,N,card,1568.58,1254.86
3948,508,2025-03-30,Grocery,18.42,49,0.1,N,card,902.58,812.32
3949,290,2025-09-13,Fashion,42.95,21,0.0,Y,card,901.95,901.95
3950,295,2025-09-11,Grocery,79.7,23,0.1,Y,,1833.1,1649.79
3951,451,2025-08-04,Electronics,134.47,10,0.0,Y,card,1344.7,1344.7
3952,215,2025-10-30,Beauty,60.5,77,0.0,Y,card,4658.5,4658.5
3953,632,2025-06-21,Electronics,68.19,58,0.05,N,card,3955.02,3757.27
3954,567,2025-05-17,Fashion,77.89,27,0.1,Y,card,2103.03,"₩1,892.73"
3955,27,2025-06-27,Beauty,33.14,45,0.0,Y,card,1491.3,1491.3
3956,630,2025-03-18,Grocery,26.32,73,0.05,Y,bank,1921.36,1825.29
3957,733,2025-07-07,Fashion,104.28,37,0.05,Y,bank,3858.36,"₩3,665.44"
3958,231,2025-01-15,Beauty,82.24,41,0.1,Y,card,3371.84,3034.66
3959,565,2025-10-19,Fashion,31.0,81,0.0,N,card,2511.0,2511.0
3960,321,2025-11-15,Electronics,150.35,34,0.0,Y,bank,5111.9,"₩5,111.90"
3961,233,2025-11-21,Beauty,74.54,56,0.0,Y,bank,4174.24,4174.24
3962,670,2025-08-02,Fashion,48.28,29,0.05,Y,card,1400.12,1330.11
3963,437,2025-07-27,Beauty,54.72,42,0.1,N,card,2298.24,2068.42
3964,781,2025-06-18,Electronics,69.16,39,0.15,Y,card,2697.24,2292.65
3965,533,2025-11-26,Grocery,180.99,46,0.0,Y,bank,8325.54,8325.54
3966,403,2025-10-07,Fashion,95.1,89,0.1,Y,bank,8463.9,"₩7,617.51"
3967,53,2025-11-01,Beauty,176.78,62,0.0,Y,card,10960.36,10960.36
3968,787,2025-05-26,Grocery,112.98,98,0.0,Y,wallet,11072.04,"₩11,072.04"
3969,313,2025-09-20,Electronics,98.28,83,0.05,Y,card,8157.24,7749.38
3970,281,2025-01-04,Grocery,17.55,78,,Y,card,1368.9,1232.01
3971,726,2025-03-31,Electronics,65.23,17,0.15,Y,card,1108.91,942.57
3972,31,2025-03-01,Grocery,30.73,10,0.1,Y,card,307.3,276.57
3973,337,2025-11-07,Beauty,44.55,16,0.0,N,bank,712.8,712.8
3974,183,2025-01-16,Fashion,81.3,71,0.1,N,bank,5772.3,5195.07
3975,23,2025-08-15,Grocery,60.85,96,0.15,Y,bank,5841.6,4965.36
3976,544,2025-01-29,Electronics,104.85,67,0.05,Y,card,7024.95,6673.7
3977,446,2025-05-31,Fashion,53.47,97,0.2,N,bank,5186.59,4149.27
3978,74,2025-09-02,Fashion,50.18,87,0.0,N,card,4365.66,4365.66
3979,10,2025-09-27,Grocery,114.86,96,0.15,N,card,11026.56,9372.58
3980,484,2025-03-20,Electronics,77.24,82,0.0,Y,card,6333.68,6333.68
3981,456,2025-10-16,Grocery,58.13,17,0.1,N,card,988.21,889.39
3982,566,2025-06-02,Electronics,110.79,73,0.1,Y,wallet,8087.67,"₩7,278.90"
3983,564,2025-10-04,Grocery,92.08,17,0.0,Y,card,1565.36,1565.36
3984,660,2025-10-06,Electronics,186.92,12,0.2,Y,card,2243.04,1794.43
3985,160,2025-02-26,Grocery,92.61,67,0.0,Y,bank,6204.87,6204.87
3986,14,2025-07-05,Electronics,130.09,41,0.0,Y,card,5333.69,5333.69
3987,178,2025-04-03,Fashion,146.61,77,0.15,Y,card,11288.97,9595.62
3988,412,2025-10-03,Fashion,43.22,58,0.0,Y,card,2506.76,2506.76
3989,53,2025-06-07,Grocery,162.37,47,0.05,N,card,7631.39,7249.82
3990,408,2025-10-02,Fashion,68.98,11,0.1,Y,card,758.78,682.9
3991,22,2025-06-30,Grocery,104.68,18,0.1,Y,wallet,1884.24,"₩1,695.82"
3992,30,2025-12-25,Fashion,138.83,55,0.2,N,wallet,7635.65,6108.52
3993,703,2025-03-18,Grocery,125.11,74,0.1,N,card,9258.14,8332.33
3994,260,2025-05-31,Electronics,62.52,58,0.15,Y,card,3626.16,3082.24
3995,205,2025-08-26,Fashion,91.69,84,0.15,N,bank,7701.96,6546.67
3996,59,2025-10-16,Fashion,48.75,38,0.05,Y,card,1852.5,1759.88
3997,471,2025-08-19,Electronics,43.11,99,0.0,Y,bank,4267.89,4267.89
3998,776,2025-01-18,Electronics,81.85,38,0.1,N,bank,3110.3,2799.27
3999,466,2025-03-14,Beauty,88.43,42,0.0,Y,wallet,3714.06,3714.06
4000,12,2025-07-08,Beauty,49.58,37,0.0,N,bank,1834.46,1834.46
4001,631,2025-01-17,Grocery,163.34,92,0.1,Y,bank,15027.28,13524.55
4002,290,2025-01-19,Fashion,88.93,35,0.2,N,card,3112.55,2490.04
4003,760,2025-08-07,Fashion,69.25,38,0.05,Y,card,2631.5,2499.92
4004,354,2025-11-22,Grocery,36.91,20,0.0,N,bank,738.2,738.2
4005,639,2025-04-30,Electronics,56.65,94,0.05,Y,card,5325.1,5058.84
4006,75,2025-04-11,Beauty,61.02,43,0.05,N,card,2623.86,2492.67
4007,716,2025-02-03,Electronics,68.72,95,0.05,Y,wallet,6528.4,6201.98
4008,561,2025-03-25,Beauty,78.23,57,0.1,N,card,4459.11,4013.2
4009,591,2025-07-15,Fashion,117.95,36,0.0,N,card,4246.2,4246.2
4010,441,2025-11-26,Grocery,58.73,81,0.05,Y,card,4757.13,4519.27
4011,241,2025-07-21,Electronics,48.92,49,0.15,N,card,2397.08,2037.52
4012,154,2025-12-10,Beauty,30.09,40,0.1,Y,bank,1203.6,1083.24
4013,786,2025-12-07,Fashion,146.67,74,0.0,Y,bank,10853.58,"₩10,853.58"
4014,96,2025-01-11,Grocery,96.6,48,0.05,N,bank,4636.8,4404.96
4015,726,2025-12-13,Grocery,7.26,33,,N,card,239.58,239.58
4016,294,2025-08-06,Electronics,82.38,77,0.2,N,card,6343.26,5074.61
4017,209,2025-09-10,Fashion,155.61,91,0.0,Y,card,14160.51,"₩14,160.51"
4018,343,2025-08-10,Fashion,68.94,32,0.15,Y,card,2206.08,1875.17
4019,88,2025-03-21,Fashion,92.67,70,0.15,N,bank,6486.9,5513.86
4020,776,2025-01-07,Fashion,40.53,36,0.05,N,card,1459.08,1386.13
4021,390,2025-09-29,Fashion,27.1,25,0.0,N,card,677.5,677.5
4022,325,2025-08-15,Fashion,90.8,54,0.15,Y,card,4903.2,4167.72
4023,157,2025-01-16,Grocery,79.6,36,0.0,Y,card,2865.6,"₩2,865.60"
4024,668,2025-01-12,Grocery,135.71,82,0.0,Y,bank,11128.22,11128.22
4025,651,2025-10-18,Electronics,74.4,14,0.0,N,card,1041.6,"₩1,041.60"
4026,633,2025-08-29,Beauty,,68,0.05,N,card,5380.16,5111.15
4027,577,2025-01-21,Beauty,74.07,81,0.0,N,card,5999.67,5999.67
4028,619,2025-06-27,Fashion,143.01,91,0.2,N,card,13013.91,10411.13
4029,659,2025-08-16,Fashion,132.96,44,0.0,Y,card,5850.24,5850.24
4030,137,2025-09-30,Fashion,71.97,79,0.15,N,bank,5685.63,4832.79
4031,674,2025-10-15,Grocery,83.39,96,0.0,Y,bank,8005.44,8005.44
4032,428,2025-10-24,Grocery,51.15,55,0.05,Y,card,2813.25,"₩2,672.59"
4033,452,2025-05-14,Electronics,62.25,99,0.0,N,card,6162.75,6162.75
4034,612,2025-10-10,Grocery,39.92,65,0.2,Y,wallet,2594.8,2075.84
4035,141,2025-06-02,Fashion,110.28,33,0.0,N,bank,3639.24,3639.24
4036,83,2025-03-07,Electronics,65.26,19,0.1,N,card,1239.94,1115.95
4037,177,2025-05-17,Grocery,146.59,88,0.0,N,card,12899.92,12899.92
4038,198,2025-04-02,Grocery,64.49,47,0.15,N,card,3031.03,2576.38
4039,624,2025-11-13,Fashion,39.19,93,0.0,Y,card,3644.67,"₩3,644.67"
4040,568,2025-09-16,Fashion,64.43,79,0.0,Y,wallet,5089.97,5089.97
4041,691,2025-04-13,Beauty,51.31,57,0.1,Y,card,2924.67,2632.2
4042,421,2025-02-24,Grocery,156.96,18,0.0,Y,card,2825.28,2825.28
4043,401,2025-09-14,Grocery,107.23,59,0.05,Y,card,6326.57,6010.24
4044,698,2025-04-11,Electronics,142.47,78,0.0,Y,wallet,11112.66,11112.66
4045,471,2025-07-17,Electronics,86.84,57,0.1,N,card,4949.88,"₩4,454.89"
4046,218,2025-10-28,Fashion,192.12,48,0.05,Y,wallet,9221.76,8760.67
4047,729,2025-08-14,Fashion,62.97,92,0.0,Y,card,5793.24,"₩5,793.24"
4048,632,2025-08-25,Grocery,43.02,14,0.1,Y,card,602.28,₩542.05
4049,175,2025-01-26,Fashion,60.72,93,0.0,Y,,5646.96,"₩5,646.96"
4050,23,2025-05-01,Fashion,118.74,20,0.05,Y,card,2374.8,2256.06
4051,725,2025-07-01,Fashion,80.15,69,0.1,Y,card,5530.35,4977.32
4052,235,2025-07-18,Fashion,68.69,36,0.15,Y,,2472.84,2101.91
4053,13,2025-10-29,Beauty,56.76,16,0.0,Y,card,908.16,₩908.16
4054,101,2025-09-12,Grocery,42.07,69,0.1,Y,card,2902.83,"₩2,612.55"
4055,536,2025-05-02,Electronics,110.58,59,0.05,Y,wallet,6524.22,6198.01
4056,523,2025-01-31,Grocery,47.3,76,0.05,Y,card,3594.8,3415.06
4057,785,2025-11-11,Grocery,16.12,78,0.05,Y,card,1257.36,1194.49
4058,452,2025-10-12,Grocery,12.86,64,0.0,N,card,823.04,823.04
4059,431,2025-04-16,Electronics,80.98,86,0.05,Y,card,6964.28,6616.07
4060,793,2025-08-12,Fashion,88.85,25,0.1,N,wallet,2221.25,"₩1,999.12"
4061,606,2025-09-30,Electronics,120.55,21,0.05,Y,card,2531.55,2404.97
4062,713,2025-08-20,Grocery,57.74,36,0.0,N,card,2078.64,2078.64
4063,533,2025-09-13,Grocery,99.78,42,,Y,,4190.76,4190.76
4064,723,2025-01-24,Fashion,101.89,88,0.05,N,card,8966.32,8518.0
4065,652,2025-04-19,Fashion,196.46,94,0.05,Y,card,18467.24,17543.88
4066,293,2025-07-10,Electronics,62.01,90,0.0,Y,card,5580.9,"₩5,580.90"
4067,101,2025-12-13,Electronics,71.5,64,0.05,N,card,4576.0,"₩4,347.20"
4068,502,2025-01-25,Beauty,79.77,61,0.1,Y,bank,4865.97,4379.37
4069,304,2025-07-06,Electronics,144.7,46,0.0,Y,card,6656.2,6656.2
4070,540,2025-10-15,Electronics,145.64,24,0.1,N,wallet,3495.36,3145.82
4071,553,2025-04-26,Beauty,90.22,93,0.2,N,card,8390.46,6712.37
4072,355,2025-12-04,Fashion,71.17,92,0.0,N,card,6547.64,6547.64
4073,303,2025-02-06,Grocery,47.98,74,0.0,N,bank,3550.52,3550.52
4074,496,2025-10-09,Electronics,154.19,77,0.05,Y,card,11872.63,11279.0
4075,658,2025-05-17,Grocery,112.12,12,0.0,N,card,1345.44,1345.44
4076,768,2025-08-15,Fashion,143.52,81,0.1,Y,card,11625.12,10462.61
4077,227,2025-11-16,Grocery,89.73,14,0.0,Y,card,1256.22,1256.22
4078,236,2025-11-24,Electronics,44.52,18,0.0,N,card,801.36,₩801.36
4079,455,2025-07-01,Fashion,100.66,10,0.0,Y,card,1006.6,1006.6
4080,13,2025-12-28,Grocery,33.58,39,0.0,N,bank,1309.62,1309.62
4081,210,2025-03-27,Fashion,30.12,80,0.0,Y,wallet,2409.6,2409.6
4082,741,2025-02-22,Grocery,100.51,95,0.0,Y,card,9548.45,9548.45
4083,397,2025-12-14,Electronics,48.97,29,0.0,N,card,1420.13,1420.13
4084,100,2025-12-21,Electronics,78.29,36,0.05,N,bank,2818.44,2677.52
4085,31,2025-08-23,Grocery,104.91,98,0.0,Y,card,10281.18,10281.18
4086,528,2025-09-24,Grocery,107.63,72,0.15,N,card,7749.36,6586.96
4087,649,2025-10-14,Beauty,53.05,84,0.0,Y,,4456.2,4456.2
4088,329,2025-04-10,Grocery,148.73,90,0.0,Y,card,13385.7,13385.7
4089,166,2025-03-28,Fashion,48.85,40,0.0,N,bank,1954.0,1954.0
4090,459,2025-01-15,Beauty,182.1,91,0.1,Y,wallet,16571.1,14913.99
4091,100,2025-04-11,Electronics,144.88,28,0.05,Y,bank,4056.64,"₩3,853.81"
4092,621,2025-06-14,Fashion,44.56,88,0.0,Y,wallet,3921.28,3921.28
4093,173,2025-01-29,Fashion,103.32,71,0.0,Y,card,7335.72,7335.72
4094,749,2025-04-24,Electronics,35.07,16,0.2,Y,card,561.12,448.9
4095,162,2025-04-17,Grocery,86.3,46,0.15,N,card,3969.8,"₩3,374.33"
4096,728,2025-12-30,Fashion,101.05,80,0.0,Y,card,8084.0,8084.0
4097,776,2025-05-10,Grocery,113.27,95,0.05,Y,card,10760.65,10222.62
4098,263,2025-03-25,Fashion,23.97,85,0.05,Y,card,2037.45,1935.58
4099,274,2025-09-28,Fashion,69.21,17,0.0,Y,bank,1176.57,1176.57
4100,3,2025-09-01,Electronics,58.98,66,0.1,Y,card,3892.68,3503.41
4101,28,2025-08-02,Grocery,37.38,91,0.1,Y,card,3401.58,3061.42
4102,326,2025-11-02,Fashion,35.19,37,0.05,Y,card,1302.03,1236.93
4103,149,2025-06-15,Grocery,36.36,91,0.15,Y,wallet,3308.76,2812.45
4104,540,2025-10-06,Electronics,133.31,26,,Y,card,3466.06,3292.76
4105,488,2025-02-28,Electronics,58.9,96,0.0,N,wallet,5654.4,5654.4
4106,438,2025-03-31,Grocery,59.61,20,0.0,Y,wallet,1192.2,1192.2
4107,65,2025-11-27,Grocery,58.28,24,0.05,Y,card,1398.72,"₩1,328.78"
4108,356,2025-07-13,Fashion,69.31,39,0.0,Y,bank,2703.09,2703.09
4109,533,2025-05-03,Grocery,75.32,15,0.05,N,card,1129.8,1073.31
4110,252,2025-05-16,Beauty,57.79,21,0.0,N,card,1213.59,1213.59
4111,235,2025-05-19,Beauty,78.25,96,0.0,N,card,7512.0,7512.0
4112,227,2025-08-17,Grocery,97.08,70,0.15,N,wallet,6795.6,5776.26
4113,525,2025-10-01,Grocery,119.99,45,0.2,N,card,5399.55,4319.64
4114,313,2025-02-19,Electronics,58.8,44,0.05,N,card,2587.2,2457.84
4115,49,2025-04-28,Grocery,30.68,76,0.1,N,card,2331.68,2098.51
4116,118,2025-07-21,Fashion,135.0,88,0.1,Y,card,11880.0,10692.0
4117,54,2025-07-10,Beauty,23.5,86,0.1,Y,card,2021.0,1818.9
4118,650,2025-12-30,Electronics,,72,0.0,N,wallet,1415.52,1415.52
4119,565,2025-11-19,Fashion,69.69,92,0.05,N,card,6411.48,"₩6,090.91"
4120,44,2025-06-30,Grocery,59.06,49,0.05,Y,card,2893.94,2749.24
4121,53,2025-03-19,Fashion,60.51,91,0.05,Y,card,5506.41,5231.09
4122,586,2025-03-16,Electronics,66.38,40,0.0,N,bank,2655.2,2655.2
4123,558,2025-10-22,Grocery,90.11,46,0.1,N,card,4145.06,"₩3,730.55"
4124,525,2025-10-08,Grocery,87.37,94,0.0,N,card,8212.78,8212.78
4125,677,2025-01-21,Grocery,101.6,14,0.0,N,bank,1422.4,1422.4
4126,102,2025-06-20,Electronics,56.13,90,0.0,Y,card,5051.7,"₩5,051.70"
4127,792,2025-01-15,Grocery,102.52,92,0.0,Y,card,9431.84,9431.84
4128,770,2025-07-30,Fashion,86.86,13,0.15,Y,bank,1129.18,959.8
4129,398,2025-02-17,Electronics,71.72,35,0.1,N,card,2510.2,2259.18
4130,138,2025-03-27,Grocery,100.37,33,0.15,Y,card,3312.21,2815.38
4131,675,2025-05-29,Grocery,144.86,48,0.05,Y,card,6953.28,"₩6,605.62"
4132,387,2025-07-07,Fashion,81.0,65,0.05,Y,card,5265.0,5001.75
4133,111,2025-11-02,Fashion,38.82,63,0.1,Y,card,2445.66,2201.09
4134,614,2025-05-31,Fashion,56.69,47,0.05,Y,card,2664.43,2531.21
4135,17,2025-05-21,Fashion,61.7,63,0.05,N,card,3887.1,"₩3,692.74"
4136,780,2025-03-10,Electronics,145.58,28,0.05,N,card,4076.24,3872.43
4137,182,2025-09-17,Beauty,56.17,35,0.2,N,card,1965.95,1572.76
4138,536,2025-11-30,Grocery,25.32,61,0.15,Y,card,1544.52,1312.84
4139,541,2025-01-09,Grocery,80.4,84,0.0,N,card,6753.6,6753.6
4140,171,2025-05-01,Fashion,34.23,70,0.0,Y,card,2396.1,2396.1
4141,409,2025-04-11,Grocery,31.38,76,0.1,Y,bank,2384.88,2146.39
4142,740,2025-05-29,Fashion,200.01,31,0.0,Y,card,6200.31,6200.31
4143,378,2025-05-26,Fashion,31.5,26,0.0,N,wallet,819.0,819.0
4144,188,2025-12-19,Electronics,109.53,20,0.0,Y,card,2190.6,2190.6
4145,230,2025-08-31,Grocery,156.95,48,0.05,Y,card,7533.6,7156.92
4146,119,2025-08-29,Beauty,34.33,70,0.05,Y,wallet,2403.1,2282.94
4147,156,2025-12-03,Electronics,123.4,58,0.05,Y,card,7157.2,6799.34
4148,784,2025-02-12,Electronics,91.22,70,0.2,Y,card,6385.4,5108.32
4149,687,2025-04-05,Fashion,85.51,21,0.05,Y,card,1795.71,1705.92
4150,465,2025-08-14,Grocery,27.47,22,0.0,Y,card,604.34,604.34
4151,104,2025-01-06,Fashion,81.73,67,0.05,Y,bank,5475.91,5202.11
4152,604,2025-08-02,Fashion,99.57,20,0.0,Y,card,1991.4,1991.4
4153,698,2025-07-25,Grocery,101.77,73,0.15,N,card,7429.21,6314.83
4154,795,2025-03-08,Fashion,65.33,40,0.0,Y,card,2613.2,2613.2
4155,502,2025-04-10,Electronics,95.98,20,0.2,Y,card,1919.6,1535.68
4156,693,2025-01-12,Electronics,,52,0.05,Y,bank,5801.64,5511.56
4157,682,2025-08-25,Grocery,23.13,45,0.15,N,card,1040.85,884.72
4158,699,2025-11-18,Fashion,95.71,11,0.1,N,card,1052.81,947.53
4159,175,2025-09-15,Beauty,49.83,96,0.15,Y,wallet,4783.68,4066.13
4160,734,2025-12-03,Grocery,72.52,70,0.1,N,card,5076.4,4568.76
4161,745,2025-05-15,Electronics,106.28,45,0.05,N,bank,4782.6,4543.47
4162,674,2025-08-10,Fashion,37.38,87,0.1,N,card,3252.06,2926.85
4163,421,2025-06-05,Fashion,73.95,58,0.1,Y,card,4289.1,3860.19
4164,134,2025-05-22,Electronics,87.97,36,0.15,N,card,3166.92,2691.88
4165,391,2025-06-07,Beauty,50.14,21,0.0,N,card,1052.94,1052.94
4166,736,2025-11-22,Grocery,64.09,67,0.0,N,card,4294.03,4294.03
4167,501,2025-12-10,Electronics,49.62,15,0.0,N,,744.3,744.3
4168,665,2025-09-19,Fashion,109.78,53,0.05,N,card,5818.34,5527.42
4169,33,2025-10-10,Electronics,51.34,56,0.15,N,card,2875.04,2443.78
4170,55,2025-12-04,Fashion,134.81,32,0.0,Y,card,4313.92,4313.92
4171,519,2025-12-10,Grocery,93.98,83,0.05,Y,card,7800.34,7410.32
4172,756,2025-08-17,Fashion,111.03,85,0.1,N,bank,9437.55,8493.8
4173,638,2025-10-07,Beauty,62.11,35,0.15,Y,card,2173.85,1847.77
4174,12,2025-12-24,Electronics,41.89,16,0.05,Y,card,670.24,636.73
4175,528,2025-10-17,Grocery,56.57,41,0.0,Y,card,2319.37,"₩2,319.37"
4176,720,2025-06-17,Beauty,20.32,42,0.2,N,card,853.44,682.75
4177,555,2025-02-16,Fashion,82.27,91,0.0,N,card,7486.57,7486.57
4178,373,2025-07-22,Electronics,42.61,29,,Y,bank,1235.69,1112.12
4179,484,2025-08-02,Electronics,36.8,78,0.0,N,card,2870.4,2870.4
4180,647,2025-09-03,Fashion,61.23,61,0.0,N,card,3735.03,3735.03
4181,228,2025-01-24,Beauty,78.07,51,0.15,Y,card,3981.57,3384.33
4182,623,2025-11-17,Beauty,141.41,92,0.1,Y,card,13009.72,11708.75
4183,307,2025-10-01,Beauty,71.03,10,0.05,N,,710.3,674.78
4184,457,2025-02-13,Grocery,49.36,72,0.1,N,bank,3553.92,3198.53
4185,160,2025-11-28,Fashion,100.82,16,0.05,Y,wallet,1613.12,1532.46
4186,331,2025-11-09,Beauty,80.19,67,,N,card,5372.73,5372.73
4187,776,2025-12-29,Beauty,71.14,95,0.1,N,card,6758.3,6082.47
4188,225,2025-06-05,Fashion,121.64,59,0.1,Y,bank,7176.76,6459.08
4189,729,2025-07-18,Fashion,95.43,43,0.15,N,wallet,4103.49,"₩3,487.97"
4190,504,2025-06-11,Fashion,36.99,60,0.05,Y,,2219.4,2108.43
4191,456,2025-08-22,Electronics,92.84,19,0.1,N,card,1763.96,"₩1,587.56"
4192,45,2025-06-12,Electronics,74.48,35,0.05,Y,card,2606.8,2476.46
4193,214,2025-04-26,Beauty,62.48,41,0.0,N,card,2561.68,2561.68
4194,59,2025-04-03,Beauty,40.77,51,0.05,Y,card,2079.27,1975.31
4195,644,2025-02-11,Electronics,49.6,71,0.15,Y,card,3521.6,2993.36
4196,616,2025-10-11,Fashion,52.1,21,,Y,wallet,1094.1,1094.1
4197,195,2025-07-29,Grocery,19.76,49,0.0,Y,card,968.24,968.24
4198,489,2025-07-25,Grocery,117.04,96,0.1,N,card,11235.84,"₩10,112.26"
4199,157,2025-08-08,Fashion,79.88,87,0.0,Y,card,6949.56,6949.56
4200,610,2025-10-07,Grocery,98.8,43,0.15,N,card,4248.4,3611.14
4201,226,2025-05-16,Beauty,144.6,90,0.0,N,card,13014.0,13014.0
4202,412,2025-04-16,Beauty,54.07,79,0.1,N,card,4271.53,3844.38
4203,205,2025-04-28,Fashion,46.08,36,0.05,Y,card,1658.88,1575.94
4204,79,2025-08-25,Electronics,74.68,17,0.0,N,card,1269.56,"₩1,269.56"
4205,124,2025-11-05,Beauty,68.33,56,0.15,Y,card,3826.48,3252.51
4206,471,2025-04-10,Electronics,86.63,90,0.1,Y,card,7796.7,7017.03
4207,218,2025-09-18,Grocery,105.84,35,0.0,Y,,3704.4,3704.4
4208,516,2025-11-01,Electronics,53.51,66,0.0,N,bank,3531.66,3531.66
4209,602,2025-12-20,Fashion,27.78,16,0.05,N,card,444.48,422.26
4210,104,2025-10-13,Fashion,70.47,97,0.0,Y,card,6835.59,6835.59
4211,393,2025-11-24,Electronics,110.91,98,0.05,Y,wallet,10869.18,10325.72
4212,631,2025-04-13,Beauty,83.29,35,0.05,N,,2915.15,2769.39
4213,645,2025-03-04,Electronics,60.56,68,0.05,Y,card,4118.08,"₩3,912.18"
4214,608,2025-06-24,Beauty,41.73,78,0.0,Y,wallet,3254.94,3254.94
4215,434,2025-10-09,Beauty,117.73,56,0.05,N,bank,6592.88,"₩6,263.24"
4216,331,2025-10-20,Fashion,44.99,44,0.0,Y,card,1979.56,1979.56
4217,143,2025-08-14,Grocery,71.37,39,0.1,Y,wallet,2783.43,2505.09
4218,800,2025-01-07,Fashion,74.51,59,0.1,N,card,4396.09,3956.48
4219,540,2025-05-07,Grocery,99.07,98,0.0,Y,bank,9708.86,9708.86
4220,278,2025-04-02,Grocery,31.58,33,0.0,N,card,1042.14,1042.14
4221,233,2025-07-09,Fashion,118.84,39,0.0,N,card,4634.76,4634.76
4222,529,2025-12-25,Fashion,78.39,93,0.05,Y,card,7290.27,6925.76
4223,571,2025-02-22,Grocery,85.71,63,0.05,N,bank,5399.73,5129.74
4224,90,2025-08-30,Beauty,59.48,76,0.05,N,bank,4520.48,"₩4,294.46"
4225,492,2025-05-12,Electronics,47.9,41,0.2,Y,wallet,1963.9,1571.12
4226,199,2025-12-30,Grocery,99.69,17,0.05,Y,card,1694.73,1609.99
4227,362,2025-04-22,Fashion,104.63,59,0.1,N,card,6173.17,5555.85
4228,441,2025-01-07,Grocery,,56,0.0,N,card,3398.64,3398.64
4229,26,2025-08-18,Electronics,57.83,96,0.0,Y,card,5551.68,5551.68
4230,25,2025-06-05,Grocery,,55,0.0,N,card,3263.7,3263.7
4231,394,2025-07-16,Electronics,30.92,89,0.05,Y,bank,2751.88,2614.29
4232,507,2025-11-19,Grocery,87.21,44,0.0,N,bank,3837.24,"₩3,837.24"
4233,301,2025-12-30,Grocery,62.73,70,0.1,N,card,4391.1,3951.99
4234,339,2025-08-11,Grocery,123.28,98,0.1,Y,bank,12081.44,10873.3
4235,267,2025-09-07,Grocery,85.81,88,0.0,N,bank,7551.28,7551.28
4236,461,2025-03-24,Fashion,79.63,60,0.1,Y,card,4777.8,4300.02
4237,693,2025-08-28,Beauty,107.55,72,0.0,N,card,7743.6,7743.6
4238,456,2025-12-26,Grocery,84.4,17,,Y,card,1434.8,1363.06
4239,360,2025-11-19,Beauty,36.27,43,0.1,Y,wallet,1559.61,1403.65
4240,68,2025-09-20,Fashion,78.22,34,0.1,Y,card,2659.48,"₩2,393.53"
4241,412,2025-07-08,Fashion,15.81,53,0.0,Y,card,837.93,837.93
4242,491,2025-10-17,Electronics,32.42,92,0.0,N,card,2982.64,2982.64
4243,49,2025-12-28,Fashion,79.89,52,0.05,N,bank,4154.28,3946.57
4244,687,2025-02-27,Electronics,44.12,59,0.0,N,card,2603.08,"₩2,603.08"
4245,564,2025-01-09,Beauty,139.86,22,0.2,Y,card,3076.92,2461.54
4246,102,2025-10-31,Grocery,100.87,55,0.0,N,bank,5547.85,"₩5,547.85"
4247,216,2025-04-25,Beauty,60.98,85,0.15,Y,card,5183.3,4405.8
4248,438,2025-07-29,Electronics,49.78,88,0.15,Y,card,4380.64,3723.54
4249,700,2025-02-10,Electronics,54.47,96,0.05,Y,card,5229.12,4967.66
4250,569,2025-10-31,Beauty,47.19,62,0.0,N,card,2925.78,2925.78
4251,559,2025-06-22,Fashion,132.02,72,0.1,Y,wallet,9505.44,8554.9
4252,159,2025-08-22,Fashion,76.17,11,0.0,Y,card,837.87,837.87
4253,489,2025-10-08,Beauty,72.57,49,0.05,Y,bank,3555.93,3378.13
4254,686,2025-03-19,Fashion,85.12,32,0.0,Y,card,2723.84,2723.84
4255,242,2025-04-18,Electronics,174.57,68,0.05,N,card,11870.76,11277.22
4256,794,2025-10-08,Beauty,103.15,78,0.0,Y,card,8045.7,8045.7
4257,753,2025-02-08,Electronics,91.44,43,0.0,Y,card,3931.92,"₩3,931.92"
4258,5,2025-04-29,Beauty,28.86,83,0.1,N,bank,2395.38,"₩2,155.84"
4259,596,2025-12-01,Electronics,123.29,36,0.2,N,card,4438.44,3550.75
4260,361,2025-12-02,Grocery,108.56,64,0.0,Y,card,6947.84,6947.84
4261,459,2025-01-27,Electronics,59.06,13,0.05,N,bank,767.78,729.39
4262,248,2025-04-14,Grocery,29.88,77,0.05,Y,card,2300.76,2185.72
4263,566,2025-03-15,Electronics,28.14,81,0.0,N,wallet,2279.34,2279.34
4264,673,2025-07-10,Grocery,53.38,79,0.1,N,card,4217.02,3795.32
4265,422,2025-11-20,Fashion,50.58,98,0.1,Y,wallet,4956.84,4461.16
4266,738,2025-05-27,Electronics,87.12,36,0.0,N,bank,3136.32,"₩3,136.32"
4267,15,2025-09-12,Grocery,87.07,56,0.1,Y,card,4875.92,4388.33
4268,736,2025-10-11,Fashion,58.94,49,0.1,N,card,2888.06,2599.25
4269,573,2025-08-01,Electronics,52.91,93,0.0,N,bank,4920.63,4920.63
4270,122,2025-05-03,Electronics,41.68,36,0.1,Y,card,1500.48,1350.43
4271,277,2025-07-25,Fashion,47.97,16,0.05,Y,card,767.52,729.14
4272,558,2025-08-28,Electronics,84.46,32,0.1,Y,wallet,2702.72,2432.45
4273,453,2025-12-05,Electronics,108.84,93,0.05,N,,10122.12,9616.01
4274,390,2025-10-13,Fashion,,73,0.0,N,card,13920.37,13920.37
4275,294,2025-01-22,Grocery,131.9,38,0.1,Y,card,5012.2,4510.98
4276,574,2025-09-16,Fashion,93.62,70,0.05,Y,card,6553.4,6225.73
4277,598,2025-12-23,Electronics,206.54,53,,Y,bank,10946.62,9851.96
4278,446,2025-04-15,Beauty,66.33,78,0.0,N,,5173.74,5173.74
4279,210,2025-09-15,Beauty,79.02,36,0.1,N,wallet,2844.72,"₩2,560.25"
4280,590,2025-07-23,Fashion,91.92,21,0.05,Y,card,1930.32,1833.8
4281,714,2025-11-06,Electronics,31.54,26,0.1,Y,wallet,820.04,738.04
4282,302,2025-09-19,Beauty,81.92,46,,Y,,3768.32,3579.9
4283,223,2025-04-17,Fashion,79.92,43,0.05,Y,card,3436.56,3264.73
4284,734,2025-09-08,Fashion,49.04,45,0.0,Y,card,2206.8,"₩2,206.80"
4285,3,2025-08-09,Fashion,111.24,15,,Y,card,1668.6,1418.31
4286,518,2025-08-10,Grocery,42.46,41,,N,card,1740.86,1653.82
4287,93,2025-09-15,Electronics,104.36,82,0.2,Y,bank,8557.52,6846.02
4288,520,2025-07-20,Grocery,111.54,31,0.05,Y,card,3457.74,3284.85
4289,428,2025-09-15,Grocery,36.82,19,0.1,N,card,699.58,629.62
4290,493,2025-12-15,Fashion,127.39,38,0.1,N,card,4840.82,4356.74
4291,235,2025-08-13,Beauty,29.54,20,0.1,Y,card,590.8,531.72
4292,620,2025-07-21,Electronics,53.21,75,0.1,Y,bank,3990.75,3591.68
4293,161,2025-08-14,Grocery,85.69,65,0.0,N,card,5569.85,5569.85
4294,721,2025-08-24,Fashion,34.48,94,0.05,Y,wallet,3241.12,3079.06
4295,752,2025-07-02,Fashion,20.3,67,0.05,Y,card,1360.1,1292.09
4296,331,2025-07-19,Fashion,122.46,61,0.0,N,bank,7470.06,"₩7,470.06"
4297,333,2025-12-23,Fashion,68.38,70,0.05,N,,4786.6,4547.27
4298,50,2025-09-03,Electronics,93.32,26,0.05,N,wallet,2426.32,2305.0
4299,523,2025-12-19,Fashion,56.45,39,,Y,card,2201.55,2201.55
4300,668,2025-04-21,Fashion,80.44,81,0.0,Y,card,6515.64,"₩6,515.64"
4301,492,2025-01-06,Grocery,114.08,46,0.1,Y,card,5247.68,4722.91
4302,582,2025-08-24,Electronics,78.42,14,0.0,Y,bank,1097.88,1097.88
4303,681,2025-05-07,Grocery,122.31,35,0.0,Y,card,4280.85,4280.85
4304,272,2025-04-14,Electronics,121.27,79,0.1,Y,card,9580.33,8622.3
4305,580,2025-08-25,Electronics,123.67,89,0.0,Y,card,11006.63,11006.63
4306,252,2025-06-04,Fashion,107.18,10,0.05,N,card,1071.8,"₩1,018.21"
4307,560,2025-09-14,Electronics,77.77,18,0.0,N,card,1399.86,1399.86
4308,696,2025-08-23,Grocery,85.54,94,0.15,N,card,8040.76,"₩6,834.65"
4309,699,2025-10-16,Fashion,18.94,80,0.0,N,card,1515.2,1515.2
4310,90,2025-02-09,Beauty,40.86,73,0.0,Y,bank,2982.78,2982.78
4311,446,2025-10-15,Beauty,120.93,88,0.05,Y,card,10641.84,10109.75
4312,332,2025-07-16,Fashion,74.71,33,0.0,Y,card,2465.43,"₩2,465.43"
4313,139,2025-09-30,Grocery,49.08,14,0.1,Y,card,687.12,618.41
4314,357,2025-09-21,Electronics,35.19,60,0.1,N,bank,2111.4,"₩1,900.26"
4315,601,2025-02-26,Fashion,119.57,47,0.1,N,card,5619.79,5057.81
4316,274,2025-10-25,Grocery,127.75,38,0.05,N,bank,4854.5,4611.77
4317,19,2025-04-08,Electronics,93.35,55,0.15,Y,card,5134.25,4364.11
4318,311,2025-05-17,Electronics,167.19,61,0.05,N,card,10198.59,9688.66
4319,154,2025-03-28,Electronics,133.69,55,0.0,Y,card,7352.95,"₩7,352.95"
4320,390,2025-08-30,Fashion,91.39,84,0.0,Y,card,7676.76,7676.76
4321,260,2025-07-18,Fashion,37.73,77,0.1,Y,card,2905.21,"₩2,614.69"
4322,620,2025-11-06,Fashion,99.13,68,0.15,N,card,6740.84,5729.71
4323,797,2025-03-25,Fashion,83.21,19,0.0,N,bank,1580.99,1580.99
4324,571,2025-08-30,Fashion,42.42,13,0.15,Y,bank,551.46,468.74
4325,125,2025-10-08,Grocery,27.69,61,0.1,Y,card,1689.09,1520.18
4326,354,2025-11-19,Electronics,35.0,83,0.05,Y,,2905.0,2759.75
4327,273,2025-09-09,Grocery,186.49,27,0.1,Y,card,5035.23,4531.71
4328,619,2025-07-09,Grocery,23.32,85,0.0,N,card,1982.2,1982.2
4329,245,2025-06-01,Grocery,130.17,60,0.15,N,card,7810.2,6638.67
4330,450,2025-10-29,Grocery,51.61,32,0.1,N,card,1651.52,1486.37
4331,247,2025-10-05,Fashion,40.32,34,0.05,Y,card,1370.88,1302.34
4332,520,2025-05-19,Electronics,48.74,69,0.15,Y,card,3363.06,2858.6
4333,141,2025-06-25,Fashion,135.04,46,0.0,N,card,6211.84,6211.84
4334,362,2025-01-08,Beauty,78.28,77,0.15,N,bank,6027.56,5123.43
4335,8,2025-10-22,Grocery,130.61,86,0.0,Y,card,11232.46,11232.46
4336,478,2025-08-23,Electronics,93.16,27,0.1,N,bank,2515.32,2263.79
4337,352,2025-06-12,Electronics,83.09,38,0.05,Y,card,3157.42,2999.55
4338,495,2025-02-18,Beauty,62.56,39,0.1,N,card,2439.84,2195.86
4339,606,2025-10-29,Electronics,55.72,16,0.05,Y,wallet,891.52,846.94
4340,427,2025-02-07,Electronics,108.18,97,0.15,N,card,10493.46,8919.44
4341,39,2025-05-16,Fashion,30.61,50,0.0,Y,card,1530.5,1530.5
4342,593,2025-11-06,Beauty,34.47,83,0.0,Y,card,2861.01,2861.01
4343,187,2025-08-07,Fashion,74.87,46,0.0,Y,card,3444.02,3444.02
4344,596,2025-12-14,Fashion,47.25,36,0.1,Y,wallet,1701.0,1530.9
4345,600,2025-10-23,Grocery,96.99,30,,Y,card,2909.7,2764.21
4346,754,2025-02-03,Electronics,44.5,52,0.05,N,card,2314.0,2198.3
4347,93,2025-12-18,Beauty,22.6,60,0.15,Y,,1356.0,1152.6
4348,86,2025-03-20,Fashion,139.45,80,0.15,N,card,11156.0,9482.6
4349,44,2025-08-24,Fashion,51.41,22,0.0,Y,bank,1131.02,1131.02
4350,137,2025-09-30,Beauty,46.12,62,0.05,Y,card,2859.44,"₩2,716.47"
4351,421,2025-06-10,Beauty,62.98,96,0.0,N,card,6046.08,"₩6,046.08"
4352,74,2025-06-24,Fashion,89.86,72,0.15,Y,card,6469.92,5499.43
4353,548,2025-11-04,Electronics,96.67,66,0.15,N,bank,6380.22,5423.19
4354,613,2025-08-09,Grocery,161.12,34,0.15,N,card,5478.08,4656.37
4355,512,2025-01-09,Fashion,60.08,22,,N,bank,1321.76,1189.58
4356,156,2025-10-16,Beauty,63.77,46,,Y,card,2933.42,2786.75
4357,255,2025-04-23,Beauty,24.67,39,,Y,card,962.13,914.02
4358,171,2025-07-24,Electronics,97.63,99,0.05,N,wallet,9665.37,9182.1
4359,728,2025-07-05,Beauty,46.19,21,0.0,Y,card,969.99,969.99
4360,170,2025-12-07,Fashion,61.62,74,0.15,N,card,4559.88,3875.9
4361,764,2025-07-16,Grocery,163.45,27,0.05,Y,wallet,4413.15,4192.49
4362,322,2025-09-23,Electronics,50.34,94,0.15,Y,card,4731.96,4022.17
4363,567,2025-09-19,Beauty,105.0,71,0.15,N,card,7455.0,6336.75
4364,456,2025-09-05,Grocery,48.18,33,0.15,N,card,1589.94,1351.45
4365,603,2025-04-25,Grocery,123.21,69,0.05,Y,card,8501.49,8076.42
4366,790,2025-05-01,Beauty,114.16,26,0.0,Y,card,2968.16,2968.16
4367,613,2025-05-21,Fashion,41.93,69,,N,wallet,2893.17,2893.17
4368,155,2025-03-06,Fashion,45.08,18,,Y,card,811.44,730.3
4369,349,2025-10-03,Beauty,154.31,61,0.0,Y,card,9412.91,9412.91
4370,451,2025-11-09,Grocery,61.52,24,0.0,Y,card,1476.48,1476.48
4371,653,2025-08-27,Beauty,70.98,86,0.1,Y,card,6104.28,5493.85
4372,173,2025-10-29,Beauty,65.52,37,0.15,N,card,2424.24,2060.6
4373,10,2025-01-10,Fashion,22.57,90,0.15,N,bank,2031.3,"₩1,726.60"
4374,740,2025-08-21,Fashion,132.86,18,0.0,Y,card,2391.48,2391.48
4375,265,2025-07-14,Fashion,30.21,65,0.15,Y,card,1963.65,1669.1
4376,438,2025-01-12,Grocery,71.21,94,0.1,Y,bank,6693.74,6024.37
4377,760,2025-06-26,Fashion,76.88,84,0.1,Y,card,6457.92,5812.13
4378,247,2025-06-26,Grocery,80.16,45,0.0,Y,card,3607.2,3607.2
4379,667,2025-08-05,Electronics,83.15,65,0.1,N,card,5404.75,4864.28
4380,546,2025-01-11,Electronics,97.31,98,0.1,Y,card,9536.38,8582.74
4381,499,2025-04-28,Electronics,132.39,80,0.05,N,card,10591.2,10061.64
4382,129,2025-06-13,Electronics,26.05,29,0.05,N,card,755.45,717.68
4383,672,2025-02-08,Grocery,71.72,64,,N,card,4590.08,3901.57
4384,601,2025-02-22,Electronics,68.61,69,0.15,Y,card,4734.09,4023.98
4385,605,2025-08-06,Electronics,83.84,44,,Y,card,3688.96,3135.62
4386,327,2025-07-25,Electronics,26.68,83,0.0,Y,card,2214.44,2214.44
4387,753,2025-11-08,Grocery,105.8,10,0.05,N,bank,1058.0,1005.1
4388,404,2025-12-26,Grocery,41.38,87,0.0,N,bank,3600.06,3600.06
4389,629,2025-02-25,Electronics,123.31,54,0.1,N,card,6658.74,5992.87
4390,606,2025-04-28,Grocery,76.58,78,0.15,N,card,5973.24,"₩5,077.25"
4391,675,2025-09-10,Fashion,84.8,49,0.0,Y,bank,4155.2,4155.2
4392,611,2025-10-13,Electronics,58.64,47,,N,card,2756.08,2342.67
4393,625,2025-09-25,Grocery,114.69,33,0.1,N,bank,3784.77,3406.29
4394,359,2025-10-18,Electronics,162.82,13,0.0,N,card,2116.66,2116.66
4395,603,2025-11-29,Grocery,101.24,78,0.05,Y,card,7896.72,7501.88
4396,718,2025-06-29,Electronics,55.34,22,0.0,Y,,1217.48,1217.48
4397,17,2025-12-24,Beauty,122.69,30,0.05,Y,bank,3680.7,3496.66
4398,274,2025-08-23,Electronics,92.02,41,0.0,N,card,3772.82,3772.82
4399,685,2025-12-09,Grocery,55.17,47,0.1,N,wallet,2592.99,2333.69
4400,116,2025-07-15,Beauty,123.47,41,0.1,Y,card,5062.27,4556.04
4401,693,2025-11-04,Electronics,155.28,88,0.05,N,bank,13664.64,12981.41
4402,91,2025-03-21,Fashion,128.52,66,0.0,Y,card,8482.32,8482.32
4403,82,2025-05-15,Fashion,66.48,57,0.1,Y,card,3789.36,3410.42
4404,324,2025-01-22,Grocery,163.81,39,0.05,Y,card,6388.59,"₩6,069.16"
4405,114,2025-11-27,Electronics,115.39,80,0.15,Y,card,9231.2,7846.52
4406,769,2025-08-13,Electronics,91.3,47,,Y,card,4291.1,4076.54
4407,58,2025-02-27,Grocery,66.98,53,0.0,Y,card,3549.94,3549.94
4408,154,2025-04-03,Fashion,162.18,35,0.1,N,,5676.3,5108.67
4409,404,2025-07-11,Grocery,46.64,99,0.1,Y,card,4617.36,4155.62
4410,628,2025-04-13,Electronics,99.23,11,0.0,N,card,1091.53,1091.53
4411,266,2025-01-07,Fashion,24.53,52,0.05,N,card,1275.56,1211.78
4412,315,2025-05-08,Grocery,87.73,52,0.1,N,card,4561.96,4105.76
4413,715,2025-02-24,Grocery,,72,0.0,N,card,13278.24,13278.24
4414,41,2025-08-19,Fashion,97.23,82,0.0,Y,card,7972.86,7972.86
4415,105,2025-12-28,Fashion,53.01,67,0.1,Y,bank,3551.67,3196.5
4416,193,2025-03-03,Fashion,63.35,57,0.1,Y,card,3610.95,3249.86
4417,401,2025-08-28,Electronics,81.05,14,0.15,Y,card,1134.7,964.5
4418,278,2025-03-31,Fashion,72.51,85,0.05,Y,card,6163.35,5855.18
4419,354,2025-08-20,Electronics,105.85,44,0.05,N,card,4657.4,4424.53
4420,749,2025-08-21,Grocery,64.85,25,,N,card,1621.25,"₩1,540.19"
4421,733,2025-12-20,Grocery,109.86,92,0.1,Y,wallet,10107.12,9096.41
4422,580,2025-11-29,Fashion,94.74,58,0.1,Y,bank,5494.92,4945.43
4423,709,2025-10-19,Fashion,32.68,69,0.0,Y,card,2254.92,2254.92
4424,256,2025-12-11,Electronics,64.69,60,0.0,Y,bank,3881.4,3881.4
4425,651,2025-06-01,Fashion,100.49,91,0.1,N,card,9144.59,8230.13
4426,661,2025-05-25,Beauty,29.11,68,0.05,Y,card,1979.48,1880.51
4427,99,2025-05-10,Grocery,53.35,73,0.0,N,,3894.55,3894.55
4428,588,2025-05-21,Grocery,55.63,22,0.0,N,card,1223.86,1223.86
4429,282,2025-04-03,Grocery,120.22,35,0.15,Y,bank,4207.7,"₩3,576.54"
4430,403,2025-04-24,Fashion,69.99,79,0.2,Y,card,5529.21,"₩4,423.37"
4431,109,2025-10-11,Electronics,95.98,12,0.0,Y,card,1151.76,1151.76
4432,700,2025-05-23,Grocery,293.09,96,0.05,N,card,28136.64,26729.81
4433,199,2025-08-11,Electronics,62.11,21,0.0,N,wallet,1304.31,1304.31
4434,303,2025-08-20,Grocery,69.92,50,0.0,Y,card,3496.0,"₩3,496.00"
4435,327,2025-02-02,Grocery,96.85,88,0.05,N,card,8522.8,8096.66
4436,154,2025-10-03,Grocery,74.03,74,0.0,Y,card,5478.22,5478.22
4437,552,2025-06-19,Fashion,54.97,72,0.1,Y,bank,3957.84,3562.06
4438,645,2025-05-20,Fashion,54.79,59,0.05,Y,card,3232.61,3070.98
4439,405,2025-12-23,Grocery,89.02,56,0.15,N,card,4985.12,4237.35
4440,462,2025-07-20,Grocery,6.73,17,0.1,Y,card,114.41,102.97
4441,132,2025-01-23,Grocery,94.15,40,0.0,Y,bank,3766.0,3766.0
4442,791,2025-08-12,Beauty,54.16,20,0.0,N,card,1083.2,1083.2
4443,84,2025-09-27,Electronics,50.06,26,0.15,N,card,1301.56,1106.33
4444,399,2025-12-13,Fashion,29.11,36,0.15,N,card,1047.96,₩890.77
4445,754,2025-06-02,Fashion,91.44,36,0.05,Y,bank,3291.84,3127.25
4446,628,2025-11-29,Electronics,73.9,87,0.0,N,card,6429.3,6429.3
4447,109,2025-03-26,Beauty,51.93,96,0.15,N,card,4985.28,4237.49
4448,221,2025-04-19,Beauty,129.09,65,0.0,N,card,8390.85,8390.85
4449,553,2025-01-31,Electronics,80.01,78,0.0,N,card,6240.78,"₩6,240.78"
4450,368,2025-08-17,Electronics,100.01,56,0.15,N,bank,5600.56,4760.48
4451,147,2025-08-28,Fashion,101.95,28,0.15,Y,card,2854.6,"₩2,426.41"
4452,112,2025-12-29,Grocery,57.64,66,0.1,Y,card,3804.24,3423.82
4453,615,2025-11-06,Fashion,39.63,40,0.0,N,card,1585.2,1585.2
4454,558,2025-05-21,Electronics,64.78,25,0.05,N,bank,1619.5,1538.52
4455,494,2025-06-05,Electronics,98.37,54,0.1,N,card,5311.98,4780.78
4456,505,2025-10-26,Fashion,30.25,36,0.1,Y,card,1089.0,980.1
4457,475,2025-12-11,Beauty,150.92,70,0.05,Y,wallet,10564.4,10036.18
4458,271,2025-04-09,Fashion,114.39,35,0.2,N,card,4003.65,3202.92
4459,421,2025-02-16,Fashion,36.49,38,0.0,N,card,1386.62,1386.62
4460,707,2025-11-23,Electronics,60.99,53,0.0,Y,card,3232.47,3232.47
4461,367,2025-03-08,Fashion,42.09,38,0.0,N,wallet,1599.42,1599.42
4462,280,2025-03-03,Grocery,68.73,11,0.1,Y,card,756.03,680.43
4463,283,2025-04-19,Fashion,50.9,15,0.1,N,,763.5,687.15
4464,40,2025-06-16,Fashion,116.33,18,,N,card,2093.94,"₩1,884.55"
4465,189,2025-02-06,Grocery,38.18,24,0.0,N,card,916.32,916.32
4466,164,2025-04-29,Electronics,80.08,93,0.15,Y,wallet,7447.44,6330.32
4467,536,2025-03-27,Grocery,35.72,67,0.0,N,bank,2393.24,"₩2,393.24"
4468,536,2025-02-21,Fashion,145.74,11,0.0,N,bank,1603.14,1603.14
4469,4,2025-04-01,Fashion,57.89,12,0.1,Y,bank,694.68,625.21
4470,290,2025-10-16,Grocery,140.29,61,0.0,Y,bank,8557.69,8557.69
4471,433,2025-12-03,Grocery,142.89,64,0.05,N,card,9144.96,8687.71
4472,471,2025-10-25,Grocery,50.46,62,,N,card,3128.52,2972.09
4473,181,2025-07-23,Electronics,87.74,81,0.0,Y,bank,7106.94,"₩7,106.94"
4474,248,2025-08-26,Fashion,83.17,49,0.0,N,card,4075.33,4075.33
4475,628,2025-06-04,Fashion,47.05,94,0.05,Y,card,4422.7,4201.56
4476,279,2025-08-28,Fashion,128.49,48,0.0,N,,6167.52,6167.52
4477,581,2025-05-16,Grocery,65.82,52,0.05,N,card,3422.64,3251.51
4478,254,2025-12-28,Electronics,27.6,22,0.1,N,wallet,607.2,546.48
4479,181,2025-03-05,Fashion,91.47,46,0.0,N,bank,4207.62,4207.62
4480,681,2025-05-03,Grocery,21.59,64,0.1,Y,card,1381.76,1243.58
4481,509,2025-09-11,Fashion,70.45,41,0.1,N,,2888.45,2599.6
4482,761,2025-04-24,Grocery,84.27,23,0.15,Y,card,1938.21,1647.48
4483,700,2025-01-20,Electronics,89.42,74,0.15,N,card,6617.08,5624.52
4484,566,2025-01-16,Fashion,60.07,36,0.0,Y,wallet,2162.52,2162.52
4485,326,2025-05-25,Beauty,89.42,33,0.0,Y,card,2950.86,2950.86
4486,357,2025-07-27,Fashion,25.47,31,0.1,N,,789.57,710.61
4487,650,2025-01-19,Fashion,96.65,87,0.1,N,wallet,8408.55,7567.7
4488,680,2025-06-15,Grocery,,54,0.0,Y,bank,5007.96,5007.96
4489,391,2025-02-07,Beauty,97.29,17,0.05,Y,card,1653.93,1571.23
4490,615,2025-06-30,Beauty,73.34,76,0.1,N,wallet,5573.84,5016.46
4491,85,2025-12-15,Grocery,68.35,73,0.1,N,bank,4989.55,4490.6
4492,317,2025-04-15,Electronics,71.52,56,0.1,Y,wallet,4005.12,3604.61
4493,212,2025-04-10,Beauty,71.97,30,0.0,N,card,2159.1,2159.1
4494,515,2025-03-31,Grocery,142.48,41,0.0,Y,card,5841.68,5841.68
4495,384,2025-10-27,Fashion,116.71,54,0.05,Y,bank,6302.34,5987.22
4496,691,2025-11-28,Grocery,46.97,53,0.0,Y,card,2489.41,2489.41
4497,342,2025-03-20,Fashion,27.03,50,0.15,N,bank,1351.5,1148.77
4498,38,2025-03-14,Electronics,52.51,61,0.0,Y,wallet,3203.11,3203.11
4499,511,2025-06-25,Grocery,97.1,97,0.0,Y,card,9418.7,9418.7
4500,420,2025-04-06,Fashion,57.08,20,0.0,N,card,1141.6,1141.6
4501,751,2025-12-11,Fashion,36.32,94,0.1,N,card,3414.08,"₩3,072.67"
4502,169,2025-04-13,Fashion,100.76,27,0.05,Y,card,2720.52,2584.49
4503,343,2025-08-12,Grocery,59.14,20,0.1,Y,card,1182.8,1064.52
4504,306,2025-01-06,Electronics,88.31,36,0.15,N,card,3179.16,2702.29
4505,542,2025-05-02,Fashion,75.59,52,0.05,N,wallet,3930.68,3734.15
4506,702,2025-08-24,Grocery,102.47,74,0.0,Y,wallet,7582.78,7582.78
4507,537,2025-04-26,Beauty,99.12,63,0.1,Y,card,6244.56,5620.1
4508,112,2025-06-12,Fashion,28.4,38,0.15,N,bank,1079.2,917.32
4509,411,2025-08-14,Grocery,70.77,30,0.0,N,card,2123.1,2123.1
4510,206,2025-08-18,Grocery,39.57,38,0.0,N,card,1503.66,"₩1,503.66"
4511,185,2025-07-01,Grocery,54.23,18,0.1,N,wallet,976.14,₩878.53
4512,382,2025-09-06,Electronics,187.29,70,0.05,Y,card,13110.3,12454.78
4513,496,2025-11-14,Beauty,37.73,71,0.05,N,bank,2678.83,2544.89
4514,379,2025-07-29,Fashion,17.29,80,,Y,card,1383.2,1175.72
4515,47,2025-05-24,Electronics,53.47,14,0.0,Y,card,748.58,748.58
4516,740,2025-12-11,Electronics,70.16,24,0.1,N,bank,1683.84,1515.46
4517,551,2025-04-06,Grocery,109.23,66,0.0,N,,7209.18,7209.18
4518,528,2025-12-12,Electronics,100.9,14,0.0,N,bank,1412.6,"₩1,412.60"
4519,504,2025-09-01,Electronics,82.06,29,0.1,Y,card,2379.74,2141.77
4520,22,2025-03-27,Grocery,77.81,90,0.0,N,wallet,7002.9,7002.9
4521,213,2025-07-03,Beauty,82.49,13,0.1,N,card,1072.37,965.13
4522,310,2025-05-01,Grocery,92.45,65,0.0,Y,card,6009.25,6009.25
4523,661,2025-11-28,Electronics,78.14,94,0.0,N,bank,7345.16,7345.16
4524,753,2025-04-02,Electronics,62.8,43,0.0,Y,card,2700.4,2700.4
4525,272,2025-03-11,Grocery,47.75,49,,Y,bank,2339.75,1988.79
4526,571,2025-05-13,Electronics,59.48,78,0.05,N,bank,4639.44,4407.47
4527,799,2025-10-06,Grocery,88.19,77,0.0,N,card,6790.63,6790.63
4528,202,2025-05-17,Electronics,70.35,31,0.05,N,bank,2180.85,"₩2,071.81"
4529,32,2025-11-10,Beauty,78.99,23,,N,,1816.77,1635.09
4530,443,2025-07-06,Fashion,92.53,77,0.0,Y,card,7124.81,7124.81
4531,162,2025-08-09,Electronics,88.46,17,0.15,Y,card,1503.82,1278.25
4532,767,2025-02-15,Beauty,19.16,76,0.2,Y,bank,1456.16,1164.93
4533,254,2025-10-05,Fashion,121.97,55,0.05,N,card,6708.35,6372.93
4534,521,2025-07-11,Fashion,109.88,38,0.05,Y,bank,4175.44,3966.67
4535,651,2025-01-08,Grocery,58.17,99,0.15,N,card,5758.83,4895.01
4536,480,2025-10-03,Fashion,169.33,21,0.05,N,card,3555.93,3378.13
4537,10,2025-06-28,Fashion,72.76,88,0.15,Y,card,6402.88,5442.45
4538,726,2025-11-30,Fashion,,61,0.0,Y,card,3975.98,3975.98
4539,505,2025-02-08,Electronics,32.93,67,,Y,card,2206.31,2095.99
4540,785,2025-10-20,Electronics,38.24,11,0.2,Y,bank,420.64,336.51
4541,560,2025-06-27,Grocery,72.79,10,0.0,Y,card,727.9,727.9
4542,436,2025-06-11,Grocery,65.59,64,0.0,N,card,4197.76,4197.76
4543,111,2025-11-27,Fashion,148.84,43,0.1,N,card,6400.12,5760.11
4544,153,2025-04-14,Fashion,36.2,73,0.15,N,wallet,2642.6,2246.21
4545,635,2025-06-10,Beauty,81.68,77,0.0,Y,bank,6289.36,6289.36
4546,102,2025-10-14,Beauty,25.73,91,0.15,N,card,2341.43,1990.22
4547,753,2025-05-03,Fashion,57.91,21,0.1,N,wallet,1216.11,1094.5
4548,191,2025-02-23,Grocery,60.4,59,0.2,Y,card,3563.6,2850.88
4549,729,2025-02-03,Grocery,44.31,30,0.1,Y,card,1329.3,1196.37
4550,563,2025-08-30,Fashion,41.67,19,0.1,N,card,791.73,712.56
4551,81,2025-04-23,Electronics,,94,0.15,Y,wallet,6078.04,"₩5,166.33"
4552,489,2025-11-14,Electronics,51.72,98,0.0,N,card,5068.56,5068.56
4553,88,2025-01-23,Grocery,156.22,90,0.15,Y,wallet,14059.8,11950.83
4554,194,2025-02-15,Grocery,156.1,79,0.0,Y,card,12331.9,12331.9
4555,104,2025-11-08,Grocery,104.75,23,0.0,Y,card,2409.25,2409.25
4556,783,2025-05-15,Electronics,106.78,49,0.1,Y,card,5232.22,4709.0
4557,96,2025-04-28,Grocery,30.35,91,0.0,Y,card,2761.85,2761.85
4558,423,2025-07-08,Grocery,118.16,39,0.1,Y,bank,4608.24,4147.42
4559,198,2025-05-11,Beauty,14.99,82,0.1,Y,card,1229.18,1106.26
4560,1,2025-07-31,Electronics,38.31,23,0.0,Y,card,881.13,881.13
4561,407,2025-04-23,Grocery,90.84,61,0.0,Y,card,5541.24,"₩5,541.24"
4562,378,2025-02-13,Electronics,38.68,26,0.05,Y,card,1005.68,955.4
4563,167,2025-05-08,Grocery,42.34,71,0.15,N,card,3006.14,"₩2,555.22"
4564,509,2025-12-30,Grocery,110.0,31,0.15,N,,3410.0,2898.5
4565,638,2025-06-07,Electronics,230.04,62,0.0,Y,bank,14262.48,14262.48
4566,313,2025-09-30,Grocery,72.65,41,0.2,Y,card,2978.65,"₩2,382.92"
4567,593,2025-11-11,Electronics,31.35,85,0.0,N,bank,2664.75,"₩2,664.75"
4568,418,2025-12-21,Grocery,123.32,64,0.0,N,bank,7892.48,7892.48
4569,763,2025-12-06,Fashion,51.27,89,0.0,N,card,4563.03,4563.03
4570,681,2025-02-14,Grocery,93.28,31,0.05,Y,card,2891.68,2747.1
4571,477,2025-04-18,Beauty,107.73,47,0.1,Y,wallet,5063.31,4556.98
4572,73,2025-08-07,Fashion,62.25,59,0.05,N,card,3672.75,"₩3,489.11"
4573,141,2025-11-14,Fashion,140.69,75,0.15,Y,card,10551.75,8968.99
4574,582,2025-11-11,Fashion,29.04,54,0.1,Y,card,1568.16,1411.34
4575,262,2025-06-26,Electronics,29.1,17,0.0,Y,card,494.7,494.7
4576,340,2025-08-16,Grocery,29.03,74,0.05,Y,card,2148.22,2040.81
4577,308,2025-07-10,Grocery,,49,0.0,Y,card,1248.03,1248.03
4578,245,2025-06-09,Beauty,64.43,14,0.05,N,bank,902.02,856.92
4579,515,2025-09-24,Beauty,75.51,54,0.05,N,bank,4077.54,3873.66
4580,337,2025-12-24,Fashion,69.16,55,0.0,Y,card,3803.8,3803.8
4581,575,2025-11-22,Grocery,51.53,45,0.0,Y,card,2318.85,2318.85
4582,561,2025-07-09,Grocery,156.55,26,0.15,N,bank,4070.3,3459.76
4583,76,2025-06-24,Fashion,67.35,50,,Y,card,3367.5,3199.12
4584,175,2025-10-17,Electronics,49.05,39,0.15,N,wallet,1912.95,1626.01
4585,109,2025-12-23,Fashion,23.26,61,,N,bank,1418.86,1347.92
4586,183,2025-05-25,Grocery,100.65,88,0.2,Y,card,8857.2,7085.76
4587,192,2025-08-20,Grocery,159.36,29,0.05,Y,card,4621.44,4390.37
4588,65,2025-12-26,Grocery,47.13,45,0.1,N,card,2120.85,"₩1,908.76"
4589,474,2025-07-23,Electronics,18.67,75,0.0,Y,card,1400.25,"₩1,400.25"
4590,783,2025-08-01,Beauty,66.18,54,0.0,Y,bank,3573.72,3573.72
4591,100,2025-02-09,Fashion,112.68,13,0.15,Y,card,1464.84,1245.11
4592,544,2025-10-02,Grocery,60.5,59,0.1,N,card,3569.5,3212.55
4593,128,2025-11-19,Electronics,78.23,97,0.15,N,bank,7588.31,6450.06
4594,452,2025-03-23,Electronics,60.88,64,0.0,N,card,3896.32,3896.32
4595,369,2025-06-30,Grocery,60.82,68,0.1,Y,card,4135.76,"₩3,722.18"
4596,43,2025-11-16,Beauty,111.21,51,0.0,Y,,5671.71,"₩5,671.71"
4597,419,2025-03-24,Fashion,50.88,11,0.0,Y,bank,559.68,559.68
4598,488,2025-10-30,Electronics,20.97,55,0.15,Y,card,1153.35,₩980.35
4599,78,2025-09-19,Fashion,100.7,11,0.05,Y,card,1107.7,1052.32
4600,270,2025-09-29,Electronics,197.8,59,0.2,N,card,11670.2,9336.16
4601,674,2025-07-19,Electronics,63.78,10,0.05,Y,,637.8,605.91
4602,701,2025-08-28,Grocery,48.3,22,0.2,N,card,1062.6,850.08
4603,759,2025-06-29,Beauty,74.96,79,0.1,Y,card,5921.84,5329.66
4604,728,2025-06-20,Electronics,44.02,31,0.05,N,card,1364.62,1296.39
4605,315,2025-10-22,Grocery,149.28,26,0.0,N,card,3881.28,3881.28
4606,168,2025-06-26,Fashion,76.73,68,0.15,Y,card,5217.64,4434.99
4607,339,2025-08-25,Electronics,43.42,95,0.15,Y,card,4124.9,3506.16
4608,193,2025-05-18,Electronics,95.01,79,0.05,Y,bank,7505.79,7130.5
4609,453,2025-11-23,Grocery,87.26,12,,N,bank,1047.12,942.41
4610,283,2025-11-07,Electronics,44.65,79,0.05,Y,bank,3527.35,3350.98
4611,336,2025-05-09,Fashion,140.27,90,0.1,Y,card,12624.3,"₩11,361.87"
4612,390,2025-02-18,Electronics,77.3,58,0.2,N,wallet,4483.4,3586.72
4613,525,2025-06-13,Fashion,26.09,59,0.0,N,card,1539.31,1539.31
4614,240,2025-10-04,Electronics,60.54,44,0.1,Y,,2663.76,2397.38
4615,483,2025-10-20,Beauty,159.76,32,0.05,Y,wallet,5112.32,4856.7
4616,659,2025-04-26,Grocery,135.45,81,0.05,Y,card,10971.45,10422.88
4617,716,2025-01-24,Beauty,84.67,16,,Y,card,1354.72,"₩1,151.51"
4618,592,2025-11-07,Fashion,62.71,59,0.0,Y,card,3699.89,"₩3,699.89"
4619,555,2025-01-25,Fashion,118.06,19,0.0,Y,card,2243.14,2243.14
4620,458,2025-05-07,Fashion,83.41,99,0.1,N,card,8257.59,7431.83
4621,89,2025-08-22,Electronics,96.82,64,0.05,Y,card,6196.48,5886.66
4622,660,2025-07-28,Grocery,117.75,83,0.05,Y,card,9773.25,"₩9,284.59"
4623,95,2025-04-03,Fashion,138.23,28,0.0,N,card,3870.44,3870.44
4624,452,2025-04-04,Fashion,32.61,32,0.0,Y,bank,1043.52,1043.52
4625,428,2025-11-23,Grocery,37.21,73,0.0,Y,card,2716.33,2716.33
4626,151,2025-08-13,Fashion,33.21,42,0.1,N,card,1394.82,1255.34
4627,514,2025-10-07,Beauty,100.55,75,,N,card,7541.25,7164.19
4628,376,2025-01-11,Fashion,186.66,18,0.05,Y,bank,3359.88,3191.89
4629,22,2025-11-25,Grocery,52.85,38,0.0,N,card,2008.3,2008.3
4630,313,2025-01-12,Fashion,77.11,88,0.0,N,card,6785.68,6785.68
4631,519,2025-02-04,Beauty,88.42,27,0.0,N,bank,2387.34,2387.34
4632,206,2025-08-16,Fashion,136.94,91,0.1,N,card,12461.54,"₩11,215.39"
4633,375,2025-08-08,Grocery,63.41,80,0.0,N,,5072.8,5072.8
4634,451,2025-05-21,Electronics,66.75,87,0.2,N,card,5807.25,4645.8
4635,626,2025-01-23,Grocery,60.67,38,0.0,N,card,2305.46,2305.46
4636,784,2025-03-24,Fashion,,92,0.05,Y,card,12916.8,12270.96
4637,595,2025-08-17,Fashion,49.63,70,0.05,N,card,3474.1,3300.4
4638,179,2025-12-10,Beauty,46.67,14,0.0,Y,card,653.38,653.38
4639,210,2025-03-21,Beauty,23.5,78,0.15,N,bank,1833.0,1558.05
4640,500,2025-12-19,Fashion,49.46,65,0.15,N,bank,3214.9,2732.66
4641,464,2025-10-17,Grocery,30.0,61,0.0,Y,bank,1830.0,1830.0
4642,124,2025-11-27,Electronics,,24,0.1,Y,card,1658.64,1492.78
4643,113,2025-06-08,Grocery,56.88,99,,N,card,5631.12,5068.01
4644,12,2025-05-08,Grocery,24.68,97,0.2,Y,bank,2393.96,1915.17
4645,126,2025-07-09,Fashion,125.37,92,0.05,Y,,11534.04,10957.34
4646,565,2025-01-31,Beauty,84.09,29,0.0,N,bank,2438.61,"₩2,438.61"
4647,331,2025-12-25,Grocery,63.52,82,0.05,Y,wallet,5208.64,4948.21
4648,283,2025-01-15,Fashion,64.1,25,0.05,N,wallet,1602.5,1522.38
4649,140,2025-11-09,Grocery,92.14,84,0.1,Y,card,7739.76,6965.78
4650,401,2025-03-16,Electronics,44.31,34,0.15,N,,1506.54,1280.56
4651,97,2025-02-03,Grocery,17.95,66,0.0,N,card,1184.7,1184.7
4652,517,2025-12-25,Grocery,97.22,30,0.15,N,wallet,2916.6,2479.11
4653,569,2025-07-15,Electronics,71.53,14,0.15,N,card,1001.42,851.21
4654,69,2025-11-27,Grocery,59.17,84,0.15,Y,bank,4970.28,4224.74
4655,118,2025-01-29,Grocery,81.22,18,0.1,Y,bank,1461.96,1315.76
4656,59,2025-07-13,Grocery,92.01,20,0.1,Y,wallet,1840.2,1656.18
4657,33,2025-01-16,Fashion,65.97,74,0.0,N,card,4881.78,4881.78
4658,318,2025-03-18,Fashion,53.98,72,0.15,N,card,3886.56,3303.58
4659,50,2025-10-20,Grocery,58.45,35,0.05,N,card,2045.75,1943.46
4660,489,2025-03-22,Fashion,106.65,83,0.0,Y,wallet,8851.95,8851.95
4661,19,2025-05-04,Fashion,98.34,28,0.05,Y,wallet,2753.52,2615.84
4662,726,2025-01-19,Grocery,65.6,25,0.1,Y,,1640.0,1476.0
4663,197,2025-04-12,Electronics,106.7,65,0.05,Y,wallet,6935.5,6588.72
4664,450,2025-03-18,Grocery,52.88,77,0.1,N,card,4071.76,3664.58
4665,559,2025-08-17,Grocery,89.21,87,0.05,N,card,7761.27,7373.21
4666,679,2025-10-24,Grocery,127.47,39,0.0,N,card,4971.33,4971.33
4667,452,2025-07-22,Fashion,72.3,16,0.0,N,bank,1156.8,1156.8
4668,289,2025-03-02,Fashion,60.25,21,0.05,Y,card,1265.25,1201.99
4669,141,2025-01-26,Fashion,57.93,33,0.0,Y,card,1911.69,1911.69
4670,84,2025-03-12,Grocery,66.81,31,0.05,Y,bank,2071.11,1967.55
4671,694,2025-04-13,Electronics,107.43,56,0.0,Y,bank,6016.08,6016.08
4672,391,2025-11-22,Beauty,112.02,39,0.15,Y,wallet,4368.78,3713.46
4673,591,2025-12-29,Grocery,127.33,69,0.05,Y,card,8785.77,8346.48
4674,215,2025-06-06,Beauty,74.81,48,0.1,N,card,3590.88,3231.79
4675,526,2025-12-29,Fashion,157.09,29,0.0,N,card,4555.61,4555.61
4676,215,2025-12-25,Fashion,176.58,35,0.0,Y,wallet,6180.3,6180.3
4677,403,2025-07-13,Beauty,51.8,58,0.1,Y,card,3004.4,"₩2,703.96"
4678,128,2025-10-02,Electronics,67.35,78,0.1,Y,bank,5253.3,4727.97
4679,477,2025-11-20,Electronics,42.88,51,0.0,N,card,2186.88,2186.88
4680,760,2025-07-05,Fashion,74.28,15,0.0,Y,card,1114.2,1114.2
4681,404,2025-11-22,Beauty,79.76,62,0.15,N,wallet,4945.12,"₩4,203.35"
4682,29,2025-04-23,Grocery,61.84,43,0.0,Y,card,2659.12,2659.12
4683,792,2025-11-09,Grocery,187.28,78,0.0,N,card,14607.84,14607.84
4684,338,2025-06-14,Grocery,35.31,19,0.0,N,card,670.89,670.89
4685,714,2025-03-02,Fashion,37.0,37,0.1,Y,card,1369.0,1232.1
4686,361,2025-04-02,Grocery,161.11,12,0.1,N,card,1933.32,1739.99
4687,569,2025-10-13,Fashion,22.25,86,0.05,Y,card,1913.5,1817.82
4688,392,2025-06-02,Grocery,118.57,57,0.0,Y,wallet,6758.49,6758.49
4689,218,2025-08-13,Fashion,51.65,75,0.05,Y,card,3873.75,3680.06
4690,574,2025-05-07,Fashion,105.84,44,0.0,N,card,4656.96,"₩4,656.96"
4691,669,2025-07-12,Fashion,30.35,61,0.05,Y,card,1851.35,1758.78
4692,202,2025-04-25,Fashion,88.14,71,0.0,Y,card,6257.94,6257.94
4693,17,2025-09-19,Grocery,,61,0.0,Y,,3907.05,3907.05
4694,322,2025-01-18,Fashion,148.7,56,0.1,N,card,8327.2,7494.48
4695,518,2025-01-10,Electronics,44.95,63,0.1,Y,card,2831.85,2548.66
4696,570,2025-04-02,Fashion,80.72,37,0.15,Y,card,2986.64,2538.64
4697,325,2025-05-19,Grocery,39.1,32,0.05,Y,card,1251.2,1188.64
4698,412,2025-11-29,Electronics,34.91,96,0.2,Y,wallet,3351.36,2681.09
4699,318,2025-12-23,Grocery,121.84,44,0.2,N,card,5360.96,4288.77
4700,681,2025-12-06,Fashion,,41,0.0,Y,card,2916.33,2916.33
4701,82,2025-02-21,Fashion,129.35,11,0.05,N,card,1422.85,1351.71
4702,474,2025-07-14,Fashion,50.57,25,0.1,N,card,1264.25,1137.82
4703,468,2025-07-25,Beauty,78.0,25,0.1,Y,card,1950.0,1755.0
4704,425,2025-10-14,Grocery,117.52,60,0.15,Y,bank,7051.2,5993.52
4705,731,2025-04-03,Fashion,127.51,76,0.1,N,card,9690.76,8721.68
4706,689,2025-11-05,Grocery,51.37,63,0.05,Y,card,3236.31,"₩3,074.49"
4707,204,2025-05-25,Grocery,,29,,Y,bank,3192.03,3032.43
4708,583,2025-03-27,Fashion,105.78,42,0.05,N,card,4442.76,4220.62
4709,387,2025-06-02,Grocery,131.03,95,0.15,Y,card,12447.85,10580.67
4710,778,2025-01-02,Electronics,63.19,17,0.2,N,card,1074.23,859.38
4711,98,2025-12-08,Grocery,89.73,33,,N,card,2961.09,2961.09
4712,345,2025-09-17,Fashion,86.0,62,0.05,Y,card,5332.0,5065.4
4713,208,2025-06-13,Electronics,57.3,73,0.05,Y,,4182.9,3973.75
4714,514,2025-01-06,Fashion,103.82,67,0.05,N,bank,6955.94,6608.14
4715,636,2025-05-29,Beauty,109.67,46,0.15,Y,card,5044.82,"₩4,288.10"
4716,792,2025-07-24,Grocery,50.73,93,0.05,Y,card,4717.89,4482.0
4717,586,2025-04-28,Grocery,145.22,21,0.0,N,bank,3049.62,3049.62
4718,166,2025-03-30,Electronics,93.17,93,0.05,Y,wallet,8664.81,8231.57
4719,22,2025-06-03,Fashion,36.32,93,0.05,N,card,3377.76,3208.87
4720,154,2025-06-16,Fashion,47.18,13,0.05,Y,card,613.34,582.67
4721,439,2025-06-10,Electronics,105.94,40,0.0,Y,card,4237.6,4237.6
4722,295,2025-09-27,Fashion,110.51,95,0.0,Y,bank,10498.45,10498.45
4723,219,2025-02-25,Beauty,143.74,88,0.1,N,bank,12649.12,11384.21
4724,669,2025-08-16,Grocery,56.06,47,,N,card,2634.82,2371.34
4725,495,2025-12-03,Electronics,58.64,46,0.1,Y,card,2697.44,"₩2,427.70"
4726,230,2025-05-29,Grocery,182.24,84,0.1,Y,bank,15308.16,"₩13,777.34"
4727,20,2025-02-15,Beauty,138.32,23,0.15,Y,card,3181.36,2704.16
4728,553,2025-05-24,Grocery,83.22,84,0.15,Y,bank,6990.48,5941.91
4729,148,2025-08-26,Grocery,73.96,82,0.05,Y,bank,6064.72,5761.48
4730,108,2025-09-29,Beauty,171.92,33,0.0,N,,5673.36,5673.36
4731,403,2025-04-30,Grocery,39.71,19,0.0,N,card,754.49,754.49
4732,596,2025-12-06,Electronics,67.04,47,0.05,N,wallet,3150.88,2993.34
4733,483,2025-08-08,Fashion,89.3,52,0.15,Y,,4643.6,3947.06
4734,367,2025-01-08,Beauty,112.64,46,0.1,N,card,5181.44,4663.3
4735,414,2025-12-10,Fashion,51.05,51,0.05,N,card,2603.55,2473.37
4736,309,2025-10-02,Electronics,72.82,41,0.1,Y,card,2985.62,2687.06
4737,134,2025-12-19,Fashion,76.8,93,0.05,N,card,7142.4,6785.28
4738,719,2025-03-07,Grocery,227.78,23,0.2,Y,bank,5238.94,4191.15
4739,283,2025-03-20,Beauty,143.81,13,0.15,Y,wallet,1869.53,"₩1,589.10"
4740,778,2025-03-27,Fashion,208.08,33,0.1,Y,bank,6866.64,6179.98
4741,73,2025-05-04,Fashion,63.04,19,0.05,Y,card,1197.76,1137.87
4742,481,2025-07-21,Beauty,153.17,25,0.0,Y,card,3829.25,3829.25
4743,352,2025-05-30,Fashion,110.83,48,0.0,N,wallet,5319.84,5319.84
4744,560,2025-02-15,Electronics,80.8,27,,N,wallet,2181.6,2181.6
4745,326,2025-04-23,Beauty,94.07,34,0.0,N,wallet,3198.38,3198.38
4746,745,2025-04-01,Fashion,51.34,16,0.2,Y,card,821.44,657.15
4747,443,2025-05-21,Fashion,22.16,65,0.0,Y,bank,1440.4,1440.4
4748,100,2025-10-16,Grocery,49.29,56,0.0,Y,bank,2760.24,2760.24
4749,59,2025-08-06,Electronics,86.63,91,0.05,Y,card,7883.33,7489.16
4750,508,2025-03-18,Beauty,84.25,91,,N,card,7666.75,7283.41
4751,258,2025-11-30,Fashion,145.75,12,0.15,N,bank,1749.0,"₩1,486.65"
4752,413,2025-06-01,Fashion,107.72,10,0.0,Y,card,1077.2,1077.2
4753,452,2025-11-19,Electronics,123.61,42,0.2,N,card,5191.62,4153.3
4754,65,2025-08-27,Fashion,49.76,80,0.0,Y,card,3980.8,3980.8
4755,595,2025-04-25,Grocery,49.98,83,0.2,Y,card,4148.34,3318.67
4756,154,2025-11-15,Grocery,43.37,68,0.05,N,card,2949.16,2801.7
4757,266,2025-04-04,Beauty,29.11,81,0.1,N,card,2357.91,2122.12
4758,79,2025-02-17,Fashion,66.37,41,0.0,Y,card,2721.17,2721.17
4759,315,2025-07-10,Grocery,61.62,96,0.1,Y,bank,5915.52,5323.97
4760,662,2025-01-12,Fashion,101.18,26,0.1,Y,card,2630.68,"₩2,367.61"
4761,560,2025-06-05,Grocery,166.83,87,0.0,Y,card,14514.21,"₩14,514.21"
4762,248,2025-06-21,Grocery,22.8,26,0.0,N,card,592.8,592.8
4763,790,2025-10-23,Fashion,60.01,98,0.2,Y,bank,5880.98,"₩4,704.78"
4764,610,2025-06-26,Fashion,60.14,30,0.05,N,card,1804.2,"₩1,713.99"
4765,414,2025-12-07,Fashion,70.35,64,0.15,Y,card,4502.4,3827.04
4766,25,2025-02-26,Grocery,78.34,15,0.1,N,card,1175.1,1057.59
4767,284,2025-12-09,Beauty,52.18,93,0.05,N,wallet,4852.74,4610.1
4768,449,2025-12-06,Electronics,93.85,58,0.0,N,card,5443.3,5443.3
4769,301,2025-07-22,Electronics,39.87,93,0.2,N,card,3707.91,2966.33
4770,68,2025-07-04,Electronics,38.61,35,0.05,N,bank,1351.35,1283.78
4771,7,2025-05-01,Grocery,120.06,41,0.0,N,card,4922.46,4922.46
4772,137,2025-08-14,Fashion,139.35,81,0.1,N,card,11287.35,10158.62
4773,164,2025-07-21,Electronics,44.66,53,,N,card,2366.98,2366.98
4774,83,2025-11-26,Fashion,47.39,68,0.15,N,card,3222.52,2739.14
4775,650,2025-12-29,Grocery,34.66,38,0.0,Y,card,1317.08,1317.08
4776,420,2025-12-22,Fashion,59.39,26,0.0,Y,card,1544.14,1544.14
4777,73,2025-08-04,Grocery,40.93,27,0.0,Y,bank,1105.11,1105.11
4778,237,2025-02-12,Fashion,104.32,49,0.0,N,card,5111.68,5111.68
4779,46,2025-01-23,Fashion,34.04,72,0.05,Y,card,2450.88,2328.34
4780,618,2025-06-04,Electronics,96.48,91,0.1,Y,bank,8779.68,"₩7,901.71"
4781,800,2025-07-05,Electronics,101.57,84,0.1,Y,wallet,8531.88,7678.69
4782,262,2025-09-06,Fashion,113.1,54,0.1,Y,card,6107.4,5496.66
4783,176,2025-08-25,Fashion,113.1,85,0.05,N,card,9613.5,9132.82
4784,166,2025-10-20,Grocery,145.24,88,0.05,Y,card,12781.12,12142.06
4785,657,2025-05-14,Electronics,,99,0.15,N,bank,9067.41,7707.3
4786,370,2025-11-17,Electronics,116.25,12,0.05,N,card,1395.0,1325.25
4787,795,2025-01-22,Beauty,22.22,12,0.0,Y,card,266.64,266.64
4788,54,2025-12-27,Grocery,90.87,47,0.05,N,bank,4270.89,4057.35
4789,690,2025-03-29,Grocery,98.64,82,0.0,Y,card,8088.48,8088.48
4790,419,2025-06-02,Grocery,116.25,49,,Y,card,5696.25,5696.25
4791,756,2025-05-05,Fashion,98.22,77,,Y,card,7562.94,6806.65
4792,507,2025-03-20,Grocery,79.23,63,0.15,N,bank,4991.49,"₩4,242.77"
4793,341,2025-12-12,Fashion,41.53,29,0.05,N,bank,1204.37,1144.15
4794,127,2025-02-20,Electronics,69.38,24,0.1,N,card,1665.12,1498.61
4795,409,2025-08-04,Fashion,54.65,14,0.0,N,card,765.1,765.1
4796,367,2025-06-25,Fashion,148.34,48,0.05,Y,bank,7120.32,6764.3
4797,271,2025-12-24,Fashion,,49,0.1,Y,bank,1940.4,1746.36
4798,644,2025-09-10,Fashion,153.32,16,,N,card,2453.12,2330.46
4799,605,2025-09-03,Fashion,159.97,81,0.0,N,card,12957.57,12957.57
4800,379,2025-08-15,Electronics,100.86,42,0.1,Y,bank,4236.12,3812.51
4801,73,2025-04-16,Electronics,52.55,46,0.15,N,card,2417.3,2054.7
4802,248,2025-07-12,Electronics,55.16,41,0.1,Y,card,2261.56,2035.4
4803,785,2025-11-12,Electronics,76.39,52,0.0,N,card,3972.28,3972.28
4804,43,2025-10-29,Fashion,48.6,72,0.0,Y,,3499.2,3499.2
4805,377,2025-02-05,Grocery,74.14,45,0.0,N,card,3336.3,3336.3
4806,41,2025-07-23,Electronics,,58,,N,card,3330.36,3330.36
4807,170,2025-09-24,Beauty,47.36,34,0.15,N,wallet,1610.24,1368.7
4808,212,2025-09-25,Grocery,108.31,75,0.1,Y,card,8123.25,7310.92
4809,493,2025-06-19,Fashion,25.74,18,0.05,N,card,463.32,440.15
4810,680,2025-02-08,Grocery,163.68,27,0.15,N,card,4419.36,3756.46
4811,39,2025-05-19,Fashion,82.52,31,0.0,N,card,2558.12,2558.12
4812,369,2025-10-19,Electronics,169.26,24,0.1,Y,card,4062.24,3656.02
4813,757,2025-02-21,Beauty,116.69,16,0.0,N,card,1867.04,1867.04
4814,151,2025-10-14,Electronics,23.83,22,0.0,Y,card,524.26,₩524.26
4815,111,2025-10-16,Beauty,43.89,45,0.0,Y,card,1975.05,1975.05
4816,480,2025-05-21,Grocery,56.56,25,0.2,N,bank,1414.0,1131.2
4817,436,2025-05-26,Fashion,50.64,50,0.05,Y,wallet,2532.0,2405.4
4818,47,2025-11-10,Fashion,196.11,30,0.0,Y,card,5883.3,"₩5,883.30"
4819,575,2025-07-03,Fashion,77.98,37,0.05,Y,,2885.26,2741.0
4820,737,2025-06-01,Electronics,87.03,83,0.0,Y,wallet,7223.49,7223.49
4821,366,2025-07-20,Fashion,19.42,92,0.0,Y,card,1786.64,1786.64
4822,69,2025-05-08,Grocery,157.73,26,0.1,Y,wallet,4100.98,3690.88
4823,299,2025-10-14,Fashion,49.02,74,0.0,N,card,3627.48,3627.48
4824,296,2025-11-07,Electronics,23.77,22,,Y,bank,522.94,444.5
4825,203,2025-09-10,Fashion,75.5,45,0.05,Y,wallet,3397.5,3227.62
4826,61,2025-09-23,Beauty,73.3,67,0.0,N,bank,4911.1,"₩4,911.10"
4827,314,2025-07-07,Fashion,57.88,29,0.0,Y,card,1678.52,"₩1,678.52"
4828,161,2025-08-18,Fashion,89.65,61,0.1,N,card,5468.65,4921.78
4829,331,2025-09-28,Beauty,80.66,15,0.0,Y,card,1209.9,1209.9
4830,528,2025-09-16,Fashion,71.22,32,0.05,N,card,2279.04,"₩2,165.09"
4831,338,2025-10-26,Fashion,110.48,51,0.1,N,card,5634.48,5071.03
4832,606,2025-07-17,Grocery,166.04,33,0.1,Y,card,5479.32,4931.39
4833,304,2025-11-19,Grocery,46.84,14,0.1,N,bank,655.76,590.18
4834,503,2025-02-25,Fashion,46.94,41,0.15,N,bank,1924.54,1635.86
4835,650,2025-11-15,Electronics,101.2,55,0.0,Y,wallet,5566.0,5566.0
4836,338,2025-07-22,Grocery,59.76,26,0.0,N,card,1553.76,"₩1,553.76"
4837,550,2025-09-28,Fashion,95.88,84,,Y,card,8053.92,7248.53
4838,639,2025-04-19,Beauty,43.33,36,0.0,N,card,1559.88,1559.88
4839,275,2025-04-26,Electronics,187.91,77,0.05,N,card,14469.07,13745.62
4840,164,2025-04-02,Fashion,63.83,32,0.1,Y,card,2042.56,1838.3
4841,443,2025-05-18,Electronics,146.69,96,0.05,N,card,14082.24,13378.13
4842,319,2025-10-30,Grocery,99.98,43,0.0,N,wallet,4299.14,"₩4,299.14"
4843,589,2025-02-26,Beauty,80.08,30,0.1,Y,wallet,2402.4,2162.16
4844,504,2025-02-19,Grocery,67.13,31,0.15,N,bank,2081.03,1768.88
4845,686,2025-03-12,Beauty,55.1,74,0.0,Y,card,4077.4,4077.4
4846,387,2025-03-23,Electronics,79.73,41,0.05,N,card,3268.93,"₩3,105.48"
4847,603,2025-04-15,Electronics,100.58,71,0.05,Y,wallet,7141.18,6784.12
4848,750,2025-03-29,Grocery,58.55,37,0.0,Y,card,2166.35,"₩2,166.35"
4849,776,2025-01-02,Beauty,76.7,91,0.0,Y,card,6979.7,6979.7
4850,691,2025-12-26,Grocery,58.35,16,0.0,N,card,933.6,933.6
4851,494,2025-03-25,Grocery,78.25,63,0.1,Y,wallet,4929.75,4436.78
4852,490,2025-02-12,Fashion,43.67,79,,N,card,3449.93,3277.43
4853,721,2025-06-03,Electronics,31.66,23,0.2,N,card,728.18,582.54
4854,73,2025-11-23,Beauty,112.54,64,0.0,Y,bank,7202.56,"₩7,202.56"
4855,509,2025-04-04,Fashion,31.92,67,0.2,Y,card,2138.64,1710.91
4856,390,2025-10-25,Fashion,67.7,53,0.05,N,wallet,3588.1,3408.7
4857,619,2025-05-13,Grocery,27.43,55,0.0,Y,card,1508.65,1508.65
4858,295,2025-03-06,Fashion,71.65,23,0.0,Y,wallet,1647.95,1647.95
4859,369,2025-10-17,Grocery,36.12,53,0.1,N,card,1914.36,1722.92
4860,796,2025-09-14,Electronics,78.83,50,0.15,Y,card,3941.5,3350.28
4861,694,2025-08-01,Grocery,23.54,82,0.1,Y,wallet,1930.28,1737.25
4862,549,2025-05-28,Grocery,114.11,11,0.1,Y,card,1255.21,1129.69
4863,649,2025-03-02,Grocery,123.84,91,,Y,card,11269.44,11269.44
4864,568,2025-05-29,Fashion,54.16,14,0.0,Y,card,758.24,758.24
4865,187,2025-03-29,Fashion,,99,0.0,Y,card,23902.56,23902.56
4866,770,2025-11-20,Fashion,106.49,96,0.0,Y,bank,10223.04,10223.04
4867,445,2025-10-05,Fashion,47.3,21,0.1,N,card,993.3,893.97
4868,570,2025-03-23,Grocery,52.96,87,0.15,N,card,4607.52,3916.39
4869,363,2025-05-09,Fashion,31.63,86,0.0,N,card,2720.18,"₩2,720.18"
4870,123,2025-10-13,Electronics,138.41,56,0.1,N,card,7750.96,6975.86
4871,188,2025-12-19,Electronics,88.34,88,0.0,Y,card,7773.92,7773.92
4872,742,2025-10-07,Grocery,121.17,44,0.0,N,bank,5331.48,5331.48
4873,680,2025-09-27,Electronics,23.89,28,0.0,N,card,668.92,668.92
4874,420,2025-10-19,Beauty,42.06,88,0.0,N,bank,3701.28,3701.28
4875,626,2025-07-22,Grocery,60.73,72,0.0,N,bank,4372.56,4372.56
4876,252,2025-01-24,Grocery,72.6,17,0.05,Y,card,1234.2,1172.49
4877,619,2025-12-17,Grocery,103.63,32,0.05,N,bank,3316.16,3150.35
4878,549,2025-11-07,Electronics,41.4,22,0.0,Y,bank,910.8,910.8
4879,335,2025-07-27,Grocery,108.51,32,0.05,N,bank,3472.32,3298.7
4880,92,2025-10-07,Fashion,98.21,40,0.05,Y,card,3928.4,3731.98
4881,530,2025-07-24,Beauty,75.67,39,0.2,Y,card,2951.13,2360.9
4882,63,2025-06-01,Beauty,60.27,51,0.15,Y,wallet,3073.77,2612.7
4883,662,2025-01-26,Electronics,60.66,11,0.15,Y,bank,667.26,567.17
4884,512,2025-07-13,Fashion,26.06,20,0.05,Y,card,521.2,₩495.14
4885,139,2025-12-02,Fashion,208.03,34,0.1,Y,wallet,7073.02,6365.72
4886,698,2025-08-26,Grocery,41.1,38,0.0,Y,wallet,1561.8,1561.8
4887,185,2025-11-17,Fashion,49.31,31,0.1,Y,card,1528.61,1375.75
4888,205,2025-03-16,Fashion,34.15,28,0.0,N,card,956.2,956.2
4889,772,2025-06-12,Fashion,45.02,82,0.0,Y,card,3691.64,3691.64
4890,214,2025-10-26,Fashion,84.23,50,0.0,Y,wallet,4211.5,"₩4,211.50"
4891,256,2025-01-29,Beauty,40.69,47,0.05,Y,card,1912.43,1816.81
4892,135,2025-06-14,Grocery,117.43,38,0.0,Y,card,4462.34,4462.34
4893,573,2025-12-03,Fashion,264.0,83,,N,bank,21912.0,"₩17,529.60"
4894,88,2025-07-05,Electronics,55.8,31,0.0,Y,card,1729.8,1729.8
4895,207,2025-02-23,Electronics,38.17,97,0.15,Y,,3702.49,3147.12
4896,129,2025-10-22,Fashion,23.57,17,0.0,Y,card,400.69,400.69
4897,3,2025-02-11,Grocery,30.57,56,0.1,Y,card,1711.92,1540.73
4898,754,2025-10-12,Fashion,41.27,15,0.1,N,card,619.05,557.14
4899,121,2025-05-18,Fashion,110.13,16,0.05,Y,card,1762.08,1673.98
4900,385,2025-07-06,Beauty,63.91,93,0.05,N,bank,5943.63,5646.45
4901,614,2025-07-23,Beauty,116.06,90,0.1,N,card,10445.4,9400.86
4902,38,2025-02-11,Electronics,57.24,45,0.05,N,card,2575.8,2447.01
4903,341,2025-12-16,Electronics,,17,0.05,Y,bank,1872.04,1778.44
4904,645,2025-10-15,Fashion,64.17,86,0.05,N,card,5518.62,5242.69
4905,714,2025-01-26,Grocery,89.7,97,,Y,card,8700.9,8700.9
4906,21,2025-02-25,Beauty,48.26,55,0.0,Y,card,2654.3,"₩2,654.30"
4907,242,2025-09-10,Electronics,118.1,73,0.0,Y,card,8621.3,"₩8,621.30"
4908,455,2025-05-02,Electronics,106.29,40,0.15,Y,bank,4251.6,3613.86
4909,621,2025-04-16,Beauty,53.51,32,0.1,N,bank,1712.32,1541.09
4910,303,2025-05-10,Grocery,79.7,70,0.0,N,bank,5579.0,5579.0
4911,596,2025-12-03,Beauty,47.06,90,0.05,Y,bank,4235.4,4023.63
4912,595,2025-06-07,Fashion,47.93,59,0.05,Y,card,2827.87,2686.48
4913,69,2025-08-19,Fashion,28.11,55,,N,card,1546.05,1546.05
4914,129,2025-11-04,Electronics,84.77,97,0.1,Y,card,8222.69,7400.42
4915,196,2025-04-01,Electronics,28.27,52,0.1,Y,card,1470.04,1323.04
4916,140,2025-01-22,Grocery,62.1,19,0.1,Y,card,1179.9,1061.91
4917,444,2025-10-17,Fashion,42.03,29,0.15,N,,1218.87,1036.04
4918,283,2025-04-20,Electronics,162.67,25,0.05,Y,card,4066.75,"₩3,863.41"
4919,312,2025-02-18,Beauty,39.24,87,0.1,Y,card,3413.88,3072.49
4920,746,2025-05-09,Electronics,101.28,12,0.1,N,card,1215.36,1093.82
4921,535,2025-03-14,Grocery,93.36,39,0.1,Y,card,3641.04,3276.94
4922,665,2025-12-06,Fashion,78.78,27,0.15,N,card,2127.06,1808.0
4923,277,2025-02-22,Grocery,82.01,68,0.1,N,card,5576.68,5019.01
4924,61,2025-12-22,Electronics,35.63,79,0.0,Y,card,2814.77,2814.77
4925,319,2025-06-17,Grocery,169.47,93,,N,card,15760.71,13396.6
4926,52,2025-02-14,Electronics,117.43,44,,N,card,5166.92,"₩4,650.23"
4927,153,2025-04-15,Fashion,65.79,28,0.0,Y,,1842.12,1842.12
4928,749,2025-05-30,Grocery,78.79,35,0.1,N,card,2757.65,"₩2,481.89"
4929,311,2025-05-26,Electronics,158.44,44,,N,wallet,6971.36,6622.79
4930,544,2025-07-23,Fashion,128.69,85,,N,card,10938.65,"₩9,297.85"
4931,567,2025-12-28,Beauty,100.52,81,0.2,N,wallet,8142.12,6513.7
4932,389,2025-10-26,Beauty,50.15,66,0.0,Y,card,3309.9,3309.9
4933,548,2025-06-16,Electronics,90.52,58,0.15,N,card,5250.16,4462.64
4934,622,2025-07-20,Electronics,34.18,19,0.1,Y,bank,649.42,584.48
4935,177,2025-05-14,Electronics,48.11,94,0.1,Y,card,4522.34,4070.11
4936,362,2025-07-30,Electronics,103.34,38,0.05,N,,3926.92,3730.57
4937,314,2025-02-17,Beauty,165.29,80,0.0,N,card,13223.2,13223.2
4938,97,2025-05-06,Grocery,61.2,77,0.05,N,bank,4712.4,4476.78
4939,213,2025-08-27,Fashion,80.94,98,0.0,N,card,7932.12,7932.12
4940,137,2025-01-07,Beauty,30.58,87,0.05,Y,card,2660.46,2527.44
4941,6,2025-09-29,Grocery,35.83,33,0.15,N,wallet,1182.39,1005.03
4942,109,2025-02-06,Grocery,43.94,52,0.2,N,card,2284.88,1827.9
4943,547,2025-07-30,Fashion,85.16,48,0.0,Y,card,4087.68,4087.68
4944,39,2025-06-14,Fashion,126.34,34,0.0,Y,card,4295.56,4295.56
4945,662,2025-05-05,Grocery,67.67,92,0.15,N,card,6225.64,5291.79
4946,425,2025-12-03,Electronics,48.39,77,0.05,Y,card,3726.03,3539.73
4947,630,2025-07-11,Fashion,58.51,43,0.15,Y,card,2515.93,2138.54
4948,261,2025-08-06,Electronics,189.3,98,0.1,N,card,18551.4,16696.26
4949,426,2025-08-02,Electronics,50.62,95,0.1,N,,4808.9,4328.01
4950,87,2025-03-03,Fashion,122.55,62,0.0,N,card,7598.1,7598.1
4951,465,2025-11-24,Grocery,77.0,64,0.0,N,wallet,4928.0,4928.0
4952,76,2025-06-10,Fashion,43.98,62,0.0,Y,card,2726.76,2726.76
4953,471,2025-03-07,Fashion,60.44,27,0.0,Y,card,1631.88,1631.88
4954,414,2025-10-13,Grocery,87.24,16,,N,card,1395.84,1256.26
4955,726,2025-08-27,Electronics,113.46,72,0.05,N,card,8169.12,7760.66
4956,457,2025-01-20,Fashion,57.95,84,0.05,N,wallet,4867.8,4624.41
4957,285,2025-07-07,Grocery,22.65,51,0.15,Y,card,1155.15,981.88
4958,239,2025-03-23,Electronics,35.23,20,0.05,N,card,704.6,669.37
4959,677,2025-12-29,Grocery,98.18,18,0.05,Y,card,1767.24,1678.88
4960,599,2025-07-21,Grocery,57.95,44,0.15,Y,card,2549.8,2167.33
4961,653,2025-05-12,Electronics,78.63,96,0.05,Y,bank,7548.48,7171.06
4962,672,2025-02-06,Electronics,57.82,74,0.0,N,card,4278.68,4278.68
4963,558,2025-05-12,Beauty,64.1,93,0.05,N,card,5961.3,5663.24
4964,372,2025-03-18,Electronics,40.8,14,0.05,Y,card,571.2,542.64
4965,495,2025-03-30,Grocery,56.75,35,0.05,Y,card,1986.25,1886.94
4966,624,2025-09-10,Grocery,27.5,60,0.0,N,card,1650.0,1650.0
4967,45,2025-12-10,Fashion,83.51,47,,N,wallet,3924.97,3924.97
4968,401,2025-07-13,Electronics,161.62,12,0.05,Y,card,1939.44,1842.47
4969,247,2025-06-25,Fashion,64.91,94,0.0,N,bank,6101.54,6101.54
4970,616,2025-02-02,Fashion,120.53,68,0.1,N,card,8196.04,7376.44
4971,597,2025-02-27,Grocery,139.98,22,0.1,Y,card,3079.56,2771.6
4972,450,2025-07-20,Beauty,69.51,90,0.1,Y,card,6255.9,5630.31
4973,485,2025-01-28,Grocery,143.61,44,0.0,N,wallet,6318.84,6318.84
4974,646,2025-02-04,Fashion,41.68,96,0.0,Y,card,4001.28,"₩4,001.28"
4975,620,2025-05-05,Beauty,45.6,12,0.1,Y,card,547.2,492.48
4976,18,2025-11-17,Grocery,159.25,62,0.1,N,card,9873.5,8886.15
4977,606,2025-02-11,Beauty,69.42,64,0.15,N,bank,4442.88,3776.45
4978,662,2025-03-26,Fashion,47.64,54,0.05,N,bank,2572.56,2443.93
4979,758,2025-07-07,Grocery,32.55,75,0.05,N,card,2441.25,2319.19
4980,289,2025-04-21,Grocery,89.32,76,0.1,N,bank,6788.32,6109.49
4981,414,2025-09-28,Fashion,80.86,93,0.2,Y,card,7519.98,6015.98
4982,721,2025-11-21,Beauty,115.78,53,0.2,Y,card,6136.34,4909.07
4983,638,2025-04-15,Electronics,120.42,82,0.2,Y,card,9874.44,7899.55
4984,235,2025-11-16,Electronics,60.01,77,0.15,N,card,4620.77,3927.65
4985,416,2025-02-10,Beauty,80.28,71,0.1,N,wallet,5699.88,5129.89
4986,499,2025-08-03,Electronics,124.33,34,0.0,Y,card,4227.22,4227.22
4987,634,2025-03-12,Beauty,157.58,61,0.1,Y,card,9612.38,8651.14
4988,650,2025-02-25,Grocery,30.93,59,0.0,N,bank,1824.87,1824.87
4989,115,2025-08-24,Electronics,52.72,10,0.0,Y,card,527.2,527.2
4990,674,2025-10-08,Fashion,53.68,48,0.1,Y,card,2576.64,2318.98
4991,713,2025-04-15,Grocery,128.84,61,0.1,N,card,7859.24,7073.32
4992,234,2025-06-11,Grocery,102.76,85,0.1,N,card,8734.6,7861.14
4993,540,2025-07-10,Beauty,72.34,49,0.05,Y,card,3544.66,3367.43
4994,11,2025-01-09,Beauty,86.63,69,0.05,N,wallet,5977.47,5678.6
4995,206,2025-03-01,Fashion,59.33,97,,N,card,5755.01,4891.76
4996,679,2025-11-01,Electronics,,82,0.1,Y,bank,6503.42,5853.08
4997,247,2025-08-13,Beauty,49.83,93,0.05,N,card,4634.19,"₩4,402.48"
4998,559,2025-11-03,Fashion,41.15,78,,N,card,3209.7,3049.21
4999,758,2025-07-07,Electronics,68.86,29,0.15,Y,card,1996.94,1697.4
5000,127,2025-03-11,Grocery,107.7,94,0.05,N,card,10123.8,9617.61
4727,20,2025-02-15,Beauty,138.32,23,0.15,Y,card,3181.36,2704.16
1088,1,2025-11-20,Electronics,120.81,22,0.15,Y,card,2657.82,2259.15
700,182,2025-11-19,Grocery,89.22,46,0.05,Y,wallet,4104.12,3898.91
2254,757,2025-03-08,Grocery,134.29,48,0.0,N,wallet,6445.92,6445.92
3335,289,2025-08-24,Fashion,53.99,43,0.15,N,card,2321.57,1973.33
454,783,2025-11-09,Electronics,47.68,45,0.1,N,card,2145.6,1931.04
3615,563,2025-04-02,Electronics,94.13,44,0.1,N,bank,4141.72,3727.55
1643,389,2025-05-28,Grocery,76.86,12,0.0,N,card,922.32,922.32
2701,213,2025-06-18,Fashion,34.05,50,0.15,Y,card,1702.5,"₩1,447.12"
3216,436,2025-08-02,Fashion,78.2,73,0.0,N,card,5708.6,5708.6
3087,342,2025-07-15,Electronics,61.09,70,0.15,Y,card,4276.3,3634.86
2702,693,2025-06-30,Fashion,146.6,27,,Y,card,3958.2,3562.38
3455,325,2025-10-28,Fashion,62.19,63,0.0,Y,card,3917.97,3917.97
67,509,2025-05-27,Beauty,52.87,89,0.0,Y,card,4705.43,4705.43
4516,740,2025-12-11,Electronics,70.16,24,0.1,N,bank,1683.84,1515.46
1825,572,2025-05-26,Grocery,64.39,67,0.15,Y,card,4314.13,3667.01
1918,686,2025-07-10,Beauty,124.2,60,0.05,Y,bank,7452.0,"₩7,079.40"
1515,450,2025-01-29,Electronics,,41,0.0,Y,card,2427.61,2427.61
4856,390,2025-10-25,Fashion,67.7,53,0.05,N,wallet,3588.1,3408.7
2949,418,2025-08-15,Electronics,101.67,64,0.05,N,card,6506.88,6181.54
2734,625,2025-12-02,Grocery,125.02,81,0.0,N,wallet,10126.62,10126.62
1401,471,2025-01-26,Grocery,85.26,36,0.0,N,card,3069.36,"₩3,069.36"
2801,623,2025-07-26,Electronics,133.94,47,,Y,card,6295.18,6295.18
2076,420,2025-06-11,Grocery,31.68,23,0.0,N,wallet,728.64,728.64
2899,421,2025-08-01,Fashion,106.92,31,0.05,N,card,3314.52,"₩3,148.79"
60,346,2025-12-02,Beauty,65.85,14,0.05,Y,wallet,921.9,875.8
3412,787,2025-06-13,Fashion,67.82,94,0.0,N,wallet,6375.08,6375.08
3417,465,2025-11-18,Fashion,68.7,20,0.0,N,card,1374.0,1374.0
3676,380,2025-05-06,Fashion,60.82,41,0.05,Y,,2493.62,2368.94
820,518,2025-09-19,Grocery,75.18,25,0.05,Y,card,1879.5,1785.52
1055,229,2025-06-13,Grocery,106.89,64,0.1,Y,,6840.96,6156.86
3796,613,2025-05-11,Electronics,45.04,28,0.05,Y,wallet,1261.12,"₩1,198.06"
1048,607,2025-01-27,Electronics,151.56,90,0.2,Y,bank,13640.4,10912.32
502,447,2025-05-12,Fashion,96.21,53,0.2,N,card,5099.13,4079.3
136,728,2025-07-28,Grocery,26.88,61,0.1,Y,bank,1639.68,1475.71
4785,657,2025-05-14,Electronics,,99,0.15,N,bank,9067.41,7707.3
3857,323,2025-12-12,Beauty,126.16,61,0.0,Y,card,7695.76,"₩7,695.76"
106,157,2025-07-25,Fashion,75.6,48,0.1,N,card,3628.8,3265.92
3212,554,2025-08-26,Grocery,93.07,72,0.1,Y,wallet,6701.04,6030.94
4817,436,2025-05-26,Fashion,50.64,50,0.05,Y,wallet,2532.0,2405.4
4181,228,2025-01-24,Beauty,78.07,51,0.15,Y,card,3981.57,3384.33
2442,302,2025-10-09,Fashion,131.2,47,0.0,Y,card,6166.4,6166.4
4457,475,2025-12-11,Beauty,150.92,70,0.05,Y,wallet,10564.4,10036.18
73,388,2025-08-20,Fashion,219.03,35,0.0,Y,card,7666.05,7666.05
2950,437,2025-08-21,Grocery,138.93,18,0.0,Y,card,2500.74,2500.74
1592,526,2025-11-29,Grocery,69.16,38,,Y,card,2628.08,2628.08
2396,50,2025-02-15,Fashion,68.21,97,0.15,N,card,6616.37,5623.91
414,785,2025-04-20,Beauty,30.78,32,0.0,N,card,984.96,984.96
300,254,2025-07-08,Fashion,82.32,49,0.1,N,card,4033.68,3630.31
619,342,2025-02-11,Fashion,112.19,45,0.15,Y,card,5048.55,4291.27
