,sensor_id,ts,temp_c,hum_pct,vibration
0,S01,2025-02-01 00:00:00,25.27,43.38,0.785
1,S01,2025-02-01 01:00:00,18.95,50.74,0.962
2,S01,2025-02-01 02:00:00,20.6,45.25,0.073
3,S01,2025-02-01 03:00:00,21.87,39.5,1.555
4,S01,2025-02-01 04:00:00,18.43,40.36,1.074
5,S01,2025-02-01 05:00:00,20.96,49.78,1.401
6,S01,2025-02-01 06:00:00,21.1,46.81,1.408
7,S01,2025-02-01 07:00:00,15.99,57.89,
8,S01,2025-02-01 08:00:00,24.45,47.0,0.493
9,S01,2025-02-01 09:00:00,23.35,43.95,2.468
10,S01,2025-02-01 10:00:00,19.82,34.08,0.543
11,S01,2025-02-01 11:00:00,21.34,37.74,2.181
12,S01,2025-02-01 12:00:00,23.52,48.67,3.174
13,S01,2025-02-01 13:00:00,21.37,48.19,0.848
14,S01,2025-02-01 14:00:00,21.57,61.1,1.674
15,S01,2025-02-01 15:00:00,18.09,39.16,1.091
16,S01,2025-02-01 16:00:00,24.26,51.43,1.516
17,S01,2025-02-01 17:00:00,23.12,44.48,0.402
18,S01,2025-02-01 18:00:00,23.72C,25.21,1.203
19,S01,2025-02-01 19:00:00,18.47,34.06,0.987
20,S01,2025-02-01 20:00:00,28.15,47.7,0.528
21,S01,2025-02-01 21:00:00,23.81,41.77,0.553
22,S01,2025-02-01 22:00:00,22.34C,38.8,1.442
23,S01,2025-02-01 23:00:00,29.74C,55.9,1.041
24,S01,2025-02-02 00:00:00,20.06,43.11,1.551
25,S01,2025-02-02 01:00:00,16.0,48.03,0.848
26,S01,2025-02-02 02:00:00,19.28,52.63,0.748
27,S01,2025-02-02 03:00:00,13.79,40.85,0.542
28,S01,2025-02-02 04:00:00,23.95,51.51,1.907
29,S01,2025-02-02 05:00:00,19.7,35.65,0.763
30,S01,2025-02-02 06:00:00,18.87,32.83,0.604
31,S01,2025-02-02 07:00:00,24.47,55.98,1.709
32,S01,2025-02-02 08:00:00,16.45,57.83,0.172
33,S01,2025-02-02 09:00:00,23.16,52.3,0.683
34,S01,2025-02-02 10:00:00,15.51,37.96,0.642
35,S01,2025-02-02 11:00:00,19.86,41.96,2.91
36,S01,2025-02-02 12:00:00,18.39C,36.23,0.643
37,S01,2025-02-02 13:00:00,26.54,36.2,
38,S01,2025-02-02 14:00:00,27.6,46.51,0.544
39,S01,2025-02-02 15:00:00,21.46,40.68,0.178
40,S01,2025-02-02 16:00:00,25.12,56.36,0.361
41,S01,2025-02-02 17:00:00,22.21,30.13,0.558
42,S01,2025-02-02 18:00:00,24.6,40.18,0.388
43,S01,2025-02-02 19:00:00,20.79,33.43,1.568
44,S01,2025-02-02 20:00:00,18.07,32.58,1.438
45,S01,2025-02-02 21:00:00,17.94,63.23,0.866
46,S01,2025-02-02 22:00:00,24.65C,60.32,1.361
47,S01,2025-02-02 23:00:00,30.39,49.19,0.729
48,S01,2025-02-03 00:00:00,21.01,50.23,1.857
49,S01,2025-02-03 01:00:00,18.78,50.95,0.261
50,S01,2025-02-03 02:00:00,26.24,45.49,0.347
51,S01,2025-02-03 03:00:00,21.36,14.94,0.427
52,S01,2025-02-03 04:00:00,21.1,23.26,1.476
53,S01,2025-02-03 05:00:00,21.71,50.56,1.494
54,S01,2025-02-03 06:00:00,20.7,20.18,0.679
55,S01,2025-02-03 07:00:00,20.32,58.62,1.386
56,S01,2025-02-03 08:00:00,17.1C,52.92,1.254
57,S01,2025-02-03 09:00:00,23.05,47.95,0.68
58,S01,2025-02-03 10:00:00,21.42,48.55,1.511
59,S01,2025-02-03 11:00:00,25.43,51.73,0.341
60,S01,2025-02-03 12:00:00,20.89C,39.07,0.245
61,S01,2025-02-03 13:00:00,16.43,62.76,1.92
62,S01,2025-02-03 14:00:00,22.0,42.37,1.351
63,S01,2025-02-03 15:00:00,27.55,35.95,1.932
64,S01,2025-02-03 16:00:00,21.45,62.87,0.687
65,S01,2025-02-03 17:00:00,20.08,46.24,1.425
66,S01,2025-02-03 18:00:00,19.32,48.13,1.23
67,S01,2025-02-03 19:00:00,19.9,56.55,1.04
68,S01,2025-02-03 20:00:00,22.3,66.27,0.734
69,S01,2025-02-03 21:00:00,19.81,44.55,0.625
70,S01,2025-02-03 22:00:00,27.99,45.93,0.687
71,S01,2025-02-03 23:00:00,22.8C,31.33,
72,S01,2025-02-04 00:00:00,20.53C,45.18,1.026
73,S01,2025-02-04 01:00:00,24.66,61.21,0.48
74,S01,2025-02-04 02:00:00,25.01,37.42,1.073
75,S01,2025-02-04 03:00:00,20.01,36.03,0.92
76,S01,2025-02-04 04:00:00,21.8,28.33,1.58
77,S01,2025-02-04 05:00:00,23.16,32.36,1.234
78,S01,2025-02-04 06:00:00,20.52,32.0,0.973
79,S01,2025-02-04 07:00:00,15.92,45.02,1.195
80,S01,2025-02-04 08:00:00,23.36,47.68,0.747
81,S01,2025-02-04 09:00:00,24.23C,25.15,0.211
82,S01,2025-02-04 10:00:00,22.95,49.07,0.434
83,S01,2025-02-04 11:00:00,19.08,57.56,1.052
84,S01,2025-02-04 12:00:00,21.41,53.19,0.631
85,S01,2025-02-04 13:00:00,20.38,37.5,0.891
86,S01,2025-02-04 14:00:00,21.4,52.95,0.984
87,S01,2025-02-04 15:00:00,26.34,39.92,0.898
88,S01,2025-02-04 16:00:00,27.19,33.98,
89,S01,2025-02-04 17:00:00,24.76,31.12,0.553
90,S01,2025-02-04 18:00:00,24.55,30.32,
91,S01,2025-02-04 19:00:00,25.08,41.6,2.49
92,S01,2025-02-04 20:00:00,23.16,50.76,1.202
93,S01,2025-02-04 21:00:00,23.12,27.27,1.084
94,S01,2025-02-04 22:00:00,21.48,25.16,0.48
95,S01,2025-02-04 23:00:00,23.48,56.34,0.172
96,S01,2025-02-05 00:00:00,26.98C,35.55,0.584
97,S01,2025-02-05 01:00:00,22.96,66.65,1.094
98,S01,2025-02-05 02:00:00,19.47,48.7,0.243
99,S01,2025-02-05 03:00:00,19.23,30.9,0.656
100,S01,2025-02-05 04:00:00,18.21,54.0,2.31
101,S01,2025-02-05 05:00:00,22.07,54.9,2.539
102,S01,2025-02-05 06:00:00,22.27,28.11,1.698
103,S01,2025-02-05 07:00:00,16.92,42.36,1.32
104,S01,2025-02-05 08:00:00,22.86,58.33,0.474
105,S01,2025-02-05 09:00:00,19.84,29.88,0.619
106,S01,2025-02-05 10:00:00,25.98,49.06,1.131
107,S01,2025-02-05 11:00:00,22.32C,48.18,1.18
108,S01,2025-02-05 12:00:00,27.15,64.0,1.396
109,S01,2025-02-05 13:00:00,20.78,57.78,1.715
110,S01,2025-02-05 14:00:00,21.44,,1.242
111,S01,2025-02-05 15:00:00,23.35,30.8,0.129
112,S01,2025-02-05 16:00:00,25.77,41.42,1.531
113,S01,2025-02-05 17:00:00,24.45,45.79,0.637
114,S01,2025-02-05 18:00:00,19.2,44.62,0.892
115,S01,2025-02-05 19:00:00,23.6,40.55,1.51
116,S01,2025-02-05 20:00:00,23.27,35.49,0.743
117,S01,2025-02-05 21:00:00,22.06,57.32,2.231
118,S01,2025-02-05 22:00:00,21.56,41.07,0.887
119,S01,2025-02-05 23:00:00,28.89,,0.703
120,S01,2025-02-06 00:00:00,19.03C,46.93,0.346
121,S01,2025-02-06 01:00:00,17.81,46.22,0.731
122,S01,2025-02-06 02:00:00,22.41,44.69,
123,S01,2025-02-06 03:00:00,21.04,56.65,2.312
124,S01,2025-02-06 04:00:00,20.57,34.88,0.667
125,S01,2025-02-06 05:00:00,23.29,47.46,1.923
126,S01,2025-02-06 06:00:00,22.57,,1.325
127,S01,2025-02-06 07:00:00,22.34,40.38,0.478
128,S01,2025-02-06 08:00:00,24.29,46.33,0.327
129,S01,2025-02-06 09:00:00,22.4,51.32,0.502
130,S01,2025-02-06 10:00:00,19.85,50.06,0.953
131,S01,2025-02-06 11:00:00,20.76,,0.592
132,S01,2025-02-06 12:00:00,20.44,32.79,0.738
133,S01,2025-02-06 13:00:00,22.78,36.08,1.109
134,S01,2025-02-06 14:00:00,19.07,45.11,0.361
135,S01,2025-02-06 15:00:00,16.95,42.03,0.55
136,S01,2025-02-06 16:00:00,22.86C,41.94,1.647
137,S01,2025-02-06 17:00:00,18.74,39.73,2.455
138,S01,2025-02-06 18:00:00,17.04,27.91,1.336
139,S01,2025-02-06 19:00:00,24.17,50.98,0.316
140,S01,2025-02-06 20:00:00,21.07,34.61,2.023
141,S01,2025-02-06 21:00:00,24.84,60.45,1.707
142,S01,2025-02-06 22:00:00,21.91,72.34,0.391
143,S01,2025-02-06 23:00:00,20.28,52.77,1.179
144,S01,2025-02-07 00:00:00,16.47,49.6,0.203
145,S01,2025-02-07 01:00:00,18.81C,38.78,0.57
146,S01,2025-02-07 02:00:00,19.68,35.36,4.324
147,S01,2025-02-07 03:00:00,18.18,41.0,0.235
148,S01,2025-02-07 04:00:00,19.96,54.95,1.447
149,S01,2025-02-07 05:00:00,16.34,45.36,0.652
150,S01,2025-02-07 06:00:00,21.14,29.03,0.437
151,S01,2025-02-07 07:00:00,15.87,52.89,0.468
152,S01,2025-02-07 08:00:00,20.82,40.09,0.143
153,S01,2025-02-07 09:00:00,23.64,53.11,0.34
154,S01,2025-02-07 10:00:00,24.98,45.1,1.397
155,S01,2025-02-07 11:00:00,26.99,37.28,1.985
156,S01,2025-02-07 12:00:00,17.33,40.51,1.224
157,S01,2025-02-07 13:00:00,24.43,52.26,0.211
158,S01,2025-02-07 14:00:00,25.92,39.41,1.432
159,S01,2025-02-07 15:00:00,25.39,58.17,0.941
160,S01,2025-02-07 16:00:00,19.81,37.28,2.542
161,S01,2025-02-07 17:00:00,23.99,59.12,2.156
162,S01,2025-02-07 18:00:00,28.48,32.0,1.764
163,S01,2025-02-07 19:00:00,18.56,34.38,2.318
164,S01,2025-02-07 20:00:00,24.63,50.87,0.852
165,S01,2025-02-07 21:00:00,26.69,59.76,0.677
166,S01,2025-02-07 22:00:00,21.41,42.09,2.967
167,S01,2025-02-07 23:00:00,25.4,52.78,0.71
168,S01,2025-02-08 00:00:00,16.99,35.9,0.532
169,S01,2025-02-08 01:00:00,17.91,,0.618
170,S01,2025-02-08 02:00:00,18.05,45.22,1.146
171,S01,2025-02-08 03:00:00,21.23,66.05,1.255
172,S01,2025-02-08 04:00:00,20.53,42.33,0.48
173,S01,2025-02-08 05:00:00,23.81,29.24,0.443
174,S01,2025-02-08 06:00:00,18.28,20.7,3.115
175,S01,2025-02-08 07:00:00,20.86,44.11,0.668
176,S01,2025-02-08 08:00:00,24.28,50.87,2.13
177,S01,2025-02-08 09:00:00,23.23,41.3,1.9
178,S01,2025-02-08 10:00:00,17.73,46.47,0.296
179,S01,2025-02-08 11:00:00,23.85,37.17,0.886
180,S01,2025-02-08 12:00:00,20.56,57.16,1.486
181,S01,2025-02-08 13:00:00,23.31,49.68,1.678
182,S01,2025-02-08 14:00:00,23.2,31.04,1.24
183,S01,2025-02-08 15:00:00,26.11,38.64,1.467
184,S01,2025-02-08 16:00:00,22.95,56.64,2.053
185,S01,2025-02-08 17:00:00,17.19,44.33,1.382
186,S01,2025-02-08 18:00:00,18.79C,21.41,0.711
187,S01,2025-02-08 19:00:00,25.24C,40.71,1.172
188,S01,2025-02-08 20:00:00,22.43,39.6,0.377
189,S01,2025-02-08 21:00:00,26.76,17.81,1.827
190,S01,2025-02-08 22:00:00,24.32,49.04,0.758
191,S01,2025-02-08 23:00:00,21.4,58.16,0.354
192,S01,2025-02-09 00:00:00,23.45,39.06,3.215
193,S01,2025-02-09 01:00:00,17.93,35.61,0.239
194,S01,2025-02-09 02:00:00,14.34,,1.795
195,S01,2025-02-09 03:00:00,26.84,39.67,0.79
196,S01,2025-02-09 04:00:00,15.07,43.54,0.826
197,S01,2025-02-09 05:00:00,22.86,49.39,0.799
198,S01,2025-02-09 06:00:00,23.92,28.64,1.035
199,S01,2025-02-09 07:00:00,21.69,40.9,0.575
200,S01,2025-02-09 08:00:00,16.35,62.84,0.802
201,S01,2025-02-09 09:00:00,24.6C,42.81,0.664
202,S01,2025-02-09 10:00:00,17.38,45.22,0.382
203,S01,2025-02-09 11:00:00,17.82,47.49,0.389
204,S01,2025-02-09 12:00:00,20.91,35.99,0.391
205,S01,2025-02-09 13:00:00,24.52,30.33,0.762
206,S01,2025-02-09 14:00:00,23.2,66.6,1.869
207,S01,2025-02-09 15:00:00,24.88,44.35,1.162
208,S01,2025-02-09 16:00:00,21.27,34.08,1.291
209,S01,2025-02-09 17:00:00,22.23,52.79,0.904
210,S01,2025-02-09 18:00:00,19.49,40.09,0.283
211,S01,2025-02-09 19:00:00,22.1,34.87,2.889
212,S01,2025-02-09 20:00:00,24.98,38.98,0.89
213,S01,2025-02-09 21:00:00,22.45,30.64,2.553
214,S01,2025-02-09 22:00:00,24.93,33.99,0.777
215,S01,2025-02-09 23:00:00,21.93,52.93,3.021
216,S01,2025-02-10 00:00:00,18.42C,45.15,0.167
217,S01,2025-02-10 01:00:00,20.47,41.34,1.215
218,S01,2025-02-10 02:00:00,19.92,56.93,1.414
219,S01,2025-02-10 03:00:00,22.43C,51.04,0.741
220,S01,2025-02-10 04:00:00,21.33,40.06,0.914
221,S01,2025-02-10 05:00:00,26.17,29.42,1.814
222,S01,2025-02-10 06:00:00,20.44,38.69,0.037
223,S01,2025-02-10 07:00:00,20.57,56.63,2.248
224,S01,2025-02-10 08:00:00,18.28,34.79,1.377
225,S01,2025-02-10 09:00:00,21.62,65.36,2.231
226,S01,2025-02-10 10:00:00,23.75,41.89,0.287
227,S01,2025-02-10 11:00:00,19.63,30.58,0.186
228,S01,2025-02-10 12:00:00,21.85,39.54,0.637
229,S01,2025-02-10 13:00:00,24.31,58.3,0.928
230,S01,2025-02-10 14:00:00,21.92,37.9,4.33
231,S01,2025-02-10 15:00:00,20.89,48.48,1.029
232,S01,2025-02-10 16:00:00,25.52,51.36,3.473
233,S01,2025-02-10 17:00:00,23.04,38.53,
234,S01,2025-02-10 18:00:00,24.09C,54.5,0.891
235,S01,2025-02-10 19:00:00,26.56,58.12,1.153
236,S01,2025-02-10 20:00:00,26.64,51.92,0.401
237,S01,2025-02-10 21:00:00,22.31,26.59,0.906
238,S01,2025-02-10 22:00:00,21.92,47.12,0.854
239,S01,2025-02-10 23:00:00,24.5,51.38,0.936
240,S01,2025-02-11 00:00:00,19.8,52.97,2.843
241,S01,2025-02-11 01:00:00,14.65,62.26,0.924
242,S01,2025-02-11 02:00:00,24.33,47.09,0.269
243,S01,2025-02-11 03:00:00,20.71,44.66,0.567
244,S01,2025-02-11 04:00:00,23.01,23.9,0.388
245,S01,2025-02-11 05:00:00,17.43,32.61,1.968
246,S01,2025-02-11 06:00:00,24.96,55.37,1.369
247,S01,2025-02-11 07:00:00,19.49,32.79,0.691
248,S01,2025-02-11 08:00:00,21.08C,41.81,1.306
249,S01,2025-02-11 09:00:00,17.35,27.47,2.671
250,S01,2025-02-11 10:00:00,21.2,41.3,1.495
251,S01,2025-02-11 11:00:00,21.16,32.04,1.064
252,S01,2025-02-11 12:00:00,21.44C,,2.269
253,S01,2025-02-11 13:00:00,23.47,43.37,1.126
254,S01,2025-02-11 14:00:00,22.48,47.57,0.52
255,S01,2025-02-11 15:00:00,25.38,28.88,0.409
256,S01,2025-02-11 16:00:00,21.2,42.08,1.989
257,S01,2025-02-11 17:00:00,19.76,52.51,0.884
258,S01,2025-02-11 18:00:00,22.84,12.63,1.826
259,S01,2025-02-11 19:00:00,24.94,37.97,2.932
260,S01,2025-02-11 20:00:00,26.93,43.09,1.1
261,S01,2025-02-11 21:00:00,25.79,52.17,0.263
262,S01,2025-02-11 22:00:00,18.2,49.97,1.564
263,S01,2025-02-11 23:00:00,24.78,50.25,0.898
264,S01,2025-02-12 00:00:00,24.58,47.39,0.477
265,S01,2025-02-12 01:00:00,20.54,51.81,1.484
266,S01,2025-02-12 02:00:00,18.95,,0.88
267,S01,2025-02-12 03:00:00,21.58,42.94,0.632
268,S01,2025-02-12 04:00:00,19.29,32.44,0.584
269,S01,2025-02-12 05:00:00,22.87,42.01,0.292
270,S01,2025-02-12 06:00:00,21.06,41.55,2.214
271,S01,2025-02-12 07:00:00,25.43,59.47,0.136
272,S01,2025-02-12 08:00:00,22.9C,33.03,0.619
273,S01,2025-02-12 09:00:00,19.38,46.73,1.23
274,S01,2025-02-12 10:00:00,23.51,41.28,1.823
275,S01,2025-02-12 11:00:00,24.66,44.66,1.779
276,S01,2025-02-12 12:00:00,20.29C,54.91,0.627
277,S01,2025-02-12 13:00:00,20.87,43.56,1.804
278,S01,2025-02-12 14:00:00,15.38,35.06,0.413
279,S01,2025-02-12 15:00:00,25.16,45.28,0.832
280,S01,2025-02-12 16:00:00,20.84C,53.9,0.983
281,S01,2025-02-12 17:00:00,16.38,47.47,0.845
282,S01,2025-02-12 18:00:00,17.59,51.3,0.651
283,S01,2025-02-12 19:00:00,22.38,30.81,0.538
284,S01,2025-02-12 20:00:00,25.48,53.63,0.582
285,S01,2025-02-12 21:00:00,23.08,39.58,0.305
286,S01,2025-02-12 22:00:00,24.92,,1.233
287,S01,2025-02-12 23:00:00,20.35,47.6,0.156
288,S01,2025-02-13 00:00:00,16.18,30.21,2.718
289,S01,2025-02-13 01:00:00,23.01,47.17,2.911
290,S01,2025-02-13 02:00:00,21.98,60.24,0.611
291,S01,2025-02-13 03:00:00,20.56,38.95,0.994
292,S01,2025-02-13 04:00:00,24.65,35.66,0.756
293,S01,2025-02-13 05:00:00,18.1C,55.54,2.736
294,S01,2025-02-13 06:00:00,19.84,50.97,1.006
295,S01,2025-02-13 07:00:00,24.33,53.1,0.47
296,S01,2025-02-13 08:00:00,26.91C,25.49,0.546
297,S01,2025-02-13 09:00:00,21.58,36.13,
298,S01,2025-02-13 10:00:00,26.74,62.95,2.065
299,S01,2025-02-13 11:00:00,20.04,36.31,0.364
300,S01,2025-02-13 12:00:00,22.99,39.96,1.133
301,S01,2025-02-13 13:00:00,21.63,45.72,1.687
302,S01,2025-02-13 14:00:00,17.54,46.67,1.955
303,S01,2025-02-13 15:00:00,23.22,42.63,0.31
304,S01,2025-02-13 16:00:00,25.4,18.48,0.175
305,S01,2025-02-13 17:00:00,22.31,49.93,0.924
306,S01,2025-02-13 18:00:00,22.69,32.92,0.582
307,S01,2025-02-13 19:00:00,27.23,54.03,0.676
308,S01,2025-02-13 20:00:00,19.45,56.9,0.211
309,S01,2025-02-13 21:00:00,18.86,33.55,0.579
310,S01,2025-02-13 22:00:00,21.54,45.86,0.503
311,S01,2025-02-13 23:00:00,20.06,60.75,0.769
312,S01,2025-02-14 00:00:00,24.24C,61.62,0.351
313,S01,2025-02-14 01:00:00,21.28C,54.17,1.175
314,S01,2025-02-14 02:00:00,17.91,39.48,0.946
315,S01,2025-02-14 03:00:00,18.81,48.77,2.038
316,S01,2025-02-14 04:00:00,29.38,35.26,1.394
317,S01,2025-02-14 05:00:00,19.12,59.67,0.796
318,S01,2025-02-14 06:00:00,18.81,48.24,1.138
319,S01,2025-02-14 07:00:00,22.16,58.62,0.388
320,S01,2025-02-14 08:00:00,23.31,19.6,1.188
321,S01,2025-02-14 09:00:00,22.22,39.06,0.607
322,S01,2025-02-14 10:00:00,18.97,39.45,0.376
323,S01,2025-02-14 11:00:00,18.37,40.64,2.638
324,S01,2025-02-14 12:00:00,23.79,32.17,1.102
325,S01,2025-02-14 13:00:00,21.99,49.22,0.567
326,S01,2025-02-14 14:00:00,17.38,35.91,0.753
327,S01,2025-02-14 15:00:00,25.96,63.22,0.408
328,S01,2025-02-14 16:00:00,24.93,40.89,
329,S01,2025-02-14 17:00:00,22.03,39.94,1.015
330,S01,2025-02-14 18:00:00,22.12,37.51,1.661
331,S01,2025-02-14 19:00:00,23.74,50.47,1.162
332,S01,2025-02-14 20:00:00,21.14,47.99,1.28
333,S01,2025-02-14 21:00:00,19.31,35.01,2.352
334,S01,2025-02-14 22:00:00,24.47,14.51,1.058
335,S01,2025-02-14 23:00:00,19.33,41.06,1.013
336,S01,2025-02-15 00:00:00,21.37,36.23,1.152
337,S01,2025-02-15 01:00:00,16.03,44.64,0.191
338,S01,2025-02-15 02:00:00,20.2,35.84,1.488
339,S01,2025-02-15 03:00:00,20.24,47.63,0.631
340,S01,2025-02-15 04:00:00,26.15,33.15,1.559
341,S01,2025-02-15 05:00:00,17.76,47.19,0.423
342,S01,2025-02-15 06:00:00,16.86,42.28,0.324
343,S01,2025-02-15 07:00:00,19.31,54.17,0.337
344,S01,2025-02-15 08:00:00,18.03,,1.597
345,S01,2025-02-15 09:00:00,19.78,50.92,1.725
346,S01,2025-02-15 10:00:00,22.96C,41.65,0.508
347,S01,2025-02-15 11:00:00,24.17,42.59,0.057
348,S01,2025-02-15 12:00:00,26.98,37.77,0.933
349,S01,2025-02-15 13:00:00,19.94,31.71,1.555
350,S01,2025-02-15 14:00:00,30.22,46.49,2.542
351,S01,2025-02-15 15:00:00,28.4,44.41,2.042
352,S01,2025-02-15 16:00:00,21.99,,1.032
353,S01,2025-02-15 17:00:00,15.88,49.29,0.367
354,S01,2025-02-15 18:00:00,22.65,63.2,1.249
355,S01,2025-02-15 19:00:00,23.27,64.06,0.569
356,S01,2025-02-15 20:00:00,16.3,,0.909
357,S01,2025-02-15 21:00:00,23.57,34.64,0.091
358,S01,2025-02-15 22:00:00,22.9,42.55,0.966
359,S01,2025-02-15 23:00:00,21.29C,54.99,2.17
360,S01,2025-02-16 00:00:00,22.08,44.29,0.337
361,S01,2025-02-16 01:00:00,23.37,55.81,1.872
362,S01,2025-02-16 02:00:00,19.04,41.24,1.556
363,S01,2025-02-16 03:00:00,21.34,45.88,0.652
364,S01,2025-02-16 04:00:00,18.84,54.17,1.927
365,S01,2025-02-16 05:00:00,18.59,51.52,1.154
366,S01,2025-02-16 06:00:00,21.34,48.29,0.652
367,S01,2025-02-16 07:00:00,22.82,47.47,1.28
368,S01,2025-02-16 08:00:00,19.71,50.73,1.769
369,S01,2025-02-16 09:00:00,14.91,44.18,0.278
370,S01,2025-02-16 10:00:00,23.46,54.95,3.756
371,S01,2025-02-16 11:00:00,17.06,39.19,0.619
372,S01,2025-02-16 12:00:00,22.37,75.17,0.779
373,S01,2025-02-16 13:00:00,27.49,47.33,2.022
374,S01,2025-02-16 14:00:00,22.25,36.7,0.926
375,S01,2025-02-16 15:00:00,18.88,28.9,1.187
376,S01,2025-02-16 16:00:00,18.22,35.99,
377,S01,2025-02-16 17:00:00,26.26,48.96,0.776
378,S01,2025-02-16 18:00:00,22.85,40.13,1.102
379,S01,2025-02-16 19:00:00,24.67,56.57,1.486
380,S01,2025-02-16 20:00:00,25.98,41.52,0.867
381,S01,2025-02-16 21:00:00,23.2,34.55,1.437
382,S01,2025-02-16 22:00:00,22.57,41.8,
383,S01,2025-02-16 23:00:00,20.81,39.53,1.647
384,S01,2025-02-17 00:00:00,10.95,42.97,1.084
385,S01,2025-02-17 01:00:00,15.8,33.45,0.613
386,S01,2025-02-17 02:00:00,20.29,43.5,0.253
387,S01,2025-02-17 03:00:00,20.12,26.1,1.103
388,S01,2025-02-17 04:00:00,22.01,,0.353
389,S01,2025-02-17 05:00:00,20.57,43.56,0.456
390,S01,2025-02-17 06:00:00,21.58,43.34,0.679
391,S01,2025-02-17 07:00:00,23.61,36.77,1.257
392,S01,2025-02-17 08:00:00,18.74,44.34,0.279
393,S01,2025-02-17 09:00:00,20.69C,46.89,1.873
394,S01,2025-02-17 10:00:00,16.88,27.51,1.499
395,S01,2025-02-17 11:00:00,24.77,54.67,0.474
396,S01,2025-02-17 12:00:00,22.12,43.38,2.203
397,S01,2025-02-17 13:00:00,23.62,49.76,1.049
398,S01,2025-02-17 14:00:00,26.93,60.16,0.599
399,S01,2025-02-17 15:00:00,25.69,32.57,1.937
400,S01,2025-02-17 16:00:00,22.42,,0.583
401,S01,2025-02-17 17:00:00,25.11,35.33,1.815
402,S01,2025-02-17 18:00:00,18.6,45.37,0.908
403,S01,2025-02-17 19:00:00,24.35,34.9,1.267
404,S01,2025-02-17 20:00:00,23.62,36.28,1.13
405,S01,2025-02-17 21:00:00,18.5,62.42,1.154
406,S01,2025-02-17 22:00:00,27.51,42.49,1.82
407,S01,2025-02-17 23:00:00,21.54,49.1,1.1
408,S01,2025-02-18 00:00:00,22.25,55.1,0.415
409,S01,2025-02-18 01:00:00,19.09C,,0.078
410,S01,2025-02-18 02:00:00,23.48,30.73,1.312
411,S01,2025-02-18 03:00:00,24.59,48.94,3.436
412,S01,2025-02-18 04:00:00,18.31,52.76,1.489
413,S01,2025-02-18 05:00:00,16.36,56.24,0.564
414,S01,2025-02-18 06:00:00,20.71,38.4,1.862
415,S01,2025-02-18 07:00:00,23.8,40.79,0.826
416,S01,2025-02-18 08:00:00,20.29,46.99,1.625
417,S01,2025-02-18 09:00:00,19.71,45.58,0.92
418,S01,2025-02-18 10:00:00,23.16C,41.86,3.012
419,S01,2025-02-18 11:00:00,13.57C,38.98,0.958
420,S01,2025-02-18 12:00:00,20.01,43.87,2.617
421,S01,2025-02-18 13:00:00,18.0,42.24,1.196
422,S01,2025-02-18 14:00:00,23.18,47.58,0.301
423,S01,2025-02-18 15:00:00,20.24,38.83,0.614
424,S01,2025-02-18 16:00:00,19.25,34.85,0.385
425,S01,2025-02-18 17:00:00,21.69,40.52,0.412
426,S01,2025-02-18 18:00:00,18.49,42.95,0.985
427,S01,2025-02-18 19:00:00,23.01,55.74,0.353
428,S01,2025-02-18 20:00:00,21.15,41.12,0.71
429,S01,2025-02-18 21:00:00,22.22,24.03,1.302
430,S01,2025-02-18 22:00:00,21.35,67.15,0.594
431,S01,2025-02-18 23:00:00,26.39,57.23,0.39
432,S01,2025-02-19 00:00:00,19.87,51.04,1.699
433,S01,2025-02-19 01:00:00,21.92,49.94,4.256
434,S01,2025-02-19 02:00:00,21.94,45.54,0.968
435,S01,2025-02-19 03:00:00,18.23,62.76,1.916
436,S01,2025-02-19 04:00:00,22.51,32.94,2.407
437,S01,2025-02-19 05:00:00,22.0,52.7,0.417
438,S01,2025-02-19 06:00:00,22.04,52.8,0.452
439,S01,2025-02-19 07:00:00,20.05,69.11,1.758
440,S01,2025-02-19 08:00:00,20.12C,44.33,2.13
441,S01,2025-02-19 09:00:00,23.91,60.66,
442,S01,2025-02-19 10:00:00,28.25,49.62,1.124
443,S01,2025-02-19 11:00:00,19.36,35.27,0.658
444,S01,2025-02-19 12:00:00,23.6,34.14,1.226
445,S01,2025-02-19 13:00:00,21.05,57.35,0.41
446,S01,2025-02-19 14:00:00,24.65C,33.36,3.482
447,S01,2025-02-19 15:00:00,23.76,42.34,1.941
448,S01,2025-02-19 16:00:00,25.78C,62.17,1.699
449,S01,2025-02-19 17:00:00,14.37,35.71,1.325
450,S01,2025-02-19 18:00:00,21.1C,51.05,2.453
451,S01,2025-02-19 19:00:00,20.09,64.93,0.469
452,S01,2025-02-19 20:00:00,22.88,60.9,2.158
453,S01,2025-02-19 21:00:00,21.18,53.32,1.999
454,S01,2025-02-19 22:00:00,21.58,37.97,0.717
455,S01,2025-02-19 23:00:00,25.7,63.71,0.85
456,S01,2025-02-20 00:00:00,25.91C,50.44,0.928
457,S01,2025-02-20 01:00:00,11.88,45.94,0.827
458,S01,2025-02-20 02:00:00,19.57,34.42,0.355
459,S01,2025-02-20 03:00:00,21.59,23.52,0.349
460,S01,2025-02-20 04:00:00,20.81,49.27,
461,S01,2025-02-20 05:00:00,19.91,40.75,0.07
462,S01,2025-02-20 06:00:00,17.04,28.12,1.032
463,S01,2025-02-20 07:00:00,18.42C,54.43,0.604
464,S01,2025-02-20 08:00:00,23.57,47.84,0.428
465,S01,2025-02-20 09:00:00,24.78,39.22,1.739
466,S01,2025-02-20 10:00:00,21.99,41.21,1.303
467,S01,2025-02-20 11:00:00,19.34,50.96,1.539
468,S01,2025-02-20 12:00:00,22.29,50.61,1.883
469,S01,2025-02-20 13:00:00,21.43,36.26,0.852
470,S01,2025-02-20 14:00:00,23.94,54.59,0.945
471,S01,2025-02-20 15:00:00,22.8,43.43,0.225
472,S01,2025-02-20 16:00:00,20.73,35.24,0.312
473,S01,2025-02-20 17:00:00,23.32,44.09,0.983
474,S01,2025-02-20 18:00:00,19.36,45.73,1.486
475,S01,2025-02-20 19:00:00,25.51C,57.14,1.3
476,S01,2025-02-20 20:00:00,26.75,52.24,0.611
477,S01,2025-02-20 21:00:00,19.81,22.8,0.173
478,S01,2025-02-20 22:00:00,24.76C,33.01,0.59
479,S01,2025-02-20 23:00:00,20.68,53.34,0.947
480,S01,2025-02-21 00:00:00,23.42,48.16,0.707
481,S01,2025-02-21 01:00:00,23.06,35.71,1.428
482,S01,2025-02-21 02:00:00,19.81C,40.24,1.147
483,S01,2025-02-21 03:00:00,23.63,,0.837
484,S01,2025-02-21 04:00:00,19.51,21.51,0.366
485,S01,2025-02-21 05:00:00,19.02,57.9,0.469
486,S01,2025-02-21 06:00:00,19.39,56.16,1.902
487,S01,2025-02-21 07:00:00,20.83,39.34,1.958
488,S01,2025-02-21 08:00:00,20.43,42.63,0.927
489,S01,2025-02-21 09:00:00,22.01,49.03,0.217
490,S01,2025-02-21 10:00:00,19.85,46.18,1.433
491,S01,2025-02-21 11:00:00,24.14,49.62,0.768
492,S01,2025-02-21 12:00:00,25.06,57.39,0.828
493,S01,2025-02-21 13:00:00,20.66,39.0,0.328
494,S01,2025-02-21 14:00:00,18.02,45.35,0.567
495,S01,2025-02-21 15:00:00,24.62,49.97,1.348
496,S01,2025-02-21 16:00:00,26.02,41.01,1.951
497,S01,2025-02-21 17:00:00,22.26,45.04,1.564
498,S01,2025-02-21 18:00:00,19.04,60.02,1.855
499,S01,2025-02-21 19:00:00,23.85,24.82,0.963
500,S01,2025-02-21 20:00:00,27.77,48.24,0.313
501,S01,2025-02-21 21:00:00,17.72,39.97,0.197
502,S01,2025-02-21 22:00:00,24.93,33.93,1.32
503,S01,2025-02-21 23:00:00,22.71,43.06,0.387
504,S01,2025-02-22 00:00:00,17.63,49.11,0.716
505,S01,2025-02-22 01:00:00,21.84,53.63,0.605
506,S01,2025-02-22 02:00:00,16.6,37.72,2.226
507,S01,2025-02-22 03:00:00,21.54,51.89,0.326
508,S01,2025-02-22 04:00:00,24.74,59.97,0.724
509,S01,2025-02-22 05:00:00,21.48,47.22,1.313
510,S01,2025-02-22 06:00:00,18.47,52.63,2.122
511,S01,2025-02-22 07:00:00,15.91,50.1,0.437
512,S01,2025-02-22 08:00:00,17.55,52.05,1.358
513,S01,2025-02-22 09:00:00,16.03C,35.9,0.877
514,S01,2025-02-22 10:00:00,26.5,57.64,0.893
515,S01,2025-02-22 11:00:00,21.1,50.06,0.92
516,S01,2025-02-22 12:00:00,18.86,63.83,0.591
517,S01,2025-02-22 13:00:00,18.26,53.68,1.707
518,S01,2025-02-22 14:00:00,19.1C,36.71,2.152
519,S01,2025-02-22 15:00:00,21.44,57.21,0.114
520,S01,2025-02-22 16:00:00,18.75,59.31,
521,S01,2025-02-22 17:00:00,27.78,56.14,1.788
522,S01,2025-02-22 18:00:00,20.66,42.57,1.787
523,S01,2025-02-22 19:00:00,20.7,41.41,0.972
524,S01,2025-02-22 20:00:00,24.12C,59.1,0.542
525,S01,2025-02-22 21:00:00,27.7,37.8,1.042
526,S01,2025-02-22 22:00:00,27.47C,54.35,1.207
527,S01,2025-02-22 23:00:00,22.19,46.93,2.343
528,S01,2025-02-23 00:00:00,20.97C,38.98,1.33
529,S01,2025-02-23 01:00:00,20.8,41.86,4.357
530,S01,2025-02-23 02:00:00,22.09,40.22,0.315
531,S01,2025-02-23 03:00:00,21.42,50.67,0.489
532,S01,2025-02-23 04:00:00,17.97,38.93,1.052
533,S01,2025-02-23 05:00:00,17.17,44.75,1.132
534,S01,2025-02-23 06:00:00,21.63,,1.653
535,S01,2025-02-23 07:00:00,17.7,49.49,0.324
536,S01,2025-02-23 08:00:00,25.49,55.71,0.92
537,S01,2025-02-23 09:00:00,21.67,30.75,1.71
538,S01,2025-02-23 10:00:00,18.62,49.74,1.272
539,S01,2025-02-23 11:00:00,20.89,38.61,
540,S01,2025-02-23 12:00:00,20.48,43.55,1.44
541,S01,2025-02-23 13:00:00,21.76,44.22,0.16
542,S01,2025-02-23 14:00:00,25.14,61.29,0.512
543,S01,2025-02-23 15:00:00,18.12,60.73,1.643
544,S01,2025-02-23 16:00:00,17.0,43.17,1.233
545,S01,2025-02-23 17:00:00,23.76,43.16,2.712
546,S01,2025-02-23 18:00:00,22.37,60.03,
547,S01,2025-02-23 19:00:00,23.54,50.7,0.586
548,S01,2025-02-23 20:00:00,24.53,64.34,1.048
549,S01,2025-02-23 21:00:00,22.81,38.61,0.256
550,S01,2025-02-23 22:00:00,25.9,,0.672
551,S01,2025-02-23 23:00:00,20.97,40.66,1.912
552,S01,2025-02-24 00:00:00,20.39,16.37,1.427
553,S01,2025-02-24 01:00:00,17.86,53.15,0.616
554,S01,2025-02-24 02:00:00,17.11,36.06,0.55
555,S01,2025-02-24 03:00:00,22.5,52.72,2.661
556,S01,2025-02-24 04:00:00,22.51,42.55,0.458
557,S01,2025-02-24 05:00:00,15.12,58.06,0.594
558,S01,2025-02-24 06:00:00,17.73,31.9,2.22
559,S01,2025-02-24 07:00:00,22.13,29.85,2.031
560,S01,2025-02-24 08:00:00,24.61,60.53,0.939
561,S01,2025-02-24 09:00:00,19.55,56.47,0.765
562,S01,2025-02-24 10:00:00,21.15,46.58,1.297
563,S01,2025-02-24 11:00:00,17.61C,29.28,1.535
564,S01,2025-02-24 12:00:00,29.53,54.07,0.271
565,S01,2025-02-24 13:00:00,23.58,70.12,0.701
566,S01,2025-02-24 14:00:00,24.98,41.85,0.834
567,S01,2025-02-24 15:00:00,24.42,41.51,1.393
568,S01,2025-02-24 16:00:00,25.4,37.06,0.639
569,S01,2025-02-24 17:00:00,24.57,49.98,0.551
570,S01,2025-02-24 18:00:00,21.89,44.66,2.511
571,S01,2025-02-24 19:00:00,25.28,30.04,2.2
572,S01,2025-02-24 20:00:00,23.44,38.12,0.35
573,S01,2025-02-24 21:00:00,27.24,54.88,2.492
574,S01,2025-02-24 22:00:00,21.29,34.0,0.768
575,S01,2025-02-24 23:00:00,22.03,47.83,1.527
576,S01,2025-02-25 00:00:00,22.18C,55.54,0.221
577,S01,2025-02-25 01:00:00,24.19,52.81,0.048
578,S01,2025-02-25 02:00:00,20.94,27.38,1.167
579,S01,2025-02-25 03:00:00,18.51,51.0,0.95
580,S01,2025-02-25 04:00:00,20.44,34.03,0.978
581,S01,2025-02-25 05:00:00,19.46,24.98,0.692
582,S01,2025-02-25 06:00:00,26.79,48.14,0.565
583,S01,2025-02-25 07:00:00,23.95,28.79,0.701
584,S01,2025-02-25 08:00:00,25.19C,42.67,1.184
585,S01,2025-02-25 09:00:00,22.45,57.44,1.912
586,S01,2025-02-25 10:00:00,20.03,50.58,1.636
587,S01,2025-02-25 11:00:00,25.37,43.66,0.604
588,S01,2025-02-25 12:00:00,26.96,54.32,0.947
589,S01,2025-02-25 13:00:00,23.9,45.59,0.107
590,S01,2025-02-25 14:00:00,22.23,52.99,0.736
591,S01,2025-02-25 15:00:00,25.69,56.25,1.411
592,S01,2025-02-25 16:00:00,21.49,34.94,0.587
593,S01,2025-02-25 17:00:00,25.04,61.51,1.238
594,S01,2025-02-25 18:00:00,20.77,43.57,1.613
595,S01,2025-02-25 19:00:00,20.14,45.57,1.359
596,S01,2025-02-25 20:00:00,24.9,46.79,0.805
597,S01,2025-02-25 21:00:00,24.36,42.11,2.958
598,S01,2025-02-25 22:00:00,29.21,40.48,2.511
599,S01,2025-02-25 23:00:00,22.81,50.25,0.829
600,S01,2025-02-26 00:00:00,20.27,38.8,
601,S01,2025-02-26 01:00:00,16.93,49.63,1.139
602,S01,2025-02-26 02:00:00,14.89,52.26,2.21
603,S01,2025-02-26 03:00:00,15.31,39.14,1.097
604,S01,2025-02-26 04:00:00,22.19,41.6,
605,S01,2025-02-26 05:00:00,17.42C,50.15,0.932
606,S01,2025-02-26 06:00:00,24.48,44.55,2.345
607,S01,2025-02-26 07:00:00,25.52C,,1.911
608,S01,2025-02-26 08:00:00,20.54,44.26,2.097
609,S01,2025-02-26 09:00:00,26.53,41.53,0.939
610,S01,2025-02-26 10:00:00,22.38,42.64,0.216
611,S01,2025-02-26 11:00:00,25.22,47.96,0.709
612,S01,2025-02-26 12:00:00,21.32,56.56,1.627
613,S01,2025-02-26 13:00:00,25.03,28.03,1.606
614,S01,2025-02-26 14:00:00,19.47,40.01,
615,S01,2025-02-26 15:00:00,24.32,40.94,2.063
616,S01,2025-02-26 16:00:00,21.22,36.87,0.946
617,S01,2025-02-26 17:00:00,22.36,40.09,3.362
618,S01,2025-02-26 18:00:00,24.8,56.52,0.238
619,S01,2025-02-26 19:00:00,23.57,54.97,1.095
620,S01,2025-02-26 20:00:00,22.98,38.85,1.081
621,S01,2025-02-26 21:00:00,25.53,30.43,1.193
622,S01,2025-02-26 22:00:00,25.91,48.97,0.474
623,S01,2025-02-26 23:00:00,19.49,49.62,0.784
624,S01,2025-02-27 00:00:00,21.88,33.06,1.467
625,S01,2025-02-27 01:00:00,22.36C,46.85,0.605
626,S01,2025-02-27 02:00:00,18.24,49.08,0.399
627,S01,2025-02-27 03:00:00,21.81,51.44,3.182
628,S01,2025-02-27 04:00:00,16.83,39.84,1.02
629,S01,2025-02-27 05:00:00,25.27,49.87,
630,S01,2025-02-27 06:00:00,20.39,43.23,0.272
631,S01,2025-02-27 07:00:00,21.01,53.34,0.508
632,S01,2025-02-27 08:00:00,24.99,47.36,1.372
633,S01,2025-02-27 09:00:00,21.12,51.11,0.576
634,S01,2025-02-27 10:00:00,23.5,,0.585
635,S01,2025-02-27 11:00:00,18.71,42.34,1.02
636,S01,2025-02-27 12:00:00,20.29,47.18,0.841
637,S01,2025-02-27 13:00:00,17.97,53.45,0.707
638,S01,2025-02-27 14:00:00,21.68C,41.17,2.255
639,S01,2025-02-27 15:00:00,25.54,48.43,0.072
640,S01,2025-02-27 16:00:00,23.27,69.15,1.914
641,S01,2025-02-27 17:00:00,25.4C,38.47,
642,S01,2025-02-27 18:00:00,19.82,31.75,0.208
643,S01,2025-02-27 19:00:00,20.4,35.44,0.251
644,S01,2025-02-27 20:00:00,21.8,,0.53
645,S01,2025-02-27 21:00:00,25.07,44.89,1.185
646,S01,2025-02-27 22:00:00,24.57,22.72,0.765
647,S01,2025-02-27 23:00:00,23.6,25.2,2.034
648,S01,2025-02-28 00:00:00,22.07,52.63,2.868
649,S01,2025-02-28 01:00:00,19.9,30.93,0.502
650,S01,2025-02-28 02:00:00,20.44,51.64,2.544
651,S01,2025-02-28 03:00:00,24.56,57.02,1.8
652,S01,2025-02-28 04:00:00,19.04,14.39,0.59
653,S01,2025-02-28 05:00:00,21.5,50.38,1.032
654,S01,2025-02-28 06:00:00,25.94,45.26,1.319
655,S01,2025-02-28 07:00:00,21.56C,41.53,0.807
656,S01,2025-02-28 08:00:00,23.52,48.71,1.842
657,S01,2025-02-28 09:00:00,19.73,44.32,0.893
658,S01,2025-02-28 10:00:00,27.57,50.24,0.988
659,S01,2025-02-28 11:00:00,15.1,63.12,0.384
660,S01,2025-02-28 12:00:00,18.6,47.92,0.681
661,S01,2025-02-28 13:00:00,18.99,32.83,0.425
662,S01,2025-02-28 14:00:00,27.16,58.73,2.066
663,S01,2025-02-28 15:00:00,23.51,56.03,1.951
664,S01,2025-02-28 16:00:00,21.81,59.27,1.654
665,S01,2025-02-28 17:00:00,18.9,48.77,
666,S01,2025-02-28 18:00:00,23.99,53.77,0.204
667,S01,2025-02-28 19:00:00,23.39,64.5,0.785
668,S01,2025-02-28 20:00:00,21.12,,2.541
669,S01,2025-02-28 21:00:00,18.88,38.86,2.386
670,S01,2025-02-28 22:00:00,20.19,59.33,0.868
671,S01,2025-02-28 23:00:00,24.29,41.61,0.556
672,S01,2025-03-01 00:00:00,21.13,56.41,1.177
673,S01,2025-03-01 01:00:00,20.57,39.77,0.834
674,S01,2025-03-01 02:00:00,20.05,40.36,1.717
675,S01,2025-03-01 03:00:00,15.34,48.03,1.041
676,S01,2025-03-01 04:00:00,20.95,48.24,0.678
677,S01,2025-03-01 05:00:00,17.85C,37.53,2.257
678,S01,2025-03-01 06:00:00,21.23,61.22,1.482
679,S01,2025-03-01 07:00:00,22.65,40.91,0.645
680,S01,2025-03-01 08:00:00,19.37,52.09,1.826
681,S01,2025-03-01 09:00:00,18.48C,36.15,0.602
682,S01,2025-03-01 10:00:00,24.68,39.16,1.699
683,S01,2025-03-01 11:00:00,22.91,39.54,0.638
684,S01,2025-03-01 12:00:00,20.09,46.74,1.67
685,S01,2025-03-01 13:00:00,13.15,46.75,1.185
686,S01,2025-03-01 14:00:00,22.15,47.3,2.881
687,S01,2025-03-01 15:00:00,24.34,45.35,1.453
688,S01,2025-03-01 16:00:00,25.96,54.29,0.679
689,S01,2025-03-01 17:00:00,20.72,54.18,0.923
690,S01,2025-03-01 18:00:00,20.97,,0.088
691,S01,2025-03-01 19:00:00,21.72,46.6,0.176
692,S01,2025-03-01 20:00:00,25.71,49.72,0.922
693,S01,2025-03-01 21:00:00,19.83,52.33,1.415
694,S01,2025-03-01 22:00:00,23.16,50.29,1.634
695,S01,2025-03-01 23:00:00,20.87,41.93,0.658
696,S01,2025-03-02 00:00:00,21.01,42.04,0.411
697,S01,2025-03-02 01:00:00,15.69,45.95,0.839
698,S01,2025-03-02 02:00:00,21.63,50.1,2.293
699,S01,2025-03-02 03:00:00,19.16,34.81,2.305
700,S01,2025-03-02 04:00:00,20.13,35.47,1.232
701,S01,2025-03-02 05:00:00,22.53,41.29,0.656
702,S01,2025-03-02 06:00:00,24.53,46.09,0.789
703,S01,2025-03-02 07:00:00,16.16,38.79,0.292
704,S01,2025-03-02 08:00:00,24.41,40.96,1.649
705,S01,2025-03-02 09:00:00,23.22,37.26,0.717
706,S01,2025-03-02 10:00:00,20.82,50.24,0.978
707,S01,2025-03-02 11:00:00,26.06,25.59,0.93
708,S01,2025-03-02 12:00:00,22.57,45.08,1.898
709,S01,2025-03-02 13:00:00,26.03,38.62,0.884
710,S01,2025-03-02 14:00:00,20.52,45.42,1.208
711,S01,2025-03-02 15:00:00,19.85,47.0,0.822
712,S01,2025-03-02 16:00:00,26.27,15.68,1.557
713,S01,2025-03-02 17:00:00,29.24,56.15,1.134
714,S01,2025-03-02 18:00:00,24.8,52.27,1.441
715,S01,2025-03-02 19:00:00,25.72,60.67,0.537
716,S01,2025-03-02 20:00:00,21.78,52.85,0.909
717,S01,2025-03-02 21:00:00,19.37,54.13,0.187
718,S01,2025-03-02 22:00:00,22.82,50.55,0.988
719,S01,2025-03-02 23:00:00,28.15,60.83,0.249
720,S02,2025-02-01 00:00:00,14.62,32.06,0.358
721,S02,2025-02-01 01:00:00,18.86,44.2,1.588
722,S02,2025-02-01 02:00:00,14.76,36.13,3.15
723,S02,2025-02-01 03:00:00,20.97C,53.81,0.229
724,S02,2025-02-01 04:00:00,23.42,47.73,0.99
725,S02,2025-02-01 05:00:00,17.22,61.2,0.447
726,S02,2025-02-01 06:00:00,19.87,46.6,0.723
727,S02,2025-02-01 07:00:00,25.23C,43.47,1.063
728,S02,2025-02-01 08:00:00,21.13,43.49,0.137
729,S02,2025-02-01 09:00:00,17.83,37.84,2.266
730,S02,2025-02-01 10:00:00,17.75,,0.835
731,S02,2025-02-01 11:00:00,15.81,44.86,0.845
732,S02,2025-02-01 12:00:00,24.32,40.92,1.25
733,S02,2025-02-01 13:00:00,19.91,40.78,1.351
734,S02,2025-02-01 14:00:00,25.45,33.9,0.187
735,S02,2025-02-01 15:00:00,25.05,46.1,1.666
736,S02,2025-02-01 16:00:00,20.62,34.9,
737,S02,2025-02-01 17:00:00,21.17,47.81,1.04
738,S02,2025-02-01 18:00:00,25.24,42.82,0.756
739,S02,2025-02-01 19:00:00,23.5C,41.97,1.534
740,S02,2025-02-01 20:00:00,24.0,29.55,1.142
741,S02,2025-02-01 21:00:00,18.41,48.4,0.327
742,S02,2025-02-01 22:00:00,26.19,53.68,0.976
743,S02,2025-02-01 23:00:00,21.02,,1.517
744,S02,2025-02-02 00:00:00,13.39,39.36,0.717
745,S02,2025-02-02 01:00:00,18.5,51.18,1.225
746,S02,2025-02-02 02:00:00,21.77,52.84,0.461
747,S02,2025-02-02 03:00:00,26.94,40.85,1.556
748,S02,2025-02-02 04:00:00,19.68,72.05,0.502
749,S02,2025-02-02 05:00:00,16.96,57.31,0.848
750,S02,2025-02-02 06:00:00,27.47,59.93,0.315
751,S02,2025-02-02 07:00:00,21.73,49.25,0.833
752,S02,2025-02-02 08:00:00,20.62C,49.08,1.179
753,S02,2025-02-02 09:00:00,18.32,35.42,0.378
754,S02,2025-02-02 10:00:00,18.69,42.59,1.469
755,S02,2025-02-02 11:00:00,26.29,,3.494
756,S02,2025-02-02 12:00:00,21.19,51.99,1.305
757,S02,2025-02-02 13:00:00,20.54,40.16,0.929
758,S02,2025-02-02 14:00:00,20.77,36.78,0.586
759,S02,2025-02-02 15:00:00,27.15,56.66,2.372
760,S02,2025-02-02 16:00:00,20.83,46.2,0.318
761,S02,2025-02-02 17:00:00,24.63C,54.46,1.508
762,S02,2025-02-02 18:00:00,23.7,46.19,0.605
763,S02,2025-02-02 19:00:00,23.77,39.1,1.643
764,S02,2025-02-02 20:00:00,20.57,44.93,
765,S02,2025-02-02 21:00:00,25.33,20.9,1.747
766,S02,2025-02-02 22:00:00,28.33,54.77,1.156
767,S02,2025-02-02 23:00:00,23.49,50.62,0.62
768,S02,2025-02-03 00:00:00,17.44,56.68,1.202
769,S02,2025-02-03 01:00:00,16.48C,42.95,1.018
770,S02,2025-02-03 02:00:00,21.07,64.63,3.04
771,S02,2025-02-03 03:00:00,19.83,57.21,0.481
772,S02,2025-02-03 04:00:00,20.49,27.76,1.831
773,S02,2025-02-03 05:00:00,20.99C,27.59,2.009
774,S02,2025-02-03 06:00:00,16.67,47.64,0.937
775,S02,2025-02-03 07:00:00,23.59,31.4,1.504
776,S02,2025-02-03 08:00:00,22.1,43.62,2.381
777,S02,2025-02-03 09:00:00,21.33,43.34,0.343
778,S02,2025-02-03 10:00:00,22.4,41.99,1.876
779,S02,2025-02-03 11:00:00,24.63,59.92,0.849
780,S02,2025-02-03 12:00:00,22.16,50.71,0.959
781,S02,2025-02-03 13:00:00,19.6,51.41,2.836
782,S02,2025-02-03 14:00:00,25.8,,2.569
783,S02,2025-02-03 15:00:00,21.15,74.49,0.958
784,S02,2025-02-03 16:00:00,20.42,58.18,0.258
785,S02,2025-02-03 17:00:00,18.06,38.25,0.518
786,S02,2025-02-03 18:00:00,22.92C,50.62,1.337
787,S02,2025-02-03 19:00:00,19.91,37.77,2.577
788,S02,2025-02-03 20:00:00,21.64,43.36,0.533
789,S02,2025-02-03 21:00:00,24.7,44.23,
790,S02,2025-02-03 22:00:00,23.6,31.34,2.805
791,S02,2025-02-03 23:00:00,26.7,26.66,0.564
792,S02,2025-02-04 00:00:00,21.12,33.05,0.466
793,S02,2025-02-04 01:00:00,19.14,50.49,0.489
794,S02,2025-02-04 02:00:00,19.51,,0.596
795,S02,2025-02-04 03:00:00,19.13,51.02,3.161
796,S02,2025-02-04 04:00:00,22.74,24.0,1.872
797,S02,2025-02-04 05:00:00,21.01,37.18,1.033
798,S02,2025-02-04 06:00:00,19.87,39.71,0.485
799,S02,2025-02-04 07:00:00,23.78,52.36,0.68
800,S02,2025-02-04 08:00:00,21.69,45.03,0.688
801,S02,2025-02-04 09:00:00,20.15,34.16,1.215
802,S02,2025-02-04 10:00:00,17.16,39.18,0.934
803,S02,2025-02-04 11:00:00,23.16,47.46,1.509
804,S02,2025-02-04 12:00:00,22.72,55.76,1.502
805,S02,2025-02-04 13:00:00,22.3,47.72,0.278
806,S02,2025-02-04 14:00:00,21.0,43.91,0.448
807,S02,2025-02-04 15:00:00,19.95,42.4,0.075
808,S02,2025-02-04 16:00:00,21.92,60.59,
809,S02,2025-02-04 17:00:00,23.44,36.89,1.816
810,S02,2025-02-04 18:00:00,22.52,40.44,0.429
811,S02,2025-02-04 19:00:00,22.62,48.5,0.845
812,S02,2025-02-04 20:00:00,21.8,57.69,1.445
813,S02,2025-02-04 21:00:00,24.37,27.91,0.63
814,S02,2025-02-04 22:00:00,24.2,54.65,1.117
815,S02,2025-02-04 23:00:00,21.39,56.48,1.293
816,S02,2025-02-05 00:00:00,22.48,47.54,0.754
817,S02,2025-02-05 01:00:00,22.72,26.16,2.209
818,S02,2025-02-05 02:00:00,22.94,37.85,0.564
819,S02,2025-02-05 03:00:00,20.26,,0.761
820,S02,2025-02-05 04:00:00,20.22,47.8,0.763
821,S02,2025-02-05 05:00:00,17.47,32.61,0.607
822,S02,2025-02-05 06:00:00,23.36,42.5,0.732
823,S02,2025-02-05 07:00:00,14.84C,52.05,2.015
824,S02,2025-02-05 08:00:00,20.23,39.5,2.706
825,S02,2025-02-05 09:00:00,20.53,41.94,0.249
826,S02,2025-02-05 10:00:00,24.27,40.33,1.436
827,S02,2025-02-05 11:00:00,21.85C,30.82,0.479
828,S02,2025-02-05 12:00:00,19.11,41.36,1.712
829,S02,2025-02-05 13:00:00,17.87,42.77,0.371
830,S02,2025-02-05 14:00:00,20.11,52.39,1.198
831,S02,2025-02-05 15:00:00,22.77,,2.923
832,S02,2025-02-05 16:00:00,22.77,31.89,1.241
833,S02,2025-02-05 17:00:00,22.16,40.03,1.476
834,S02,2025-02-05 18:00:00,20.85,36.12,2.829
835,S02,2025-02-05 19:00:00,22.42,50.5,2.415
836,S02,2025-02-05 20:00:00,26.19,39.34,0.883
837,S02,2025-02-05 21:00:00,20.05,29.36,0.807
838,S02,2025-02-05 22:00:00,23.6,50.95,2.579
839,S02,2025-02-05 23:00:00,28.51,44.17,1.636
840,S02,2025-02-06 00:00:00,21.86,46.7,0.37
841,S02,2025-02-06 01:00:00,18.98,,1.862
842,S02,2025-02-06 02:00:00,22.48,55.47,0.583
843,S02,2025-02-06 03:00:00,18.39,35.78,3.209
844,S02,2025-02-06 04:00:00,20.82C,51.14,2.268
845,S02,2025-02-06 05:00:00,25.61,45.64,0.473
846,S02,2025-02-06 06:00:00,26.78,45.49,1.041
847,S02,2025-02-06 07:00:00,16.12,43.94,1.748
848,S02,2025-02-06 08:00:00,23.5,40.27,0.378
849,S02,2025-02-06 09:00:00,27.4,47.04,0.275
850,S02,2025-02-06 10:00:00,20.06,45.21,0.108
851,S02,2025-02-06 11:00:00,22.63,,1.315
852,S02,2025-02-06 12:00:00,26.52,59.74,1.895
853,S02,2025-02-06 13:00:00,20.67,35.09,1.281
854,S02,2025-02-06 14:00:00,23.66,64.29,2.13
855,S02,2025-02-06 15:00:00,22.27,55.73,1.092
856,S02,2025-02-06 16:00:00,16.82,33.55,1.562
857,S02,2025-02-06 17:00:00,23.79,43.62,0.033
858,S02,2025-02-06 18:00:00,22.35,44.9,1.022
859,S02,2025-02-06 19:00:00,25.83,56.58,1.072
860,S02,2025-02-06 20:00:00,29.48,35.28,0.849
861,S02,2025-02-06 21:00:00,25.4,61.96,3.01
862,S02,2025-02-06 22:00:00,22.4,34.16,2.945
863,S02,2025-02-06 23:00:00,25.0,41.33,1.874
864,S02,2025-02-07 00:00:00,20.81,38.82,3.479
865,S02,2025-02-07 01:00:00,23.42,32.59,0.321
866,S02,2025-02-07 02:00:00,16.18,33.69,1.459
867,S02,2025-02-07 03:00:00,17.15,39.08,1.1
868,S02,2025-02-07 04:00:00,14.66,42.29,1.061
869,S02,2025-02-07 05:00:00,22.77,,1.374
870,S02,2025-02-07 06:00:00,21.04,35.7,1.386
871,S02,2025-02-07 07:00:00,19.33,19.23,0.69
872,S02,2025-02-07 08:00:00,19.22,42.16,1.521
873,S02,2025-02-07 09:00:00,19.83,63.64,0.762
874,S02,2025-02-07 10:00:00,18.92,61.44,2.472
875,S02,2025-02-07 11:00:00,20.89,56.45,0.936
876,S02,2025-02-07 12:00:00,20.52C,41.01,0.631
877,S02,2025-02-07 13:00:00,26.32,50.06,0.841
878,S02,2025-02-07 14:00:00,23.27,39.62,0.184
879,S02,2025-02-07 15:00:00,19.99C,40.26,0.483
880,S02,2025-02-07 16:00:00,20.85,46.51,0.832
881,S02,2025-02-07 17:00:00,26.35,55.1,0.651
882,S02,2025-02-07 18:00:00,24.26,40.03,0.396
883,S02,2025-02-07 19:00:00,23.94,38.4,1.523
884,S02,2025-02-07 20:00:00,25.36,44.61,0.385
885,S02,2025-02-07 21:00:00,28.11C,30.19,0.456
886,S02,2025-02-07 22:00:00,19.85,53.48,0.717
887,S02,2025-02-07 23:00:00,21.41,55.11,1.017
888,S02,2025-02-08 00:00:00,14.98,56.74,0.666
889,S02,2025-02-08 01:00:00,21.83,52.66,0.734
890,S02,2025-02-08 02:00:00,19.36,39.08,0.976
891,S02,2025-02-08 03:00:00,18.63C,42.62,0.926
892,S02,2025-02-08 04:00:00,18.51,35.65,0.882
893,S02,2025-02-08 05:00:00,23.02,48.06,1.466
894,S02,2025-02-08 06:00:00,20.67,,0.705
895,S02,2025-02-08 07:00:00,19.66,35.23,0.37
896,S02,2025-02-08 08:00:00,25.17,51.51,2.129
897,S02,2025-02-08 09:00:00,18.41,58.68,1.611
898,S02,2025-02-08 10:00:00,17.91,34.64,2.585
899,S02,2025-02-08 11:00:00,29.63,66.19,
900,S02,2025-02-08 12:00:00,20.9,38.38,1.859
901,S02,2025-02-08 13:00:00,20.52,43.96,0.121
902,S02,2025-02-08 14:00:00,20.12,49.17,1.894
903,S02,2025-02-08 15:00:00,22.04,54.27,1.641
904,S02,2025-02-08 16:00:00,24.95,52.94,0.578
905,S02,2025-02-08 17:00:00,25.01,42.56,0.397
906,S02,2025-02-08 18:00:00,24.53,38.5,1.355
907,S02,2025-02-08 19:00:00,22.21,21.76,0.959
908,S02,2025-02-08 20:00:00,18.73,39.99,0.255
909,S02,2025-02-08 21:00:00,24.2,57.59,3.483
910,S02,2025-02-08 22:00:00,28.06,37.17,1.513
911,S02,2025-02-08 23:00:00,26.86,51.15,2.711
912,S02,2025-02-09 00:00:00,19.7C,52.08,1.695
913,S02,2025-02-09 01:00:00,22.76,46.72,0.561
914,S02,2025-02-09 02:00:00,19.34,39.51,0.714
915,S02,2025-02-09 03:00:00,20.48,39.53,3.334
916,S02,2025-02-09 04:00:00,17.1C,44.57,0.694
917,S02,2025-02-09 05:00:00,20.0,27.53,0.534
918,S02,2025-02-09 06:00:00,21.52,58.96,3.161
919,S02,2025-02-09 07:00:00,20.74,34.61,0.221
920,S02,2025-02-09 08:00:00,23.71,38.78,
921,S02,2025-02-09 09:00:00,27.2,38.85,
922,S02,2025-02-09 10:00:00,25.66,42.13,1.266
923,S02,2025-02-09 11:00:00,20.94,48.83,0.486
924,S02,2025-02-09 12:00:00,19.81,57.07,2.874
925,S02,2025-02-09 13:00:00,20.19,47.29,0.954
926,S02,2025-02-09 14:00:00,19.37C,60.73,1.123
927,S02,2025-02-09 15:00:00,22.55,41.38,0.232
928,S02,2025-02-09 16:00:00,23.86,51.97,1.377
929,S02,2025-02-09 17:00:00,23.3,53.0,0.391
930,S02,2025-02-09 18:00:00,23.48,46.54,1.508
931,S02,2025-02-09 19:00:00,23.52C,51.75,1.321
932,S02,2025-02-09 20:00:00,22.8,34.95,
933,S02,2025-02-09 21:00:00,21.12,58.32,2.65
934,S02,2025-02-09 22:00:00,28.67,53.21,0.967
935,S02,2025-02-09 23:00:00,26.79,46.79,0.432
936,S02,2025-02-10 00:00:00,17.48,41.61,1.057
937,S02,2025-02-10 01:00:00,17.63C,53.53,1.05
938,S02,2025-02-10 02:00:00,18.74,34.25,1.584
939,S02,2025-02-10 03:00:00,20.75,52.48,0.447
940,S02,2025-02-10 04:00:00,24.58,54.41,0.914
941,S02,2025-02-10 05:00:00,23.99,70.16,2.725
942,S02,2025-02-10 06:00:00,24.3,44.27,1.266
943,S02,2025-02-10 07:00:00,24.51,58.71,0.714
944,S02,2025-02-10 08:00:00,24.72,51.36,1.125
945,S02,2025-02-10 09:00:00,23.76,29.15,0.515
946,S02,2025-02-10 10:00:00,23.06,32.3,0.314
947,S02,2025-02-10 11:00:00,21.49,39.85,1.159
948,S02,2025-02-10 12:00:00,16.77C,56.77,1.375
949,S02,2025-02-10 13:00:00,21.76,59.66,1.409
950,S02,2025-02-10 14:00:00,27.71,42.7,0.335
951,S02,2025-02-10 15:00:00,20.83,49.51,2.336
952,S02,2025-02-10 16:00:00,20.72,,1.826
953,S02,2025-02-10 17:00:00,25.8,20.36,2.054
954,S02,2025-02-10 18:00:00,23.14,56.11,2.361
955,S02,2025-02-10 19:00:00,21.61,59.29,2.711
956,S02,2025-02-10 20:00:00,27.87,22.84,0.458
957,S02,2025-02-10 21:00:00,25.22,35.81,4.296
958,S02,2025-02-10 22:00:00,25.77,44.32,0.722
959,S02,2025-02-10 23:00:00,21.96C,44.32,0.482
960,S02,2025-02-11 00:00:00,21.69,55.66,0.912
961,S02,2025-02-11 01:00:00,21.48,56.85,1.271
962,S02,2025-02-11 02:00:00,22.83C,39.64,0.649
963,S02,2025-02-11 03:00:00,24.1C,51.94,1.795
964,S02,2025-02-11 04:00:00,24.18,38.72,2.024
965,S02,2025-02-11 05:00:00,21.46C,42.05,0.084
966,S02,2025-02-11 06:00:00,23.17,47.53,0.98
967,S02,2025-02-11 07:00:00,17.81,50.61,2.131
968,S02,2025-02-11 08:00:00,23.33,38.9,1.118
969,S02,2025-02-11 09:00:00,23.6,64.21,2.306
970,S02,2025-02-11 10:00:00,20.53,47.21,1.796
971,S02,2025-02-11 11:00:00,19.53,45.23,1.656
972,S02,2025-02-11 12:00:00,21.82,52.87,1.346
973,S02,2025-02-11 13:00:00,18.51,38.86,0.136
974,S02,2025-02-11 14:00:00,23.32C,48.28,1.041
975,S02,2025-02-11 15:00:00,23.33,20.69,0.765
976,S02,2025-02-11 16:00:00,19.75,28.02,1.071
977,S02,2025-02-11 17:00:00,22.89,41.5,0.806
978,S02,2025-02-11 18:00:00,26.1,,0.564
979,S02,2025-02-11 19:00:00,26.24,41.57,0.332
980,S02,2025-02-11 20:00:00,26.23,38.66,1.387
981,S02,2025-02-11 21:00:00,22.9,50.97,3.185
982,S02,2025-02-11 22:00:00,22.49,57.28,
983,S02,2025-02-11 23:00:00,22.48,40.1,0.795
984,S02,2025-02-12 00:00:00,21.98,55.52,2.16
985,S02,2025-02-12 01:00:00,27.41,48.97,2.511
986,S02,2025-02-12 02:00:00,24.72,33.11,0.62
987,S02,2025-02-12 03:00:00,25.41,31.66,1.181
988,S02,2025-02-12 04:00:00,24.85,45.69,1.374
989,S02,2025-02-12 05:00:00,16.11,55.94,1.774
990,S02,2025-02-12 06:00:00,20.5,35.95,1.512
991,S02,2025-02-12 07:00:00,19.95,24.24,1.631
992,S02,2025-02-12 08:00:00,25.15C,,2.566
993,S02,2025-02-12 09:00:00,26.62,56.71,1.959
994,S02,2025-02-12 10:00:00,19.71C,42.89,1.131
995,S02,2025-02-12 11:00:00,21.97,56.06,0.627
996,S02,2025-02-12 12:00:00,23.67,65.48,1.517
997,S02,2025-02-12 13:00:00,20.68,36.7,2.612
998,S02,2025-02-12 14:00:00,20.41,41.34,
999,S02,2025-02-12 15:00:00,20.42,41.41,0.813
1000,S02,2025-02-12 16:00:00,25.25,56.04,1.436
1001,S02,2025-02-12 17:00:00,20.02,36.7,1.076
1002,S02,2025-02-12 18:00:00,26.31,42.05,1.523
1003,S02,2025-02-12 19:00:00,23.31,57.93,1.324
1004,S02,2025-02-12 20:00:00,25.46,55.35,1.089
1005,S02,2025-02-12 21:00:00,27.99,55.83,0.876
1006,S02,2025-02-12 22:00:00,21.49,36.06,0.788
1007,S02,2025-02-12 23:00:00,21.2,49.69,1.082
1008,S02,2025-02-13 00:00:00,21.48,39.5,0.501
1009,S02,2025-02-13 01:00:00,17.26,54.5,1.351
1010,S02,2025-02-13 02:00:00,18.31,50.34,0.55
1011,S02,2025-02-13 03:00:00,20.31,52.4,0.184
1012,S02,2025-02-13 04:00:00,21.27,43.64,0.163
1013,S02,2025-02-13 05:00:00,17.22,46.8,1.333
1014,S02,2025-02-13 06:00:00,19.95C,49.12,1.039
1015,S02,2025-02-13 07:00:00,23.0,43.26,0.279
1016,S02,2025-02-13 08:00:00,25.43,48.57,0.49
1017,S02,2025-02-13 09:00:00,15.67,35.73,1.572
1018,S02,2025-02-13 10:00:00,25.61,33.61,0.537
1019,S02,2025-02-13 11:00:00,24.49,28.35,1.237
1020,S02,2025-02-13 12:00:00,18.75,43.92,1.017
1021,S02,2025-02-13 13:00:00,17.75,,0.509
1022,S02,2025-02-13 14:00:00,23.55,49.67,0.551
1023,S02,2025-02-13 15:00:00,21.19,25.73,0.771
1024,S02,2025-02-13 16:00:00,23.01,,7.934
1025,S02,2025-02-13 17:00:00,25.32,45.8,3.384
1026,S02,2025-02-13 18:00:00,21.79,43.82,1.756
1027,S02,2025-02-13 19:00:00,23.54,47.66,0.19
1028,S02,2025-02-13 20:00:00,24.62,,1.794
1029,S02,2025-02-13 21:00:00,26.01,58.96,2.327
1030,S02,2025-02-13 22:00:00,28.77,57.78,1.013
1031,S02,2025-02-13 23:00:00,28.73,64.4,0.785
1032,S02,2025-02-14 00:00:00,20.92,51.27,0.326
1033,S02,2025-02-14 01:00:00,19.64,39.64,0.555
1034,S02,2025-02-14 02:00:00,27.59,,0.506
1035,S02,2025-02-14 03:00:00,22.56,33.5,1.941
1036,S02,2025-02-14 04:00:00,22.08,53.79,0.875
1037,S02,2025-02-14 05:00:00,17.66,35.39,0.129
1038,S02,2025-02-14 06:00:00,23.43,39.81,0.812
1039,S02,2025-02-14 07:00:00,18.93,57.6,0.559
1040,S02,2025-02-14 08:00:00,20.03,39.42,1.251
1041,S02,2025-02-14 09:00:00,17.56,56.07,1.637
1042,S02,2025-02-14 10:00:00,20.15,51.78,0.396
1043,S02,2025-02-14 11:00:00,22.04,44.17,0.951
1044,S02,2025-02-14 12:00:00,17.52,52.9,2.963
1045,S02,2025-02-14 13:00:00,19.48,51.54,0.787
1046,S02,2025-02-14 14:00:00,22.07,46.99,1.038
1047,S02,2025-02-14 15:00:00,18.68,39.29,0.3
1048,S02,2025-02-14 16:00:00,18.86,53.81,3.996
1049,S02,2025-02-14 17:00:00,20.27,42.36,0.606
1050,S02,2025-02-14 18:00:00,18.7,45.01,1.828
1051,S02,2025-02-14 19:00:00,24.88,49.96,0.512
1052,S02,2025-02-14 20:00:00,20.23,44.61,0.319
1053,S02,2025-02-14 21:00:00,25.65,48.1,1.042
1054,S02,2025-02-14 22:00:00,26.26,,2.278
1055,S02,2025-02-14 23:00:00,20.07,48.35,0.488
1056,S02,2025-02-15 00:00:00,20.32,46.92,0.415
1057,S02,2025-02-15 01:00:00,18.92,59.2,0.395
1058,S02,2025-02-15 02:00:00,17.1,40.87,0.559
1059,S02,2025-02-15 03:00:00,19.65,41.37,0.715
1060,S02,2025-02-15 04:00:00,20.08,33.26,0.415
1061,S02,2025-02-15 05:00:00,23.07,22.6,0.298
1062,S02,2025-02-15 06:00:00,24.16,52.14,1.238
1063,S02,2025-02-15 07:00:00,17.96C,50.28,1.165
1064,S02,2025-02-15 08:00:00,20.19,,1.259
1065,S02,2025-02-15 09:00:00,23.14,31.35,0.135
1066,S02,2025-02-15 10:00:00,25.22,38.01,2.649
1067,S02,2025-02-15 11:00:00,14.55,39.97,0.349
1068,S02,2025-02-15 12:00:00,25.82,64.7,2.313
1069,S02,2025-02-15 13:00:00,21.65,54.61,1.505
1070,S02,2025-02-15 14:00:00,26.88,43.79,0.376
1071,S02,2025-02-15 15:00:00,21.18,45.3,0.466
1072,S02,2025-02-15 16:00:00,20.11,48.57,1.594
1073,S02,2025-02-15 17:00:00,22.88,34.47,0.442
1074,S02,2025-02-15 18:00:00,26.4,48.83,0.394
1075,S02,2025-02-15 19:00:00,23.14C,34.92,1.147
1076,S02,2025-02-15 20:00:00,16.14,46.42,0.867
1077,S02,2025-02-15 21:00:00,25.4,52.2,0.746
1078,S02,2025-02-15 22:00:00,18.68,48.18,0.61
1079,S02,2025-02-15 23:00:00,20.72,38.56,0.368
1080,S02,2025-02-16 00:00:00,16.72,42.62,1.133
1081,S02,2025-02-16 01:00:00,14.85,53.22,1.148
1082,S02,2025-02-16 02:00:00,16.75,40.37,0.447
1083,S02,2025-02-16 03:00:00,17.69,32.08,0.633
1084,S02,2025-02-16 04:00:00,18.97,42.63,1.89
1085,S02,2025-02-16 05:00:00,20.79,40.26,0.931
1086,S02,2025-02-16 06:00:00,20.1,,1.208
1087,S02,2025-02-16 07:00:00,16.81,45.24,1.247
1088,S02,2025-02-16 08:00:00,20.85,41.85,1.243
1089,S02,2025-02-16 09:00:00,24.47,41.78,1.135
1090,S02,2025-02-16 10:00:00,24.54,54.12,0.285
1091,S02,2025-02-16 11:00:00,22.25,50.89,0.378
1092,S02,2025-02-16 12:00:00,23.86,54.55,0.619
1093,S02,2025-02-16 13:00:00,24.83,45.9,0.923
1094,S02,2025-02-16 14:00:00,26.38C,41.41,0.856
1095,S02,2025-02-16 15:00:00,27.54,48.14,1.472
1096,S02,2025-02-16 16:00:00,21.64,30.89,1.683
1097,S02,2025-02-16 17:00:00,21.94,34.06,1.265
1098,S02,2025-02-16 18:00:00,27.32,53.32,0.601
1099,S02,2025-02-16 19:00:00,27.73,40.34,1.281
1100,S02,2025-02-16 20:00:00,27.82,38.56,0.675
1101,S02,2025-02-16 21:00:00,16.32,34.4,1.484
1102,S02,2025-02-16 22:00:00,22.84,49.39,1.548
1103,S02,2025-02-16 23:00:00,13.88,33.32,0.979
1104,S02,2025-02-17 00:00:00,22.39,56.93,0.72
1105,S02,2025-02-17 01:00:00,20.52,46.97,1.123
1106,S02,2025-02-17 02:00:00,20.66,27.86,1.626
1107,S02,2025-02-17 03:00:00,20.24,39.99,1.386
1108,S02,2025-02-17 04:00:00,24.71,35.05,3.523
1109,S02,2025-02-17 05:00:00,20.07,50.29,0.731
1110,S02,2025-02-17 06:00:00,24.2,50.07,1.164
1111,S02,2025-02-17 07:00:00,22.91,40.17,2.39
1112,S02,2025-02-17 08:00:00,22.47,38.65,0.454
1113,S02,2025-02-17 09:00:00,22.94,49.19,1.629
1114,S02,2025-02-17 10:00:00,22.03,38.78,0.651
1115,S02,2025-02-17 11:00:00,18.57,57.9,0.14
1116,S02,2025-02-17 12:00:00,24.15,38.42,1.354
1117,S02,2025-02-17 13:00:00,24.29,48.26,0.533
1118,S02,2025-02-17 14:00:00,21.87,25.57,1.07
1119,S02,2025-02-17 15:00:00,24.64C,48.52,0.714
1120,S02,2025-02-17 16:00:00,25.3,,0.626
1121,S02,2025-02-17 17:00:00,18.91,47.45,0.377
1122,S02,2025-02-17 18:00:00,22.47,55.67,0.081
1123,S02,2025-02-17 19:00:00,21.72,43.08,0.781
1124,S02,2025-02-17 20:00:00,20.48,20.28,2.437
1125,S02,2025-02-17 21:00:00,24.32,24.74,1.074
1126,S02,2025-02-17 22:00:00,20.97,45.57,0.35
1127,S02,2025-02-17 23:00:00,22.35,,0.661
1128,S02,2025-02-18 00:00:00,20.94,33.41,0.738
1129,S02,2025-02-18 01:00:00,21.4,54.68,2.605
1130,S02,2025-02-18 02:00:00,21.46,42.43,1.274
1131,S02,2025-02-18 03:00:00,27.35,53.76,2.404
1132,S02,2025-02-18 04:00:00,19.29,53.57,
1133,S02,2025-02-18 05:00:00,21.7,40.74,1.221
1134,S02,2025-02-18 06:00:00,17.48C,45.85,0.568
1135,S02,2025-02-18 07:00:00,22.69,32.99,2.453
1136,S02,2025-02-18 08:00:00,24.86,48.46,1.2
1137,S02,2025-02-18 09:00:00,25.19,44.17,0.22
1138,S02,2025-02-18 10:00:00,19.79,59.91,0.645
1139,S02,2025-02-18 11:00:00,21.01,52.67,0.341
1140,S02,2025-02-18 12:00:00,25.79,42.84,0.475
1141,S02,2025-02-18 13:00:00,21.87,37.74,1.51
1142,S02,2025-02-18 14:00:00,25.18,42.26,0.41
1143,S02,2025-02-18 15:00:00,19.53,44.4,1.712
1144,S02,2025-02-18 16:00:00,26.75,51.75,2.346
1145,S02,2025-02-18 17:00:00,25.83,54.36,1.459
1146,S02,2025-02-18 18:00:00,24.29,32.63,0.401
1147,S02,2025-02-18 19:00:00,20.65,34.17,0.719
1148,S02,2025-02-18 20:00:00,22.72,47.6,0.681
1149,S02,2025-02-18 21:00:00,23.8,32.52,0.291
1150,S02,2025-02-18 22:00:00,24.29,43.41,2.144
1151,S02,2025-02-18 23:00:00,23.34,26.97,1.495
1152,S02,2025-02-19 00:00:00,19.54,41.1,0.244
1153,S02,2025-02-19 01:00:00,20.93,39.87,
1154,S02,2025-02-19 02:00:00,24.69,41.15,2.922
1155,S02,2025-02-19 03:00:00,14.63,37.97,0.786
1156,S02,2025-02-19 04:00:00,16.68,49.02,0.94
1157,S02,2025-02-19 05:00:00,16.32,52.94,0.203
1158,S02,2025-02-19 06:00:00,19.04,51.36,
1159,S02,2025-02-19 07:00:00,16.03,41.61,1.224
1160,S02,2025-02-19 08:00:00,23.06,41.23,0.606
1161,S02,2025-02-19 09:00:00,21.84,37.78,
1162,S02,2025-02-19 10:00:00,20.94,37.21,0.548
1163,S02,2025-02-19 11:00:00,19.81,42.61,0.984
1164,S02,2025-02-19 12:00:00,22.47,42.57,0.706
1165,S02,2025-02-19 13:00:00,22.68,42.18,1.051
1166,S02,2025-02-19 14:00:00,23.29,46.54,0.238
1167,S02,2025-02-19 15:00:00,20.26,52.53,0.123
1168,S02,2025-02-19 16:00:00,24.55,38.04,1.745
1169,S02,2025-02-19 17:00:00,18.34,41.97,0.877
1170,S02,2025-02-19 18:00:00,26.65,49.64,1.047
1171,S02,2025-02-19 19:00:00,13.82,46.25,1.286
1172,S02,2025-02-19 20:00:00,21.42,36.51,2.348
1173,S02,2025-02-19 21:00:00,19.74,32.87,1.645
1174,S02,2025-02-19 22:00:00,25.87,50.64,1.169
1175,S02,2025-02-19 23:00:00,19.19,34.02,2.771
1176,S02,2025-02-20 00:00:00,25.67,48.35,1.264
1177,S02,2025-02-20 01:00:00,15.72,34.67,
1178,S02,2025-02-20 02:00:00,26.59,61.42,0.563
1179,S02,2025-02-20 03:00:00,21.99,34.2,0.656
1180,S02,2025-02-20 04:00:00,20.89,62.06,1.761
1181,S02,2025-02-20 05:00:00,22.26,,1.688
1182,S02,2025-02-20 06:00:00,27.68,57.99,0.995
1183,S02,2025-02-20 07:00:00,23.93,56.55,0.925
1184,S02,2025-02-20 08:00:00,14.7,49.73,2.048
1185,S02,2025-02-20 09:00:00,25.13,41.75,1.221
1186,S02,2025-02-20 10:00:00,22.4,68.45,0.56
1187,S02,2025-02-20 11:00:00,17.0,40.74,0.671
1188,S02,2025-02-20 12:00:00,24.28,46.58,2.174
1189,S02,2025-02-20 13:00:00,18.52,31.73,0.522
1190,S02,2025-02-20 14:00:00,22.84,44.69,0.478
1191,S02,2025-02-20 15:00:00,23.15,50.5,0.797
1192,S02,2025-02-20 16:00:00,20.65,38.01,1.108
1193,S02,2025-02-20 17:00:00,24.69,46.16,0.42
1194,S02,2025-02-20 18:00:00,19.84,42.04,0.52
1195,S02,2025-02-20 19:00:00,23.62,41.51,0.472
1196,S02,2025-02-20 20:00:00,21.56,50.89,1.541
1197,S02,2025-02-20 21:00:00,22.8,53.29,1.779
1198,S02,2025-02-20 22:00:00,29.27,37.66,1.14
1199,S02,2025-02-20 23:00:00,23.99,28.12,0.942
1200,S02,2025-02-21 00:00:00,16.94C,49.36,1.872
1201,S02,2025-02-21 01:00:00,20.0,34.29,2.051
1202,S02,2025-02-21 02:00:00,18.19,40.43,2.671
1203,S02,2025-02-21 03:00:00,20.73,36.86,0.692
1204,S02,2025-02-21 04:00:00,21.29,54.53,0.91
1205,S02,2025-02-21 05:00:00,21.2,66.01,3.045
1206,S02,2025-02-21 06:00:00,21.35,39.17,2.937
1207,S02,2025-02-21 07:00:00,19.62C,65.89,1.995
1208,S02,2025-02-21 08:00:00,22.75,,0.754
1209,S02,2025-02-21 09:00:00,24.72,41.58,3.844
1210,S02,2025-02-21 10:00:00,19.84,,1.252
1211,S02,2025-02-21 11:00:00,21.67,63.48,1.048
1212,S02,2025-02-21 12:00:00,22.18,42.59,2.05
1213,S02,2025-02-21 13:00:00,25.91,41.67,0.384
1214,S02,2025-02-21 14:00:00,25.54,62.86,0.67
1215,S02,2025-02-21 15:00:00,20.26,53.38,0.563
1216,S02,2025-02-21 16:00:00,22.82,17.53,1.355
1217,S02,2025-02-21 17:00:00,18.27,43.2,0.471
1218,S02,2025-02-21 18:00:00,20.0,36.98,0.132
1219,S02,2025-02-21 19:00:00,23.1,39.05,0.647
1220,S02,2025-02-21 20:00:00,25.09,45.95,0.529
1221,S02,2025-02-21 21:00:00,26.21,40.12,1.167
1222,S02,2025-02-21 22:00:00,22.57,40.82,2.25
1223,S02,2025-02-21 23:00:00,19.59,64.94,2.652
1224,S02,2025-02-22 00:00:00,21.39,28.93,4.079
1225,S02,2025-02-22 01:00:00,19.83,46.35,0.276
1226,S02,2025-02-22 02:00:00,21.77,50.52,0.862
1227,S02,2025-02-22 03:00:00,21.13,30.66,1.954
1228,S02,2025-02-22 04:00:00,22.95,33.67,1.53
1229,S02,2025-02-22 05:00:00,22.91,33.7,3.827
1230,S02,2025-02-22 06:00:00,23.63,53.02,1.035
1231,S02,2025-02-22 07:00:00,19.87,34.18,1.313
1232,S02,2025-02-22 08:00:00,24.39,49.59,1.448
1233,S02,2025-02-22 09:00:00,20.04,33.07,1.278
1234,S02,2025-02-22 10:00:00,21.95,32.47,0.74
1235,S02,2025-02-22 11:00:00,27.43,49.05,1.329
1236,S02,2025-02-22 12:00:00,23.07,52.74,1.134
1237,S02,2025-02-22 13:00:00,18.65,31.55,0.478
1238,S02,2025-02-22 14:00:00,26.77,34.72,0.869
1239,S02,2025-02-22 15:00:00,25.45,47.07,0.215
1240,S02,2025-02-22 16:00:00,26.02C,35.13,0.895
1241,S02,2025-02-22 17:00:00,23.34,33.26,2.47
1242,S02,2025-02-22 18:00:00,23.94,,1.172
1243,S02,2025-02-22 19:00:00,22.35,,1.698
1244,S02,2025-02-22 20:00:00,21.1,19.0,
1245,S02,2025-02-22 21:00:00,27.94,61.67,1.394
1246,S02,2025-02-22 22:00:00,22.39,60.12,0.487
1247,S02,2025-02-22 23:00:00,22.21C,56.77,0.813
1248,S02,2025-02-23 00:00:00,18.87,42.45,0.353
1249,S02,2025-02-23 01:00:00,25.94,37.9,1.207
1250,S02,2025-02-23 02:00:00,23.13C,49.7,1.01
1251,S02,2025-02-23 03:00:00,19.55C,33.68,0.309
1252,S02,2025-02-23 04:00:00,20.66,65.52,1.314
1253,S02,2025-02-23 05:00:00,22.48,38.51,1.04
1254,S02,2025-02-23 06:00:00,23.74,56.12,0.753
1255,S02,2025-02-23 07:00:00,16.42,52.39,0.198
1256,S02,2025-02-23 08:00:00,24.11,,2.527
1257,S02,2025-02-23 09:00:00,20.9,42.2,0.267
1258,S02,2025-02-23 10:00:00,19.64,36.36,2.924
1259,S02,2025-02-23 11:00:00,20.68,45.47,0.901
1260,S02,2025-02-23 12:00:00,24.38,50.33,0.449
1261,S02,2025-02-23 13:00:00,27.43,44.62,0.638
1262,S02,2025-02-23 14:00:00,22.74C,41.11,0.35
1263,S02,2025-02-23 15:00:00,24.12,44.76,1.512
1264,S02,2025-02-23 16:00:00,20.16,56.67,0.572
1265,S02,2025-02-23 17:00:00,24.22,53.31,2.651
1266,S02,2025-02-23 18:00:00,25.37,49.4,1.904
1267,S02,2025-02-23 19:00:00,18.59,38.37,0.074
1268,S02,2025-02-23 20:00:00,21.66,39.9,1.343
1269,S02,2025-02-23 21:00:00,25.72,49.33,0.857
1270,S02,2025-02-23 22:00:00,18.22,40.68,0.808
1271,S02,2025-02-23 23:00:00,22.53,37.76,0.581
1272,S02,2025-02-24 00:00:00,22.0,,3.12
1273,S02,2025-02-24 01:00:00,15.28,45.56,
1274,S02,2025-02-24 02:00:00,19.31,46.77,0.291
1275,S02,2025-02-24 03:00:00,20.81,38.74,1.342
1276,S02,2025-02-24 04:00:00,23.47,47.25,0.65
1277,S02,2025-02-24 05:00:00,17.11,52.44,1.404
1278,S02,2025-02-24 06:00:00,24.43,47.16,1.431
1279,S02,2025-02-24 07:00:00,22.17,30.0,0.744
1280,S02,2025-02-24 08:00:00,24.99,39.7,0.287
1281,S02,2025-02-24 09:00:00,25.04,49.73,0.757
1282,S02,2025-02-24 10:00:00,22.72,46.7,2.089
1283,S02,2025-02-24 11:00:00,23.31,54.25,1.753
1284,S02,2025-02-24 12:00:00,16.78C,41.46,0.556
1285,S02,2025-02-24 13:00:00,18.1,43.86,0.667
1286,S02,2025-02-24 14:00:00,19.28,53.3,0.538
1287,S02,2025-02-24 15:00:00,21.41,43.88,1.196
1288,S02,2025-02-24 16:00:00,25.4,52.78,3.523
1289,S02,2025-02-24 17:00:00,17.4,27.16,
1290,S02,2025-02-24 18:00:00,21.94,34.94,0.556
1291,S02,2025-02-24 19:00:00,19.09,53.37,3.133
1292,S02,2025-02-24 20:00:00,18.53,52.23,1.769
1293,S02,2025-02-24 21:00:00,27.78,51.8,0.302
1294,S02,2025-02-24 22:00:00,23.8,53.29,1.57
1295,S02,2025-02-24 23:00:00,28.56,53.39,1.895
1296,S02,2025-02-25 00:00:00,23.75,33.35,0.779
1297,S02,2025-02-25 01:00:00,17.59,59.92,0.809
1298,S02,2025-02-25 02:00:00,14.94,52.77,1.719
1299,S02,2025-02-25 03:00:00,26.86,,0.532
1300,S02,2025-02-25 04:00:00,19.58,31.32,0.682
1301,S02,2025-02-25 05:00:00,17.52,48.19,0.339
1302,S02,2025-02-25 06:00:00,23.17,37.55,1.136
1303,S02,2025-02-25 07:00:00,21.66,49.22,0.376
1304,S02,2025-02-25 08:00:00,19.39,41.31,2.592
1305,S02,2025-02-25 09:00:00,20.51,29.46,1.35
1306,S02,2025-02-25 10:00:00,22.18,35.88,0.682
1307,S02,2025-02-25 11:00:00,22.07,40.41,0.584
1308,S02,2025-02-25 12:00:00,24.27,44.03,3.217
1309,S02,2025-02-25 13:00:00,21.09,51.89,0.521
1310,S02,2025-02-25 14:00:00,21.27,37.67,1.718
1311,S02,2025-02-25 15:00:00,24.25,,1.681
1312,S02,2025-02-25 16:00:00,23.54,41.92,1.376
1313,S02,2025-02-25 17:00:00,26.03,42.88,0.357
1314,S02,2025-02-25 18:00:00,22.15,21.47,0.948
1315,S02,2025-02-25 19:00:00,22.75,39.17,1.515
1316,S02,2025-02-25 20:00:00,19.73,29.93,2.472
1317,S02,2025-02-25 21:00:00,27.85,50.74,1.805
1318,S02,2025-02-25 22:00:00,19.32,54.75,0.166
1319,S02,2025-02-25 23:00:00,24.26,48.37,0.668
1320,S02,2025-02-26 00:00:00,17.52,64.41,0.389
1321,S02,2025-02-26 01:00:00,21.36,46.69,1.087
1322,S02,2025-02-26 02:00:00,22.73C,52.34,0.566
1323,S02,2025-02-26 03:00:00,15.73,40.75,1.074
1324,S02,2025-02-26 04:00:00,20.17,,0.749
1325,S02,2025-02-26 05:00:00,15.68,34.08,0.67
1326,S02,2025-02-26 06:00:00,25.31,41.14,3.892
1327,S02,2025-02-26 07:00:00,19.92,54.27,0.695
1328,S02,2025-02-26 08:00:00,16.67,44.01,0.982
1329,S02,2025-02-26 09:00:00,19.44,40.85,1.83
1330,S02,2025-02-26 10:00:00,25.63,42.95,3.118
1331,S02,2025-02-26 11:00:00,26.31,49.01,1.35
1332,S02,2025-02-26 12:00:00,25.81,57.55,2.515
1333,S02,2025-02-26 13:00:00,19.8,29.32,0.253
1334,S02,2025-02-26 14:00:00,21.84,43.91,0.08
1335,S02,2025-02-26 15:00:00,27.35,42.77,0.527
1336,S02,2025-02-26 16:00:00,20.41,41.72,0.746
1337,S02,2025-02-26 17:00:00,21.75,43.84,1.658
1338,S02,2025-02-26 18:00:00,20.04,49.16,1.493
1339,S02,2025-02-26 19:00:00,19.56,55.59,0.613
1340,S02,2025-02-26 20:00:00,26.82,27.13,0.92
1341,S02,2025-02-26 21:00:00,25.24C,32.38,1.678
1342,S02,2025-02-26 22:00:00,24.85,45.17,0.586
1343,S02,2025-02-26 23:00:00,25.39,29.76,0.941
1344,S02,2025-02-27 00:00:00,23.26,48.51,1.918
1345,S02,2025-02-27 01:00:00,24.88,35.62,0.812
1346,S02,2025-02-27 02:00:00,20.48C,42.65,1.38
1347,S02,2025-02-27 03:00:00,19.63,32.51,1.76
1348,S02,2025-02-27 04:00:00,17.73,34.97,0.363
1349,S02,2025-02-27 05:00:00,24.2,70.83,0.668
1350,S02,2025-02-27 06:00:00,19.56,40.64,0.637
1351,S02,2025-02-27 07:00:00,16.77,58.14,1.43
1352,S02,2025-02-27 08:00:00,20.59,43.48,0.528
1353,S02,2025-02-27 09:00:00,21.62,50.17,1.42
1354,S02,2025-02-27 10:00:00,24.2C,35.97,2.619
1355,S02,2025-02-27 11:00:00,24.86,48.77,2.316
1356,S02,2025-02-27 12:00:00,19.81,38.7,1.055
1357,S02,2025-02-27 13:00:00,19.75,15.73,1.215
1358,S02,2025-02-27 14:00:00,21.32C,17.8,0.762
1359,S02,2025-02-27 15:00:00,18.82,42.6,0.509
1360,S02,2025-02-27 16:00:00,22.27,50.37,2.214
1361,S02,2025-02-27 17:00:00,24.13,36.07,2.766
1362,S02,2025-02-27 18:00:00,23.03,33.24,2.04
1363,S02,2025-02-27 19:00:00,18.21,38.12,1.61
1364,S02,2025-02-27 20:00:00,19.62,60.03,3.174
1365,S02,2025-02-27 21:00:00,27.21,25.52,0.338
1366,S02,2025-02-27 22:00:00,20.46,50.17,1.664
1367,S02,2025-02-27 23:00:00,25.87,55.09,0.759
1368,S02,2025-02-28 00:00:00,22.1,30.29,2.01
1369,S02,2025-02-28 01:00:00,19.38,34.45,0.536
1370,S02,2025-02-28 02:00:00,17.51,39.73,2.054
1371,S02,2025-02-28 03:00:00,21.28,37.03,0.42
1372,S02,2025-02-28 04:00:00,18.14,53.11,0.904
1373,S02,2025-02-28 05:00:00,20.42,44.47,2.895
1374,S02,2025-02-28 06:00:00,21.42,38.41,0.779
1375,S02,2025-02-28 07:00:00,19.1,47.27,0.555
1376,S02,2025-02-28 08:00:00,20.72,55.72,0.264
1377,S02,2025-02-28 09:00:00,20.62,40.01,0.434
1378,S02,2025-02-28 10:00:00,17.99,,1.388
1379,S02,2025-02-28 11:00:00,21.28,52.9,0.407
1380,S02,2025-02-28 12:00:00,20.09,60.89,2.868
1381,S02,2025-02-28 13:00:00,16.68,59.22,0.758
1382,S02,2025-02-28 14:00:00,21.29,51.85,1.08
1383,S02,2025-02-28 15:00:00,21.6,42.27,1.552
1384,S02,2025-02-28 16:00:00,20.79,52.12,0.524
1385,S02,2025-02-28 17:00:00,16.56,49.73,0.254
1386,S02,2025-02-28 18:00:00,25.23,50.33,0.031
1387,S02,2025-02-28 19:00:00,25.1C,43.94,0.434
1388,S02,2025-02-28 20:00:00,25.15,54.58,1.687
1389,S02,2025-02-28 21:00:00,24.32,53.08,0.794
1390,S02,2025-02-28 22:00:00,19.73,31.94,1.088
1391,S02,2025-02-28 23:00:00,24.02,51.49,1.605
1392,S02,2025-03-01 00:00:00,17.42,34.6,1.407
1393,S02,2025-03-01 01:00:00,26.91,45.67,0.99
1394,S02,2025-03-01 02:00:00,18.94,43.12,0.51
1395,S02,2025-03-01 03:00:00,22.65,49.33,1.306
1396,S02,2025-03-01 04:00:00,16.14,39.63,0.93
1397,S02,2025-03-01 05:00:00,17.41,41.0,0.241
1398,S02,2025-03-01 06:00:00,19.49,39.52,1.947
1399,S02,2025-03-01 07:00:00,23.36,39.75,0.849
1400,S02,2025-03-01 08:00:00,23.04,30.5,1.24
1401,S02,2025-03-01 09:00:00,22.41,49.79,0.723
1402,S02,2025-03-01 10:00:00,16.14,38.92,3.613
1403,S02,2025-03-01 11:00:00,25.24,48.12,1.548
1404,S02,2025-03-01 12:00:00,19.22,44.58,0.704
1405,S02,2025-03-01 13:00:00,27.0,48.84,0.715
1406,S02,2025-03-01 14:00:00,27.9,50.45,0.536
1407,S02,2025-03-01 15:00:00,24.93,31.86,0.563
1408,S02,2025-03-01 16:00:00,25.57,43.57,0.485
1409,S02,2025-03-01 17:00:00,18.97,46.62,2.829
1410,S02,2025-03-01 18:00:00,30.64,37.85,1.527
1411,S02,2025-03-01 19:00:00,23.7,,0.976
1412,S02,2025-03-01 20:00:00,26.2,48.43,2.564
1413,S02,2025-03-01 21:00:00,20.78,57.4,0.54
1414,S02,2025-03-01 22:00:00,23.3,50.19,1.774
1415,S02,2025-03-01 23:00:00,20.09,51.71,1.069
1416,S02,2025-03-02 00:00:00,19.48C,47.95,1.285
1417,S02,2025-03-02 01:00:00,20.4,63.68,0.83
1418,S02,2025-03-02 02:00:00,21.27,45.29,0.66
1419,S02,2025-03-02 03:00:00,24.84,53.84,0.388
1420,S02,2025-03-02 04:00:00,22.24,78.23,1.389
1421,S02,2025-03-02 05:00:00,21.68,48.58,1.251
1422,S02,2025-03-02 06:00:00,21.22,44.72,1.201
1423,S02,2025-03-02 07:00:00,27.28,29.49,0.442
1424,S02,2025-03-02 08:00:00,19.66,28.89,1.218
1425,S02,2025-03-02 09:00:00,25.11,65.97,0.972
1426,S02,2025-03-02 10:00:00,15.82,45.48,2.586
1427,S02,2025-03-02 11:00:00,19.22,35.92,0.451
1428,S02,2025-03-02 12:00:00,23.23,40.03,1.745
1429,S02,2025-03-02 13:00:00,21.67,33.84,1.576
1430,S02,2025-03-02 14:00:00,31.32C,44.77,0.901
1431,S02,2025-03-02 15:00:00,30.19,38.45,0.225
1432,S02,2025-03-02 16:00:00,18.04,50.6,0.531
1433,S02,2025-03-02 17:00:00,19.54,59.68,1.605
1434,S02,2025-03-02 18:00:00,22.47,49.71,1.313
1435,S02,2025-03-02 19:00:00,28.27,45.37,0.451
1436,S02,2025-03-02 20:00:00,26.61,45.22,1.09
1437,S02,2025-03-02 21:00:00,24.33,58.56,4.152
1438,S02,2025-03-02 22:00:00,19.26,31.83,0.932
1439,S02,2025-03-02 23:00:00,21.12,,1.406
1440,S03,2025-02-01 00:00:00,12.15,39.45,0.343
1441,S03,2025-02-01 01:00:00,15.75,33.09,0.847
1442,S03,2025-02-01 02:00:00,21.79,49.95,2.177
1443,S03,2025-02-01 03:00:00,23.03,41.16,0.591
1444,S03,2025-02-01 04:00:00,16.9,35.46,1.016
1445,S03,2025-02-01 05:00:00,21.28,50.37,0.979
1446,S03,2025-02-01 06:00:00,25.99,44.09,0.409
1447,S03,2025-02-01 07:00:00,21.75,48.98,1.139
1448,S03,2025-02-01 08:00:00,20.49,44.89,0.672
1449,S03,2025-02-01 09:00:00,23.4,39.73,1.406
1450,S03,2025-02-01 10:00:00,23.3C,34.43,0.838
1451,S03,2025-02-01 11:00:00,22.11,49.5,0.697
1452,S03,2025-02-01 12:00:00,20.41C,35.79,3.334
1453,S03,2025-02-01 13:00:00,20.89,55.13,1.088
1454,S03,2025-02-01 14:00:00,22.59C,47.47,0.652
1455,S03,2025-02-01 15:00:00,20.82,44.62,5.48
1456,S03,2025-02-01 16:00:00,26.61,36.94,1.358
1457,S03,2025-02-01 17:00:00,25.44,61.24,0.725
1458,S03,2025-02-01 18:00:00,26.18,42.37,0.517
1459,S03,2025-02-01 19:00:00,29.15,50.39,0.225
1460,S03,2025-02-01 20:00:00,27.95C,38.63,1.258
1461,S03,2025-02-01 21:00:00,27.62,56.49,1.328
1462,S03,2025-02-01 22:00:00,24.63C,49.26,
1463,S03,2025-02-01 23:00:00,23.09C,55.3,2.788
1464,S03,2025-02-02 00:00:00,27.12,53.26,0.753
1465,S03,2025-02-02 01:00:00,18.34,43.84,0.848
1466,S03,2025-02-02 02:00:00,18.66,36.45,1.604
1467,S03,2025-02-02 03:00:00,18.06,45.76,1.152
1468,S03,2025-02-02 04:00:00,21.46,38.81,0.686
1469,S03,2025-02-02 05:00:00,22.22,41.5,0.255
1470,S03,2025-02-02 06:00:00,24.2,62.01,0.978
1471,S03,2025-02-02 07:00:00,20.59,,0.713
1472,S03,2025-02-02 08:00:00,16.21,48.52,0.859
1473,S03,2025-02-02 09:00:00,22.52,51.96,0.392
1474,S03,2025-02-02 10:00:00,24.63,54.31,1.593
1475,S03,2025-02-02 11:00:00,21.96,47.73,2.426
1476,S03,2025-02-02 12:00:00,21.61,44.99,0.829
1477,S03,2025-02-02 13:00:00,23.85,46.84,2.851
1478,S03,2025-02-02 14:00:00,26.61,,2.11
1479,S03,2025-02-02 15:00:00,22.26,65.95,3.348
1480,S03,2025-02-02 16:00:00,18.35,34.43,0.163
1481,S03,2025-02-02 17:00:00,21.07,46.32,0.41
1482,S03,2025-02-02 18:00:00,22.41,40.52,3.975
1483,S03,2025-02-02 19:00:00,17.66,69.19,0.486
1484,S03,2025-02-02 20:00:00,25.52C,40.69,1.63
1485,S03,2025-02-02 21:00:00,21.06,58.26,0.816
1486,S03,2025-02-02 22:00:00,25.03,51.94,0.766
1487,S03,2025-02-02 23:00:00,24.24,50.75,1.214
1488,S03,2025-02-03 00:00:00,19.27,56.44,0.673
1489,S03,2025-02-03 01:00:00,25.24,50.08,0.704
1490,S03,2025-02-03 02:00:00,18.82,43.04,1.193
1491,S03,2025-02-03 03:00:00,18.64,64.58,2.555
1492,S03,2025-02-03 04:00:00,21.68,34.59,1.361
1493,S03,2025-02-03 05:00:00,23.47,27.75,0.475
1494,S03,2025-02-03 06:00:00,21.1,38.39,1.836
1495,S03,2025-02-03 07:00:00,18.31,52.91,1.157
1496,S03,2025-02-03 08:00:00,23.48,,1.198
1497,S03,2025-02-03 09:00:00,23.37,47.0,1.45
1498,S03,2025-02-03 10:00:00,27.93,55.23,0.778
1499,S03,2025-02-03 11:00:00,21.19,52.85,2.134
1500,S03,2025-02-03 12:00:00,22.64,50.15,1.212
1501,S03,2025-02-03 13:00:00,20.45,57.04,1.195
1502,S03,2025-02-03 14:00:00,17.84,46.64,1.101
1503,S03,2025-02-03 15:00:00,22.68,56.81,2.26
1504,S03,2025-02-03 16:00:00,25.15,48.28,0.352
1505,S03,2025-02-03 17:00:00,19.71C,61.19,1.768
1506,S03,2025-02-03 18:00:00,20.88,57.09,0.25
1507,S03,2025-02-03 19:00:00,19.53,47.19,0.798
1508,S03,2025-02-03 20:00:00,27.22,57.88,1.098
1509,S03,2025-02-03 21:00:00,21.45,55.56,0.451
1510,S03,2025-02-03 22:00:00,25.24,54.86,0.364
1511,S03,2025-02-03 23:00:00,21.06C,,1.113
1512,S03,2025-02-04 00:00:00,20.43,35.37,0.612
1513,S03,2025-02-04 01:00:00,18.47,41.76,0.537
1514,S03,2025-02-04 02:00:00,13.46,55.72,2.061
1515,S03,2025-02-04 03:00:00,20.88,59.38,0.44
1516,S03,2025-02-04 04:00:00,22.38,31.66,2.836
1517,S03,2025-02-04 05:00:00,14.7,37.78,0.161
1518,S03,2025-02-04 06:00:00,20.58,26.57,0.572
1519,S03,2025-02-04 07:00:00,19.95,,2.103
1520,S03,2025-02-04 08:00:00,18.17,52.64,1.08
1521,S03,2025-02-04 09:00:00,20.8,40.58,0.764
1522,S03,2025-02-04 10:00:00,15.88,51.52,1.588
1523,S03,2025-02-04 11:00:00,22.6,60.69,0.799
1524,S03,2025-02-04 12:00:00,25.56,29.57,1.267
1525,S03,2025-02-04 13:00:00,18.36,47.89,0.769
1526,S03,2025-02-04 14:00:00,22.1,49.85,3.542
1527,S03,2025-02-04 15:00:00,26.73,51.12,1.214
1528,S03,2025-02-04 16:00:00,22.97,56.99,1.091
1529,S03,2025-02-04 17:00:00,21.19,58.25,2.818
1530,S03,2025-02-04 18:00:00,20.17,52.55,0.795
1531,S03,2025-02-04 19:00:00,23.58,37.64,0.669
1532,S03,2025-02-04 20:00:00,22.8,58.36,1.205
1533,S03,2025-02-04 21:00:00,25.24,68.05,0.361
1534,S03,2025-02-04 22:00:00,18.94,,0.937
1535,S03,2025-02-04 23:00:00,26.88,46.01,0.619
1536,S03,2025-02-05 00:00:00,18.99,50.61,0.676
1537,S03,2025-02-05 01:00:00,22.28,43.54,1.031
1538,S03,2025-02-05 02:00:00,18.33,49.49,1.138
1539,S03,2025-02-05 03:00:00,16.76,50.07,1.089
1540,S03,2025-02-05 04:00:00,19.1,58.18,2.503
1541,S03,2025-02-05 05:00:00,18.09,43.84,2.839
1542,S03,2025-02-05 06:00:00,19.98,45.7,1.014
1543,S03,2025-02-05 07:00:00,23.19,66.2,0.257
1544,S03,2025-02-05 08:00:00,24.64,57.89,0.658
1545,S03,2025-02-05 09:00:00,22.16,42.66,0.215
1546,S03,2025-02-05 10:00:00,20.08,35.21,2.518
1547,S03,2025-02-05 11:00:00,20.5,46.6,0.088
1548,S03,2025-02-05 12:00:00,23.78,52.38,1.922
1549,S03,2025-02-05 13:00:00,25.56,44.73,0.839
1550,S03,2025-02-05 14:00:00,21.33,33.4,0.723
1551,S03,2025-02-05 15:00:00,22.07,34.62,0.091
1552,S03,2025-02-05 16:00:00,20.35,40.08,0.689
1553,S03,2025-02-05 17:00:00,23.37,46.77,0.238
1554,S03,2025-02-05 18:00:00,25.77,49.31,1.501
1555,S03,2025-02-05 19:00:00,14.33,57.68,1.322
1556,S03,2025-02-05 20:00:00,23.97,39.35,0.463
1557,S03,2025-02-05 21:00:00,21.7,,1.743
1558,S03,2025-02-05 22:00:00,16.52,29.06,2.351
1559,S03,2025-02-05 23:00:00,24.59,36.06,2.793
1560,S03,2025-02-06 00:00:00,19.93,43.66,0.849
1561,S03,2025-02-06 01:00:00,21.46,43.08,1.671
1562,S03,2025-02-06 02:00:00,16.4,44.02,1.943
1563,S03,2025-02-06 03:00:00,27.06,47.92,2.466
1564,S03,2025-02-06 04:00:00,21.13,42.14,2.043
1565,S03,2025-02-06 05:00:00,19.92,31.63,1.459
1566,S03,2025-02-06 06:00:00,25.67,47.77,0.859
1567,S03,2025-02-06 07:00:00,23.21,49.32,0.895
1568,S03,2025-02-06 08:00:00,23.9,37.95,0.499
1569,S03,2025-02-06 09:00:00,25.04,78.33,1.176
1570,S03,2025-02-06 10:00:00,15.49,20.88,2.478
1571,S03,2025-02-06 11:00:00,26.86,30.6,1.398
1572,S03,2025-02-06 12:00:00,20.96C,39.96,
1573,S03,2025-02-06 13:00:00,23.01C,39.93,2.458
1574,S03,2025-02-06 14:00:00,25.07,36.45,1.175
1575,S03,2025-02-06 15:00:00,20.31,48.01,0.251
1576,S03,2025-02-06 16:00:00,23.55,56.82,0.726
1577,S03,2025-02-06 17:00:00,25.04,51.06,1.056
1578,S03,2025-02-06 18:00:00,22.77,47.82,2.762
1579,S03,2025-02-06 19:00:00,24.53,61.31,0.701
1580,S03,2025-02-06 20:00:00,18.38,,1.64
1581,S03,2025-02-06 21:00:00,19.77,43.74,2.234
1582,S03,2025-02-06 22:00:00,20.05,46.37,0.102
1583,S03,2025-02-06 23:00:00,24.76,42.37,0.943
1584,S03,2025-02-07 00:00:00,31.43,44.25,1.727
1585,S03,2025-02-07 01:00:00,21.14,43.42,2.712
1586,S03,2025-02-07 02:00:00,20.06,39.11,0.282
1587,S03,2025-02-07 03:00:00,20.46,33.74,1.176
1588,S03,2025-02-07 04:00:00,23.75,34.74,1.709
1589,S03,2025-02-07 05:00:00,23.09,42.3,1.749
1590,S03,2025-02-07 06:00:00,17.66,49.51,1.796
1591,S03,2025-02-07 07:00:00,24.3,,1.76
1592,S03,2025-02-07 08:00:00,21.33,52.76,1.207
1593,S03,2025-02-07 09:00:00,24.01,21.2,1.237
1594,S03,2025-02-07 10:00:00,15.7,36.18,0.714
1595,S03,2025-02-07 11:00:00,17.19,,1.349
1596,S03,2025-02-07 12:00:00,23.79,45.13,2.199
1597,S03,2025-02-07 13:00:00,16.75,45.29,0.707
1598,S03,2025-02-07 14:00:00,23.47,41.07,0.964
1599,S03,2025-02-07 15:00:00,23.46,55.02,0.472
1600,S03,2025-02-07 16:00:00,23.04,40.42,0.468
1601,S03,2025-02-07 17:00:00,23.82,46.35,0.552
1602,S03,2025-02-07 18:00:00,23.7,50.47,0.315
1603,S03,2025-02-07 19:00:00,24.39,49.8,1.507
1604,S03,2025-02-07 20:00:00,21.98,41.91,2.746
1605,S03,2025-02-07 21:00:00,23.28,58.79,0.484
1606,S03,2025-02-07 22:00:00,32.29,52.23,0.993
1607,S03,2025-02-07 23:00:00,27.06,54.7,3.608
1608,S03,2025-02-08 00:00:00,22.04,47.47,0.218
1609,S03,2025-02-08 01:00:00,21.53,47.11,0.586
1610,S03,2025-02-08 02:00:00,18.32,37.38,0.398
1611,S03,2025-02-08 03:00:00,21.33,25.91,2.555
1612,S03,2025-02-08 04:00:00,20.06,,0.547
1613,S03,2025-02-08 05:00:00,23.79,29.53,4.595
1614,S03,2025-02-08 06:00:00,18.35,44.68,0.916
1615,S03,2025-02-08 07:00:00,14.16,30.58,0.556
1616,S03,2025-02-08 08:00:00,19.72,39.88,2.416
1617,S03,2025-02-08 09:00:00,23.64,35.69,0.826
1618,S03,2025-02-08 10:00:00,29.08C,,2.336
1619,S03,2025-02-08 11:00:00,24.93,43.15,3.52
1620,S03,2025-02-08 12:00:00,19.06,58.77,
1621,S03,2025-02-08 13:00:00,21.49,54.06,0.669
1622,S03,2025-02-08 14:00:00,19.45,60.53,0.608
1623,S03,2025-02-08 15:00:00,21.89,46.06,2.99
1624,S03,2025-02-08 16:00:00,19.91,27.29,0.456
1625,S03,2025-02-08 17:00:00,17.82,,0.388
1626,S03,2025-02-08 18:00:00,24.23,64.5,1.71
1627,S03,2025-02-08 19:00:00,23.64,41.11,2.939
1628,S03,2025-02-08 20:00:00,22.69,59.31,2.347
1629,S03,2025-02-08 21:00:00,24.39,,0.904
1630,S03,2025-02-08 22:00:00,29.6,46.29,1.295
1631,S03,2025-02-08 23:00:00,24.0,43.94,0.3
1632,S03,2025-02-09 00:00:00,19.06,39.09,0.325
1633,S03,2025-02-09 01:00:00,22.95,40.52,1.809
1634,S03,2025-02-09 02:00:00,15.57,27.75,3.245
1635,S03,2025-02-09 03:00:00,22.91,46.73,0.289
1636,S03,2025-02-09 04:00:00,18.48,46.46,0.731
1637,S03,2025-02-09 05:00:00,18.5C,52.2,0.349
1638,S03,2025-02-09 06:00:00,21.43,44.61,1.232
1639,S03,2025-02-09 07:00:00,26.27,49.29,1.402
1640,S03,2025-02-09 08:00:00,19.16,67.44,0.831
1641,S03,2025-02-09 09:00:00,24.41,55.07,0.973
1642,S03,2025-02-09 10:00:00,22.83,43.74,1.314
1643,S03,2025-02-09 11:00:00,17.68,47.66,0.607
1644,S03,2025-02-09 12:00:00,24.75,45.32,1.141
1645,S03,2025-02-09 13:00:00,19.67,57.97,0.602
1646,S03,2025-02-09 14:00:00,17.89,40.08,0.142
1647,S03,2025-02-09 15:00:00,20.08,55.71,2.955
1648,S03,2025-02-09 16:00:00,20.42,49.24,3.356
1649,S03,2025-02-09 17:00:00,24.53,,0.798
1650,S03,2025-02-09 18:00:00,20.7,49.76,1.34
1651,S03,2025-02-09 19:00:00,27.53,39.46,0.257
1652,S03,2025-02-09 20:00:00,23.86,35.98,0.831
1653,S03,2025-02-09 21:00:00,21.19,45.0,0.853
1654,S03,2025-02-09 22:00:00,21.0,48.17,1.745
1655,S03,2025-02-09 23:00:00,24.33,69.52,1.237
1656,S03,2025-02-10 00:00:00,14.11,45.8,1.318
1657,S03,2025-02-10 01:00:00,13.82,36.44,0.569
1658,S03,2025-02-10 02:00:00,17.85,43.93,0.578
1659,S03,2025-02-10 03:00:00,22.54,49.76,0.953
1660,S03,2025-02-10 04:00:00,21.34,35.79,1.44
1661,S03,2025-02-10 05:00:00,21.02C,42.75,1.376
1662,S03,2025-02-10 06:00:00,20.46,28.98,0.249
1663,S03,2025-02-10 07:00:00,14.72,,1.117
1664,S03,2025-02-10 08:00:00,20.42,40.81,0.752
1665,S03,2025-02-10 09:00:00,16.22,52.42,0.059
1666,S03,2025-02-10 10:00:00,24.21,36.06,0.838
1667,S03,2025-02-10 11:00:00,21.82,36.57,1.2
1668,S03,2025-02-10 12:00:00,21.73,,1.193
1669,S03,2025-02-10 13:00:00,23.35,,1.227
1670,S03,2025-02-10 14:00:00,23.27,39.55,0.635
1671,S03,2025-02-10 15:00:00,23.15,35.93,2.998
1672,S03,2025-02-10 16:00:00,23.64,62.19,0.948
1673,S03,2025-02-10 17:00:00,20.98,40.36,1.877
1674,S03,2025-02-10 18:00:00,18.89,58.86,0.49
1675,S03,2025-02-10 19:00:00,24.07C,46.32,2.881
1676,S03,2025-02-10 20:00:00,27.54,62.66,0.294
1677,S03,2025-02-10 21:00:00,26.38,35.27,0.556
1678,S03,2025-02-10 22:00:00,22.86,46.78,1.924
1679,S03,2025-02-10 23:00:00,25.49,21.13,0.345
1680,S03,2025-02-11 00:00:00,18.88,57.97,0.399
1681,S03,2025-02-11 01:00:00,21.5,51.21,1.213
1682,S03,2025-02-11 02:00:00,18.68,41.45,1.665
1683,S03,2025-02-11 03:00:00,21.07,65.24,0.996
1684,S03,2025-02-11 04:00:00,26.81,73.67,1.53
1685,S03,2025-02-11 05:00:00,23.27,60.19,2.081
1686,S03,2025-02-11 06:00:00,25.6,60.98,0.241
1687,S03,2025-02-11 07:00:00,18.93,45.64,0.835
1688,S03,2025-02-11 08:00:00,19.34,36.97,0.382
1689,S03,2025-02-11 09:00:00,21.43,30.08,0.901
1690,S03,2025-02-11 10:00:00,23.37,55.59,1.13
1691,S03,2025-02-11 11:00:00,21.22,26.34,0.458
1692,S03,2025-02-11 12:00:00,25.04,43.15,1.95
1693,S03,2025-02-11 13:00:00,20.5,62.19,0.354
1694,S03,2025-02-11 14:00:00,26.38,,1.464
1695,S03,2025-02-11 15:00:00,25.36,32.55,0.806
1696,S03,2025-02-11 16:00:00,19.25,36.53,0.238
1697,S03,2025-02-11 17:00:00,24.5,57.88,1.657
1698,S03,2025-02-11 18:00:00,22.23,34.56,1.754
1699,S03,2025-02-11 19:00:00,26.11,40.54,1.312
1700,S03,2025-02-11 20:00:00,21.59,31.07,0.123
1701,S03,2025-02-11 21:00:00,24.28,44.48,0.166
1702,S03,2025-02-11 22:00:00,25.14,38.88,0.801
1703,S03,2025-02-11 23:00:00,15.39,55.33,1.338
1704,S03,2025-02-12 00:00:00,14.56,35.2,1.049
1705,S03,2025-02-12 01:00:00,20.73C,40.75,1.468
1706,S03,2025-02-12 02:00:00,20.12C,21.35,1.448
1707,S03,2025-02-12 03:00:00,23.7,58.15,
1708,S03,2025-02-12 04:00:00,21.48,57.16,0.666
1709,S03,2025-02-12 05:00:00,17.14,42.27,0.816
1710,S03,2025-02-12 06:00:00,22.08,,0.41
1711,S03,2025-02-12 07:00:00,19.0,49.57,0.925
1712,S03,2025-02-12 08:00:00,20.71,55.73,0.899
1713,S03,2025-02-12 09:00:00,20.02,28.54,0.537
1714,S03,2025-02-12 10:00:00,22.75,36.02,0.142
1715,S03,2025-02-12 11:00:00,17.58,67.77,4.208
1716,S03,2025-02-12 12:00:00,18.64,56.73,2.573
1717,S03,2025-02-12 13:00:00,15.48,50.95,0.875
1718,S03,2025-02-12 14:00:00,28.73,45.39,1.009
1719,S03,2025-02-12 15:00:00,19.45,53.5,1.459
1720,S03,2025-02-12 16:00:00,20.01,54.04,3.89
1721,S03,2025-02-12 17:00:00,19.29,53.91,0.393
1722,S03,2025-02-12 18:00:00,20.97,34.5,0.663
1723,S03,2025-02-12 19:00:00,21.73,45.34,1.037
1724,S03,2025-02-12 20:00:00,25.04,49.12,0.659
1725,S03,2025-02-12 21:00:00,23.88,48.21,0.122
1726,S03,2025-02-12 22:00:00,24.48,34.74,1.513
1727,S03,2025-02-12 23:00:00,21.88,42.92,1.194
1728,S03,2025-02-13 00:00:00,19.98,,1.315
1729,S03,2025-02-13 01:00:00,24.0C,40.94,
1730,S03,2025-02-13 02:00:00,20.43C,,0.877
1731,S03,2025-02-13 03:00:00,21.57,50.91,3.203
1732,S03,2025-02-13 04:00:00,14.71C,51.11,0.43
1733,S03,2025-02-13 05:00:00,22.5,55.32,0.963
1734,S03,2025-02-13 06:00:00,21.87,46.74,0.27
1735,S03,2025-02-13 07:00:00,25.11,32.62,0.464
1736,S03,2025-02-13 08:00:00,13.14,45.82,
1737,S03,2025-02-13 09:00:00,21.62,40.67,0.739
1738,S03,2025-02-13 10:00:00,21.31,28.19,0.158
1739,S03,2025-02-13 11:00:00,22.08,38.87,1.895
1740,S03,2025-02-13 12:00:00,20.08,,0.307
1741,S03,2025-02-13 13:00:00,22.74,55.5,1.796
1742,S03,2025-02-13 14:00:00,24.37,44.04,1.154
1743,S03,2025-02-13 15:00:00,22.54,31.18,3.383
1744,S03,2025-02-13 16:00:00,21.67,44.63,1.862
1745,S03,2025-02-13 17:00:00,22.06,37.8,1.186
1746,S03,2025-02-13 18:00:00,21.69,,0.795
1747,S03,2025-02-13 19:00:00,23.12,32.52,0.603
1748,S03,2025-02-13 20:00:00,20.99,53.68,0.922
1749,S03,2025-02-13 21:00:00,17.32,42.83,1.288
1750,S03,2025-02-13 22:00:00,27.51,49.06,0.174
1751,S03,2025-02-13 23:00:00,18.32,37.99,0.687
1752,S03,2025-02-14 00:00:00,19.78,50.36,0.557
1753,S03,2025-02-14 01:00:00,16.36,45.07,0.589
1754,S03,2025-02-14 02:00:00,19.57,43.32,0.353
1755,S03,2025-02-14 03:00:00,17.68,34.3,0.046
1756,S03,2025-02-14 04:00:00,20.59,39.5,1.36
1757,S03,2025-02-14 05:00:00,18.34,26.13,1.859
1758,S03,2025-02-14 06:00:00,17.12,50.32,0.471
1759,S03,2025-02-14 07:00:00,22.09,42.15,2.833
1760,S03,2025-02-14 08:00:00,25.31,60.08,0.721
1761,S03,2025-02-14 09:00:00,22.49,29.94,0.547
1762,S03,2025-02-14 10:00:00,21.93,61.01,1.208
1763,S03,2025-02-14 11:00:00,18.59,49.72,1.469
1764,S03,2025-02-14 12:00:00,21.65,40.55,0.844
1765,S03,2025-02-14 13:00:00,23.38,50.07,1.188
1766,S03,2025-02-14 14:00:00,20.24,32.42,0.808
1767,S03,2025-02-14 15:00:00,25.04,31.36,0.586
1768,S03,2025-02-14 16:00:00,22.37,,1.616
1769,S03,2025-02-14 17:00:00,23.7,25.02,0.664
1770,S03,2025-02-14 18:00:00,21.29,45.29,0.581
1771,S03,2025-02-14 19:00:00,21.46,58.86,1.631
1772,S03,2025-02-14 20:00:00,23.74,46.34,1.301
1773,S03,2025-02-14 21:00:00,24.38,58.6,1.681
1774,S03,2025-02-14 22:00:00,24.42,42.97,1.931
1775,S03,2025-02-14 23:00:00,20.47,38.41,0.956
1776,S03,2025-02-15 00:00:00,17.87,56.94,0.466
1777,S03,2025-02-15 01:00:00,20.15,54.13,0.332
1778,S03,2025-02-15 02:00:00,14.79,44.38,1.892
1779,S03,2025-02-15 03:00:00,23.65C,59.14,1.078
1780,S03,2025-02-15 04:00:00,21.61,33.79,1.379
1781,S03,2025-02-15 05:00:00,20.93,55.65,
1782,S03,2025-02-15 06:00:00,18.82,41.23,0.7
1783,S03,2025-02-15 07:00:00,23.57,47.54,5.673
1784,S03,2025-02-15 08:00:00,20.43,,0.38
1785,S03,2025-02-15 09:00:00,27.1,47.11,3.587
1786,S03,2025-02-15 10:00:00,22.73,50.63,1.349
1787,S03,2025-02-15 11:00:00,17.23,59.54,1.562
1788,S03,2025-02-15 12:00:00,24.03,,1.015
1789,S03,2025-02-15 13:00:00,20.42,46.25,2.05
1790,S03,2025-02-15 14:00:00,20.58,46.03,0.657
1791,S03,2025-02-15 15:00:00,21.57,35.45,0.472
1792,S03,2025-02-15 16:00:00,22.05,62.03,0.342
1793,S03,2025-02-15 17:00:00,23.35C,54.73,1.511
1794,S03,2025-02-15 18:00:00,25.03,39.11,2.702
1795,S03,2025-02-15 19:00:00,24.25,47.24,0.384
1796,S03,2025-02-15 20:00:00,20.87,60.59,1.929
1797,S03,2025-02-15 21:00:00,19.13,38.41,2.394
1798,S03,2025-02-15 22:00:00,20.92,48.19,0.629
1799,S03,2025-02-15 23:00:00,24.56,45.39,
1800,S03,2025-02-16 00:00:00,22.64,42.56,1.841
1801,S03,2025-02-16 01:00:00,25.58,46.24,1.218
1802,S03,2025-02-16 02:00:00,16.29,25.38,1.101
1803,S03,2025-02-16 03:00:00,20.72,55.4,0.992
1804,S03,2025-02-16 04:00:00,19.94,40.85,1.656
1805,S03,2025-02-16 05:00:00,19.57,46.68,0.463
1806,S03,2025-02-16 06:00:00,21.34,31.25,1.108
1807,S03,2025-02-16 07:00:00,20.33,68.71,1.041
1808,S03,2025-02-16 08:00:00,20.43,51.24,0.454
1809,S03,2025-02-16 09:00:00,19.43,,0.434
1810,S03,2025-02-16 10:00:00,22.71,39.23,1.173
1811,S03,2025-02-16 11:00:00,24.84,42.0,0.956
1812,S03,2025-02-16 12:00:00,26.72,35.52,0.742
1813,S03,2025-02-16 13:00:00,20.4C,31.65,1.172
1814,S03,2025-02-16 14:00:00,18.96,32.01,1.429
1815,S03,2025-02-16 15:00:00,21.49,36.63,0.484
1816,S03,2025-02-16 16:00:00,19.92,46.81,1.026
1817,S03,2025-02-16 17:00:00,25.66,47.54,0.664
1818,S03,2025-02-16 18:00:00,20.26,57.99,1.178
1819,S03,2025-02-16 19:00:00,23.1,43.49,1.273
1820,S03,2025-02-16 20:00:00,18.99,22.54,3.183
1821,S03,2025-02-16 21:00:00,22.12,43.64,1.318
1822,S03,2025-02-16 22:00:00,23.9,56.08,0.556
1823,S03,2025-02-16 23:00:00,28.06,33.24,3.106
1824,S03,2025-02-17 00:00:00,17.94,46.9,0.823
1825,S03,2025-02-17 01:00:00,21.28,48.38,2.034
1826,S03,2025-02-17 02:00:00,14.09,34.83,1.894
1827,S03,2025-02-17 03:00:00,16.85,42.99,0.815
1828,S03,2025-02-17 04:00:00,18.18,34.86,0.259
1829,S03,2025-02-17 05:00:00,19.27,59.57,1.273
1830,S03,2025-02-17 06:00:00,22.21,51.6,1.016
1831,S03,2025-02-17 07:00:00,22.96C,45.62,0.725
1832,S03,2025-02-17 08:00:00,16.39,52.0,0.377
1833,S03,2025-02-17 09:00:00,22.95,51.87,1.961
1834,S03,2025-02-17 10:00:00,18.17,36.45,0.358
1835,S03,2025-02-17 11:00:00,27.17C,31.86,0.726
1836,S03,2025-02-17 12:00:00,22.75C,30.67,2.441
1837,S03,2025-02-17 13:00:00,22.42C,32.31,1.278
1838,S03,2025-02-17 14:00:00,21.58,53.29,2.414
1839,S03,2025-02-17 15:00:00,22.16,56.11,0.659
1840,S03,2025-02-17 16:00:00,22.42,60.37,1.182
1841,S03,2025-02-17 17:00:00,20.49C,31.67,0.271
1842,S03,2025-02-17 18:00:00,24.95,45.01,1.624
1843,S03,2025-02-17 19:00:00,23.67,57.37,1.447
1844,S03,2025-02-17 20:00:00,25.26,63.01,0.462
1845,S03,2025-02-17 21:00:00,22.98C,41.78,0.307
1846,S03,2025-02-17 22:00:00,25.35,41.35,0.295
1847,S03,2025-02-17 23:00:00,21.19,41.23,1.551
1848,S03,2025-02-18 00:00:00,30.7,49.47,2.389
1849,S03,2025-02-18 01:00:00,18.03,53.16,0.571
1850,S03,2025-02-18 02:00:00,18.97,55.0,0.755
1851,S03,2025-02-18 03:00:00,23.35,40.59,1.496
1852,S03,2025-02-18 04:00:00,24.31,59.79,1.748
1853,S03,2025-02-18 05:00:00,18.37,35.06,0.936
1854,S03,2025-02-18 06:00:00,15.92,51.49,0.076
1855,S03,2025-02-18 07:00:00,16.86,58.76,1.066
1856,S03,2025-02-18 08:00:00,18.23,56.41,0.26
1857,S03,2025-02-18 09:00:00,19.0,49.6,0.129
1858,S03,2025-02-18 10:00:00,21.01,41.39,0.572
1859,S03,2025-02-18 11:00:00,24.75,44.48,1.035
1860,S03,2025-02-18 12:00:00,25.05C,37.95,1.195
1861,S03,2025-02-18 13:00:00,20.12,38.4,0.985
1862,S03,2025-02-18 14:00:00,23.72,35.28,0.37
1863,S03,2025-02-18 15:00:00,24.9,56.36,2.042
1864,S03,2025-02-18 16:00:00,26.62C,33.45,0.112
1865,S03,2025-02-18 17:00:00,22.08,38.26,2.027
1866,S03,2025-02-18 18:00:00,20.47C,58.75,0.456
1867,S03,2025-02-18 19:00:00,25.1,49.23,0.576
1868,S03,2025-02-18 20:00:00,27.55,62.69,1.557
1869,S03,2025-02-18 21:00:00,21.58,61.04,0.087
1870,S03,2025-02-18 22:00:00,29.15,49.73,1.098
1871,S03,2025-02-18 23:00:00,28.61C,56.54,0.877
1872,S03,2025-02-19 00:00:00,19.21,34.2,1.099
1873,S03,2025-02-19 01:00:00,15.44,47.91,2.147
1874,S03,2025-02-19 02:00:00,18.51,63.1,2.05
1875,S03,2025-02-19 03:00:00,19.39,50.26,0.109
1876,S03,2025-02-19 04:00:00,22.19,48.54,0.825
1877,S03,2025-02-19 05:00:00,15.74,72.85,
1878,S03,2025-02-19 06:00:00,28.19,53.86,1.617
1879,S03,2025-02-19 07:00:00,28.07,,0.722
1880,S03,2025-02-19 08:00:00,19.03,,1.508
1881,S03,2025-02-19 09:00:00,15.76,20.49,2.144
1882,S03,2025-02-19 10:00:00,20.99,50.75,0.515
1883,S03,2025-02-19 11:00:00,22.92,49.65,0.213
1884,S03,2025-02-19 12:00:00,25.83,41.13,0.94
1885,S03,2025-02-19 13:00:00,24.08,37.92,0.577
1886,S03,2025-02-19 14:00:00,21.49,41.45,0.071
1887,S03,2025-02-19 15:00:00,16.34,73.15,1.207
1888,S03,2025-02-19 16:00:00,23.92,34.76,1.612
1889,S03,2025-02-19 17:00:00,25.07,37.7,3.317
1890,S03,2025-02-19 18:00:00,21.76C,43.9,2.89
1891,S03,2025-02-19 19:00:00,23.66,41.78,0.362
1892,S03,2025-02-19 20:00:00,23.6,63.1,0.967
1893,S03,2025-02-19 21:00:00,22.41,,3.217
1894,S03,2025-02-19 22:00:00,19.82,44.31,4.026
1895,S03,2025-02-19 23:00:00,24.46,53.38,1.304
1896,S03,2025-02-20 00:00:00,15.73,49.03,1.444
1897,S03,2025-02-20 01:00:00,24.34,44.08,1.817
1898,S03,2025-02-20 02:00:00,17.59,,0.639
1899,S03,2025-02-20 03:00:00,21.91,44.45,1.212
1900,S03,2025-02-20 04:00:00,18.39,44.47,2.384
1901,S03,2025-02-20 05:00:00,21.87,41.76,1.09
1902,S03,2025-02-20 06:00:00,20.25,45.3,1.41
1903,S03,2025-02-20 07:00:00,22.63,58.69,0.043
1904,S03,2025-02-20 08:00:00,18.81,33.36,0.418
1905,S03,2025-02-20 09:00:00,16.44,49.82,1.286
1906,S03,2025-02-20 10:00:00,20.64,53.35,1.089
1907,S03,2025-02-20 11:00:00,20.58C,44.99,1.052
1908,S03,2025-02-20 12:00:00,17.27,45.58,
1909,S03,2025-02-20 13:00:00,19.86,,
1910,S03,2025-02-20 14:00:00,17.06,41.75,0.427
1911,S03,2025-02-20 15:00:00,22.57,51.95,3.089
1912,S03,2025-02-20 16:00:00,21.25,51.38,2.04
1913,S03,2025-02-20 17:00:00,22.57,,1.956
1914,S03,2025-02-20 18:00:00,30.48,48.1,2.568
1915,S03,2025-02-20 19:00:00,23.3,54.25,0.461
1916,S03,2025-02-20 20:00:00,24.1,60.58,0.601
1917,S03,2025-02-20 21:00:00,25.01,35.25,0.775
1918,S03,2025-02-20 22:00:00,22.86,56.37,2.158
1919,S03,2025-02-20 23:00:00,21.65C,39.16,0.69
1920,S03,2025-02-21 00:00:00,22.61,,1.32
1921,S03,2025-02-21 01:00:00,23.21,47.79,3.093
1922,S03,2025-02-21 02:00:00,11.53C,47.81,0.188
1923,S03,2025-02-21 03:00:00,19.94,28.54,2.48
1924,S03,2025-02-21 04:00:00,19.56,62.25,2.407
1925,S03,2025-02-21 05:00:00,19.03,41.43,0.552
1926,S03,2025-02-21 06:00:00,24.6,52.77,1.569
1927,S03,2025-02-21 07:00:00,19.42,49.86,1.27
1928,S03,2025-02-21 08:00:00,23.76,52.01,1.031
1929,S03,2025-02-21 09:00:00,19.69,46.78,0.614
1930,S03,2025-02-21 10:00:00,20.25,49.03,1.728
1931,S03,2025-02-21 11:00:00,23.8,46.72,2.918
1932,S03,2025-02-21 12:00:00,19.55,42.48,1.502
1933,S03,2025-02-21 13:00:00,21.43,57.14,1.777
1934,S03,2025-02-21 14:00:00,18.76,47.5,1.909
1935,S03,2025-02-21 15:00:00,19.56,49.45,1.516
1936,S03,2025-02-21 16:00:00,24.53,40.27,0.932
1937,S03,2025-02-21 17:00:00,24.27,39.58,1.465
1938,S03,2025-02-21 18:00:00,19.23,47.66,2.014
1939,S03,2025-02-21 19:00:00,19.26,31.8,1.682
1940,S03,2025-02-21 20:00:00,30.6,60.22,1.944
1941,S03,2025-02-21 21:00:00,21.19,42.12,1.692
1942,S03,2025-02-21 22:00:00,20.65,42.74,0.292
1943,S03,2025-02-21 23:00:00,24.95,40.93,0.538
1944,S03,2025-02-22 00:00:00,17.64C,47.21,0.159
1945,S03,2025-02-22 01:00:00,19.02,51.06,1.407
1946,S03,2025-02-22 02:00:00,22.94,52.95,0.449
1947,S03,2025-02-22 03:00:00,23.41,39.23,1.12
1948,S03,2025-02-22 04:00:00,19.97,34.79,0.093
1949,S03,2025-02-22 05:00:00,24.73,44.51,0.886
1950,S03,2025-02-22 06:00:00,20.43,,1.616
1951,S03,2025-02-22 07:00:00,20.29,38.49,1.242
1952,S03,2025-02-22 08:00:00,21.14,58.05,0.793
1953,S03,2025-02-22 09:00:00,20.39,35.57,1.266
1954,S03,2025-02-22 10:00:00,23.04,37.04,2.544
1955,S03,2025-02-22 11:00:00,22.46,,3.698
1956,S03,2025-02-22 12:00:00,19.44,41.82,0.144
1957,S03,2025-02-22 13:00:00,22.45,43.8,3.309
1958,S03,2025-02-22 14:00:00,20.43,37.25,0.384
1959,S03,2025-02-22 15:00:00,20.48,33.34,0.627
1960,S03,2025-02-22 16:00:00,21.94,38.35,0.886
1961,S03,2025-02-22 17:00:00,25.56,28.76,3.167
1962,S03,2025-02-22 18:00:00,23.49C,52.78,1.223
1963,S03,2025-02-22 19:00:00,26.61,48.49,0.832
1964,S03,2025-02-22 20:00:00,27.65C,64.39,2.224
1965,S03,2025-02-22 21:00:00,23.01,44.76,1.652
1966,S03,2025-02-22 22:00:00,21.44,40.2,0.574
1967,S03,2025-02-22 23:00:00,21.05C,55.54,1.072
1968,S03,2025-02-23 00:00:00,20.79,40.4,0.358
1969,S03,2025-02-23 01:00:00,22.71,55.47,1.235
1970,S03,2025-02-23 02:00:00,25.01,40.68,2.923
1971,S03,2025-02-23 03:00:00,16.49C,27.65,0.838
1972,S03,2025-02-23 04:00:00,23.33,42.16,1.073
1973,S03,2025-02-23 05:00:00,23.93,42.47,0.164
1974,S03,2025-02-23 06:00:00,28.17,50.72,0.499
1975,S03,2025-02-23 07:00:00,21.58,41.07,0.359
1976,S03,2025-02-23 08:00:00,21.07,48.01,1.362
1977,S03,2025-02-23 09:00:00,16.76,47.9,0.541
1978,S03,2025-02-23 10:00:00,19.14,36.88,0.762
1979,S03,2025-02-23 11:00:00,18.31,34.49,1.286
1980,S03,2025-02-23 12:00:00,18.75,38.12,0.463
1981,S03,2025-02-23 13:00:00,19.23,,1.496
1982,S03,2025-02-23 14:00:00,17.48,46.23,0.103
1983,S03,2025-02-23 15:00:00,21.95,51.71,0.805
1984,S03,2025-02-23 16:00:00,23.54,42.24,0.62
1985,S03,2025-02-23 17:00:00,24.82C,39.03,0.774
1986,S03,2025-02-23 18:00:00,22.4,33.77,0.911
1987,S03,2025-02-23 19:00:00,26.01C,51.65,0.54
1988,S03,2025-02-23 20:00:00,26.19,55.77,0.286
1989,S03,2025-02-23 21:00:00,18.59,24.0,
1990,S03,2025-02-23 22:00:00,22.47C,65.44,
1991,S03,2025-02-23 23:00:00,19.7,60.46,1.197
1992,S03,2025-02-24 00:00:00,17.06,40.1,0.858
1993,S03,2025-02-24 01:00:00,20.7,45.22,1.043
1994,S03,2025-02-24 02:00:00,19.92,46.84,
1995,S03,2025-02-24 03:00:00,24.84,49.13,1.24
1996,S03,2025-02-24 04:00:00,26.74,41.71,0.34
1997,S03,2025-02-24 05:00:00,22.01,,1.643
1998,S03,2025-02-24 06:00:00,20.33,51.59,1.113
1999,S03,2025-02-24 07:00:00,20.62C,69.33,1.027
2000,S03,2025-02-24 08:00:00,21.17,44.63,1.62
2001,S03,2025-02-24 09:00:00,23.08,38.98,1.445
2002,S03,2025-02-24 10:00:00,19.31C,55.15,2.502
2003,S03,2025-02-24 11:00:00,23.41,45.04,0.519
2004,S03,2025-02-24 12:00:00,21.08,46.81,2.275
2005,S03,2025-02-24 13:00:00,25.14,46.2,0.539
2006,S03,2025-02-24 14:00:00,26.21,41.79,0.052
2007,S03,2025-02-24 15:00:00,27.48,40.95,4.545
2008,S03,2025-02-24 16:00:00,21.95,,0.781
2009,S03,2025-02-24 17:00:00,18.52,37.88,0.208
2010,S03,2025-02-24 18:00:00,17.67,41.02,1.677
2011,S03,2025-02-24 19:00:00,22.0,63.2,1.337
2012,S03,2025-02-24 20:00:00,18.78,44.66,1.548
2013,S03,2025-02-24 21:00:00,18.24,37.64,0.956
2014,S03,2025-02-24 22:00:00,22.27,35.57,0.629
2015,S03,2025-02-24 23:00:00,20.53,56.94,1.618
2016,S03,2025-02-25 00:00:00,22.1C,39.39,1.835
2017,S03,2025-02-25 01:00:00,26.0,46.85,0.966
2018,S03,2025-02-25 02:00:00,19.66,28.44,4.63
2019,S03,2025-02-25 03:00:00,21.43,25.02,0.766
2020,S03,2025-02-25 04:00:00,15.91,47.69,0.741
2021,S03,2025-02-25 05:00:00,21.34,28.94,1.083
2022,S03,2025-02-25 06:00:00,18.84,47.35,2.611
2023,S03,2025-02-25 07:00:00,17.8,53.61,1.849
2024,S03,2025-02-25 08:00:00,15.67,37.06,0.07
2025,S03,2025-02-25 09:00:00,26.2,40.22,0.194
2026,S03,2025-02-25 10:00:00,16.71,40.83,2.422
2027,S03,2025-02-25 11:00:00,18.08,38.24,2.188
2028,S03,2025-02-25 12:00:00,21.88,41.23,1.241
2029,S03,2025-02-25 13:00:00,22.87,40.88,2.628
2030,S03,2025-02-25 14:00:00,23.04C,42.91,0.202
2031,S03,2025-02-25 15:00:00,22.64C,45.58,0.241
2032,S03,2025-02-25 16:00:00,19.79,50.02,0.203
2033,S03,2025-02-25 17:00:00,24.92,49.53,0.791
2034,S03,2025-02-25 18:00:00,23.35,45.61,0.47
2035,S03,2025-02-25 19:00:00,18.56,37.55,1.965
2036,S03,2025-02-25 20:00:00,27.88,49.87,0.313
2037,S03,2025-02-25 21:00:00,22.2,52.78,0.969
2038,S03,2025-02-25 22:00:00,26.22,46.47,1.024
2039,S03,2025-02-25 23:00:00,19.16,41.5,1.482
2040,S03,2025-02-26 00:00:00,16.51,65.78,1.83
2041,S03,2025-02-26 01:00:00,18.51,23.55,0.392
2042,S03,2025-02-26 02:00:00,18.31,,2.021
2043,S03,2025-02-26 03:00:00,23.57,47.3,1.212
2044,S03,2025-02-26 04:00:00,15.81,59.59,1.158
2045,S03,2025-02-26 05:00:00,21.33,62.9,0.376
2046,S03,2025-02-26 06:00:00,17.94,51.35,1.357
2047,S03,2025-02-26 07:00:00,22.69,40.83,0.244
2048,S03,2025-02-26 08:00:00,21.91,50.67,1.392
2049,S03,2025-02-26 09:00:00,19.79,34.1,3.088
2050,S03,2025-02-26 10:00:00,28.26,46.04,1.228
2051,S03,2025-02-26 11:00:00,21.61,37.88,1.33
2052,S03,2025-02-26 12:00:00,25.18,49.96,1.475
2053,S03,2025-02-26 13:00:00,18.06,28.37,1.535
2054,S03,2025-02-26 14:00:00,21.82,41.98,2.669
2055,S03,2025-02-26 15:00:00,22.61,47.13,0.083
2056,S03,2025-02-26 16:00:00,22.91,,1.73
2057,S03,2025-02-26 17:00:00,21.62,41.95,1.085
2058,S03,2025-02-26 18:00:00,20.31,38.03,1.334
2059,S03,2025-02-26 19:00:00,13.67,42.88,0.528
2060,S03,2025-02-26 20:00:00,21.4,59.27,1.392
2061,S03,2025-02-26 21:00:00,20.5,39.61,1.234
2062,S03,2025-02-26 22:00:00,22.64,32.87,1.336
2063,S03,2025-02-26 23:00:00,26.14,35.36,0.609
2064,S03,2025-02-27 00:00:00,26.76,41.06,1.082
2065,S03,2025-02-27 01:00:00,21.86,51.88,0.162
2066,S03,2025-02-27 02:00:00,23.47,42.66,0.35
2067,S03,2025-02-27 03:00:00,22.46,52.67,
2068,S03,2025-02-27 04:00:00,22.9,58.48,
2069,S03,2025-02-27 05:00:00,22.64,36.81,1.724
2070,S03,2025-02-27 06:00:00,20.24,47.39,0.624
2071,S03,2025-02-27 07:00:00,20.21,42.38,0.926
2072,S03,2025-02-27 08:00:00,22.33,54.1,1.424
2073,S03,2025-02-27 09:00:00,26.89,53.06,1.139
2074,S03,2025-02-27 10:00:00,23.99,48.88,1.834
2075,S03,2025-02-27 11:00:00,26.63,34.5,1.592
2076,S03,2025-02-27 12:00:00,18.06,41.87,0.43
2077,S03,2025-02-27 13:00:00,22.9,44.32,2.968
2078,S03,2025-02-27 14:00:00,23.45,44.38,1.587
2079,S03,2025-02-27 15:00:00,23.97C,39.2,2.545
2080,S03,2025-02-27 16:00:00,18.44,47.55,0.323
2081,S03,2025-02-27 17:00:00,17.18,49.32,3.747
2082,S03,2025-02-27 18:00:00,16.49,48.18,1.432
2083,S03,2025-02-27 19:00:00,21.82,37.67,0.506
2084,S03,2025-02-27 20:00:00,30.2,41.37,0.62
2085,S03,2025-02-27 21:00:00,23.97,33.98,0.714
2086,S03,2025-02-27 22:00:00,19.84,38.11,0.171
2087,S03,2025-02-27 23:00:00,24.64,50.96,0.321
2088,S03,2025-02-28 00:00:00,19.27,43.07,1.249
2089,S03,2025-02-28 01:00:00,20.84C,43.44,0.735
2090,S03,2025-02-28 02:00:00,19.12,55.32,0.748
2091,S03,2025-02-28 03:00:00,16.74,39.62,1.181
2092,S03,2025-02-28 04:00:00,19.19C,45.18,0.834
2093,S03,2025-02-28 05:00:00,23.08,31.04,2.103
2094,S03,2025-02-28 06:00:00,22.0,53.81,1.544
2095,S03,2025-02-28 07:00:00,24.91,43.36,1.193
2096,S03,2025-02-28 08:00:00,18.18,52.66,1.893
2097,S03,2025-02-28 09:00:00,24.7,52.43,0.794
2098,S03,2025-02-28 10:00:00,21.89,44.67,0.536
2099,S03,2025-02-28 11:00:00,22.44,50.36,0.129
2100,S03,2025-02-28 12:00:00,25.76,31.25,2.684
2101,S03,2025-02-28 13:00:00,21.78,39.96,0.529
2102,S03,2025-02-28 14:00:00,23.1,26.86,0.635
2103,S03,2025-02-28 15:00:00,24.41,54.43,1.541
2104,S03,2025-02-28 16:00:00,24.59,,3.931
2105,S03,2025-02-28 17:00:00,25.24,58.7,0.111
2106,S03,2025-02-28 18:00:00,26.83,58.0,1.2
2107,S03,2025-02-28 19:00:00,24.7,60.1,1.434
2108,S03,2025-02-28 20:00:00,21.95,43.33,1.203
2109,S03,2025-02-28 21:00:00,30.77,30.92,0.179
2110,S03,2025-02-28 22:00:00,23.49,41.33,2.531
2111,S03,2025-02-28 23:00:00,24.87,65.18,0.486
2112,S03,2025-03-01 00:00:00,18.05,50.5,0.475
2113,S03,2025-03-01 01:00:00,13.9,56.46,0.735
2114,S03,2025-03-01 02:00:00,18.26,52.61,1.532
2115,S03,2025-03-01 03:00:00,20.94,50.84,0.283
2116,S03,2025-03-01 04:00:00,22.49,42.12,1.557
2117,S03,2025-03-01 05:00:00,21.14,34.43,2.009
2118,S03,2025-03-01 06:00:00,23.59,53.74,0.418
2119,S03,2025-03-01 07:00:00,24.33,36.47,3.279
2120,S03,2025-03-01 08:00:00,24.47,61.1,1.347
2121,S03,2025-03-01 09:00:00,21.67,50.6,0.524
2122,S03,2025-03-01 10:00:00,22.06C,51.7,0.295
2123,S03,2025-03-01 11:00:00,21.32,45.46,3.597
2124,S03,2025-03-01 12:00:00,19.49,28.85,0.952
2125,S03,2025-03-01 13:00:00,26.54,36.76,0.511
2126,S03,2025-03-01 14:00:00,18.69,54.39,0.216
2127,S03,2025-03-01 15:00:00,22.35,33.13,0.048
2128,S03,2025-03-01 16:00:00,23.4,33.61,0.205
2129,S03,2025-03-01 17:00:00,16.45,59.61,1.281
2130,S03,2025-03-01 18:00:00,25.25,25.05,0.229
2131,S03,2025-03-01 19:00:00,22.12,44.42,2.449
2132,S03,2025-03-01 20:00:00,23.99,48.71,0.654
2133,S03,2025-03-01 21:00:00,22.48,64.21,0.476
2134,S03,2025-03-01 22:00:00,19.02,55.52,1.031
2135,S03,2025-03-01 23:00:00,24.36,49.53,0.384
2136,S03,2025-03-02 00:00:00,20.64,28.31,1.162
2137,S03,2025-03-02 01:00:00,23.47,42.63,0.783
2138,S03,2025-03-02 02:00:00,22.05,28.69,0.49
2139,S03,2025-03-02 03:00:00,15.73,47.85,6.164
2140,S03,2025-03-02 04:00:00,24.23C,31.81,1.766
2141,S03,2025-03-02 05:00:00,23.46,54.87,0.663
2142,S03,2025-03-02 06:00:00,23.53,51.39,0.57
2143,S03,2025-03-02 07:00:00,22.83,39.99,0.963
2144,S03,2025-03-02 08:00:00,19.41,49.29,0.209
2145,S03,2025-03-02 09:00:00,23.28C,47.35,0.995
2146,S03,2025-03-02 10:00:00,20.74C,46.31,2.608
2147,S03,2025-03-02 11:00:00,30.62,45.35,1.35
2148,S03,2025-03-02 12:00:00,21.42,52.37,0.871
2149,S03,2025-03-02 13:00:00,18.95,45.95,0.383
2150,S03,2025-03-02 14:00:00,21.41,41.65,3.068
2151,S03,2025-03-02 15:00:00,26.9,,0.162
2152,S03,2025-03-02 16:00:00,21.02,38.51,1.046
2153,S03,2025-03-02 17:00:00,15.55,57.12,1.353
2154,S03,2025-03-02 18:00:00,27.44,53.23,2.805
2155,S03,2025-03-02 19:00:00,24.16,25.41,1.592
2156,S03,2025-03-02 20:00:00,21.84C,42.47,1.12
2157,S03,2025-03-02 21:00:00,25.62C,44.04,2.444
2158,S03,2025-03-02 22:00:00,20.86,44.58,0.468
2159,S03,2025-03-02 23:00:00,20.26,50.0,0.949
2160,S04,2025-02-01 00:00:00,23.19C,58.09,0.529
2161,S04,2025-02-01 01:00:00,18.93,59.59,0.6
2162,S04,2025-02-01 02:00:00,22.22,26.46,0.383
2163,S04,2025-02-01 03:00:00,20.82,53.78,0.81
2164,S04,2025-02-01 04:00:00,23.43,27.04,0.523
2165,S04,2025-02-01 05:00:00,21.41,55.37,2.714
2166,S04,2025-02-01 06:00:00,15.08,49.55,0.691
2167,S04,2025-02-01 07:00:00,23.42,,2.951
2168,S04,2025-02-01 08:00:00,20.11,40.53,1.275
2169,S04,2025-02-01 09:00:00,24.33,40.53,0.712
2170,S04,2025-02-01 10:00:00,22.17,57.04,1.294
2171,S04,2025-02-01 11:00:00,26.25,39.71,1.257
2172,S04,2025-02-01 12:00:00,21.19,41.21,2.127
2173,S04,2025-02-01 13:00:00,16.11,49.16,0.509
2174,S04,2025-02-01 14:00:00,21.47,61.18,0.762
2175,S04,2025-02-01 15:00:00,24.12,39.56,2.765
2176,S04,2025-02-01 16:00:00,21.7,47.88,0.494
2177,S04,2025-02-01 17:00:00,21.47,38.14,0.478
2178,S04,2025-02-01 18:00:00,27.45,,2.662
2179,S04,2025-02-01 19:00:00,22.72,33.95,0.676
2180,S04,2025-02-01 20:00:00,26.49,48.94,0.92
2181,S04,2025-02-01 21:00:00,23.92,49.12,1.59
2182,S04,2025-02-01 22:00:00,19.29,,0.771
2183,S04,2025-02-01 23:00:00,20.95,56.34,0.607
2184,S04,2025-02-02 00:00:00,19.38,63.37,3.407
2185,S04,2025-02-02 01:00:00,21.4,45.31,1.081
2186,S04,2025-02-02 02:00:00,18.19,48.44,0.693
2187,S04,2025-02-02 03:00:00,16.53,47.1,0.242
2188,S04,2025-02-02 04:00:00,17.88,56.66,0.871
2189,S04,2025-02-02 05:00:00,19.5,,0.759
2190,S04,2025-02-02 06:00:00,18.57C,46.02,1.298
2191,S04,2025-02-02 07:00:00,19.62,,0.985
2192,S04,2025-02-02 08:00:00,27.11,37.9,0.532
2193,S04,2025-02-02 09:00:00,22.51,42.62,0.672
2194,S04,2025-02-02 10:00:00,19.36,45.36,2.726
2195,S04,2025-02-02 11:00:00,21.94,61.49,0.602
2196,S04,2025-02-02 12:00:00,26.85,53.63,1.47
2197,S04,2025-02-02 13:00:00,24.21,24.48,1.131
2198,S04,2025-02-02 14:00:00,22.11,40.14,1.462
2199,S04,2025-02-02 15:00:00,18.5,57.08,1.561
2200,S04,2025-02-02 16:00:00,17.61,,0.475
2201,S04,2025-02-02 17:00:00,21.84,,1.423
2202,S04,2025-02-02 18:00:00,22.69,,0.808
2203,S04,2025-02-02 19:00:00,18.29,60.47,0.422
2204,S04,2025-02-02 20:00:00,19.3,38.27,0.768
2205,S04,2025-02-02 21:00:00,23.33,41.19,0.72
2206,S04,2025-02-02 22:00:00,16.95,,0.678
2207,S04,2025-02-02 23:00:00,18.58,35.18,0.376
2208,S04,2025-02-03 00:00:00,20.15,55.48,0.677
2209,S04,2025-02-03 01:00:00,22.14,46.96,1.86
2210,S04,2025-02-03 02:00:00,21.56,47.06,1.692
2211,S04,2025-02-03 03:00:00,23.75,38.61,2.338
2212,S04,2025-02-03 04:00:00,25.64C,55.34,0.893
2213,S04,2025-02-03 05:00:00,23.75,41.77,0.217
2214,S04,2025-02-03 06:00:00,20.41,37.37,1.327
2215,S04,2025-02-03 07:00:00,27.75,43.47,0.878
2216,S04,2025-02-03 08:00:00,26.57,32.24,0.541
2217,S04,2025-02-03 09:00:00,24.49,39.52,0.499
2218,S04,2025-02-03 10:00:00,19.38,67.48,0.229
2219,S04,2025-02-03 11:00:00,23.18,37.39,0.425
2220,S04,2025-02-03 12:00:00,15.84,36.33,1.998
2221,S04,2025-02-03 13:00:00,21.28C,45.19,0.38
2222,S04,2025-02-03 14:00:00,14.96,48.19,0.657
2223,S04,2025-02-03 15:00:00,21.32,49.12,0.46
2224,S04,2025-02-03 16:00:00,25.81,47.45,1.826
2225,S04,2025-02-03 17:00:00,22.94,28.82,1.87
2226,S04,2025-02-03 18:00:00,27.88,40.49,0.558
2227,S04,2025-02-03 19:00:00,23.19,23.5,1.987
2228,S04,2025-02-03 20:00:00,23.65,51.9,1.573
2229,S04,2025-02-03 21:00:00,22.59C,49.07,0.366
2230,S04,2025-02-03 22:00:00,25.24,53.11,0.189
2231,S04,2025-02-03 23:00:00,23.7,30.0,1.721
2232,S04,2025-02-04 00:00:00,23.96,,0.403
2233,S04,2025-02-04 01:00:00,25.34,45.71,0.571
2234,S04,2025-02-04 02:00:00,21.78,35.27,0.281
2235,S04,2025-02-04 03:00:00,17.43,33.42,3.719
2236,S04,2025-02-04 04:00:00,22.64,36.87,1.415
2237,S04,2025-02-04 05:00:00,25.18,29.93,1.557
2238,S04,2025-02-04 06:00:00,23.22,26.98,0.554
2239,S04,2025-02-04 07:00:00,22.29,48.39,0.782
2240,S04,2025-02-04 08:00:00,24.39,47.85,2.52
2241,S04,2025-02-04 09:00:00,25.68,52.33,3.329
2242,S04,2025-02-04 10:00:00,14.03,47.9,1.263
2243,S04,2025-02-04 11:00:00,26.58,45.76,0.208
2244,S04,2025-02-04 12:00:00,24.5,49.17,0.782
2245,S04,2025-02-04 13:00:00,23.77,41.87,1.786
2246,S04,2025-02-04 14:00:00,20.81,45.97,0.443
2247,S04,2025-02-04 15:00:00,23.3,43.17,1.009
2248,S04,2025-02-04 16:00:00,24.6,22.67,0.273
2249,S04,2025-02-04 17:00:00,18.47,48.5,1.235
2250,S04,2025-02-04 18:00:00,25.32C,61.63,2.455
2251,S04,2025-02-04 19:00:00,23.44,59.79,3.412
2252,S04,2025-02-04 20:00:00,27.78,42.66,3.657
2253,S04,2025-02-04 21:00:00,25.56,48.3,0.615
2254,S04,2025-02-04 22:00:00,23.15,46.96,1.015
2255,S04,2025-02-04 23:00:00,23.99,61.86,2.836
2256,S04,2025-02-05 00:00:00,22.31,61.2,1.243
2257,S04,2025-02-05 01:00:00,20.97,37.45,1.522
2258,S04,2025-02-05 02:00:00,22.32,37.34,1.018
2259,S04,2025-02-05 03:00:00,18.69,40.4,1.895
2260,S04,2025-02-05 04:00:00,17.23,39.11,0.473
2261,S04,2025-02-05 05:00:00,19.41,59.98,1.133
2262,S04,2025-02-05 06:00:00,16.99,26.18,0.152
2263,S04,2025-02-05 07:00:00,19.1,34.0,1.171
2264,S04,2025-02-05 08:00:00,22.64,31.09,0.405
2265,S04,2025-02-05 09:00:00,16.83,38.34,0.952
2266,S04,2025-02-05 10:00:00,18.19,51.01,1.342
2267,S04,2025-02-05 11:00:00,24.24,34.33,
2268,S04,2025-02-05 12:00:00,20.59,52.75,0.142
2269,S04,2025-02-05 13:00:00,22.3,61.13,1.008
2270,S04,2025-02-05 14:00:00,18.77,46.6,0.493
2271,S04,2025-02-05 15:00:00,19.5,56.76,2.035
2272,S04,2025-02-05 16:00:00,21.87,42.74,1.219
2273,S04,2025-02-05 17:00:00,27.83,48.45,0.267
2274,S04,2025-02-05 18:00:00,24.41,42.28,0.136
2275,S04,2025-02-05 19:00:00,18.21,55.86,2.58
2276,S04,2025-02-05 20:00:00,24.72,48.26,2.251
2277,S04,2025-02-05 21:00:00,26.3,51.47,1.858
2278,S04,2025-02-05 22:00:00,25.75C,53.76,0.404
2279,S04,2025-02-05 23:00:00,20.16,55.13,1.679
2280,S04,2025-02-06 00:00:00,20.18,35.64,0.624
2281,S04,2025-02-06 01:00:00,26.9,47.67,1.074
2282,S04,2025-02-06 02:00:00,17.88,37.97,0.628
2283,S04,2025-02-06 03:00:00,21.83,41.18,2.592
2284,S04,2025-02-06 04:00:00,18.73,44.96,0.801
2285,S04,2025-02-06 05:00:00,17.32C,,1.399
2286,S04,2025-02-06 06:00:00,19.99,44.8,1.196
2287,S04,2025-02-06 07:00:00,24.52,42.77,0.676
2288,S04,2025-02-06 08:00:00,25.06C,57.8,0.679
2289,S04,2025-02-06 09:00:00,19.09,49.55,0.862
2290,S04,2025-02-06 10:00:00,20.46C,24.29,0.913
2291,S04,2025-02-06 11:00:00,19.37,48.92,1.686
2292,S04,2025-02-06 12:00:00,15.95,,1.34
2293,S04,2025-02-06 13:00:00,24.15,51.5,2.471
2294,S04,2025-02-06 14:00:00,27.16,52.56,2.09
2295,S04,2025-02-06 15:00:00,27.14,61.47,0.476
2296,S04,2025-02-06 16:00:00,21.39,41.61,1.374
2297,S04,2025-02-06 17:00:00,26.92,53.58,1.658
2298,S04,2025-02-06 18:00:00,26.36C,43.41,1.88
2299,S04,2025-02-06 19:00:00,22.23,38.48,1.687
2300,S04,2025-02-06 20:00:00,23.38,29.86,2.069
2301,S04,2025-02-06 21:00:00,22.44C,47.78,1.973
2302,S04,2025-02-06 22:00:00,24.41,59.29,1.908
2303,S04,2025-02-06 23:00:00,29.29,43.0,0.944
2304,S04,2025-02-07 00:00:00,17.62,55.5,0.812
2305,S04,2025-02-07 01:00:00,16.97,45.91,0.945
2306,S04,2025-02-07 02:00:00,23.32,53.12,1.265
2307,S04,2025-02-07 03:00:00,21.03,43.54,0.62
2308,S04,2025-02-07 04:00:00,15.34,50.49,0.651
2309,S04,2025-02-07 05:00:00,18.12,,0.134
2310,S04,2025-02-07 06:00:00,18.83,52.29,2.075
2311,S04,2025-02-07 07:00:00,19.64,63.48,1.74
2312,S04,2025-02-07 08:00:00,22.58,55.75,1.16
2313,S04,2025-02-07 09:00:00,24.75,39.9,2.32
2314,S04,2025-02-07 10:00:00,21.43,,1.217
2315,S04,2025-02-07 11:00:00,22.52C,47.08,0.587
2316,S04,2025-02-07 12:00:00,19.99,34.08,
2317,S04,2025-02-07 13:00:00,25.44,43.95,1.368
2318,S04,2025-02-07 14:00:00,26.56,54.9,4.695
2319,S04,2025-02-07 15:00:00,21.89,23.04,
2320,S04,2025-02-07 16:00:00,20.61,42.58,0.149
2321,S04,2025-02-07 17:00:00,29.19,43.56,0.33
2322,S04,2025-02-07 18:00:00,25.91,52.34,0.227
2323,S04,2025-02-07 19:00:00,20.6,49.17,1.817
2324,S04,2025-02-07 20:00:00,18.36,61.76,0.307
2325,S04,2025-02-07 21:00:00,22.7C,49.48,1.098
2326,S04,2025-02-07 22:00:00,27.33,52.06,0.203
2327,S04,2025-02-07 23:00:00,22.25,25.5,1.191
2328,S04,2025-02-08 00:00:00,19.7,45.14,0.749
2329,S04,2025-02-08 01:00:00,19.11,42.06,1.818
2330,S04,2025-02-08 02:00:00,22.69,44.7,1.989
2331,S04,2025-02-08 03:00:00,25.08,55.38,1.971
2332,S04,2025-02-08 04:00:00,17.26C,33.2,1.089
2333,S04,2025-02-08 05:00:00,20.33,19.99,1.376
2334,S04,2025-02-08 06:00:00,20.75,63.12,1.927
2335,S04,2025-02-08 07:00:00,19.63,43.55,0.202
2336,S04,2025-02-08 08:00:00,18.06,41.38,1.694
2337,S04,2025-02-08 09:00:00,24.26,59.2,
2338,S04,2025-02-08 10:00:00,22.42,53.16,1.593
2339,S04,2025-02-08 11:00:00,24.26C,47.19,0.68
2340,S04,2025-02-08 12:00:00,26.8,48.33,0.784
2341,S04,2025-02-08 13:00:00,21.31,52.52,2.837
2342,S04,2025-02-08 14:00:00,24.18,36.35,0.274
2343,S04,2025-02-08 15:00:00,21.49,46.48,1.89
2344,S04,2025-02-08 16:00:00,22.59,65.64,0.582
2345,S04,2025-02-08 17:00:00,24.01,51.01,1.284
2346,S04,2025-02-08 18:00:00,22.67,,1.242
2347,S04,2025-02-08 19:00:00,18.78,65.18,0.756
2348,S04,2025-02-08 20:00:00,27.99,47.91,0.857
2349,S04,2025-02-08 21:00:00,24.06,61.67,0.188
2350,S04,2025-02-08 22:00:00,20.32,48.87,1.053
2351,S04,2025-02-08 23:00:00,17.28,43.57,1.086
2352,S04,2025-02-09 00:00:00,20.39,49.58,0.546
2353,S04,2025-02-09 01:00:00,22.58,48.61,2.055
2354,S04,2025-02-09 02:00:00,23.8,32.09,0.125
2355,S04,2025-02-09 03:00:00,24.27,65.94,1.429
2356,S04,2025-02-09 04:00:00,19.92,50.82,1.014
2357,S04,2025-02-09 05:00:00,23.15,67.21,1.279
2358,S04,2025-02-09 06:00:00,16.73,38.45,1.247
2359,S04,2025-02-09 07:00:00,21.97,42.01,2.85
2360,S04,2025-02-09 08:00:00,24.42,33.38,1.193
2361,S04,2025-02-09 09:00:00,19.98,44.03,1.261
2362,S04,2025-02-09 10:00:00,21.48,51.98,0.513
2363,S04,2025-02-09 11:00:00,22.44,66.21,0.674
2364,S04,2025-02-09 12:00:00,22.68,41.25,1.391
2365,S04,2025-02-09 13:00:00,26.89,42.48,2.228
2366,S04,2025-02-09 14:00:00,19.32C,55.36,1.674
2367,S04,2025-02-09 15:00:00,26.74,50.74,3.664
2368,S04,2025-02-09 16:00:00,19.12,39.21,1.005
2369,S04,2025-02-09 17:00:00,21.01,41.16,1.074
2370,S04,2025-02-09 18:00:00,20.84,39.11,1.093
2371,S04,2025-02-09 19:00:00,23.06,57.57,1.046
2372,S04,2025-02-09 20:00:00,21.98,40.01,0.14
2373,S04,2025-02-09 21:00:00,25.07,42.35,1.604
2374,S04,2025-02-09 22:00:00,23.8,57.17,
2375,S04,2025-02-09 23:00:00,30.53,,3.589
2376,S04,2025-02-10 00:00:00,21.63,55.87,0.415
2377,S04,2025-02-10 01:00:00,19.86C,31.6,1.223
2378,S04,2025-02-10 02:00:00,21.89,39.26,0.413
2379,S04,2025-02-10 03:00:00,22.71,59.21,0.455
2380,S04,2025-02-10 04:00:00,20.5,51.54,0.284
2381,S04,2025-02-10 05:00:00,17.87,36.58,0.455
2382,S04,2025-02-10 06:00:00,18.95,34.0,0.673
2383,S04,2025-02-10 07:00:00,22.05,29.37,1.038
2384,S04,2025-02-10 08:00:00,24.17,48.86,1.286
2385,S04,2025-02-10 09:00:00,23.27,42.99,0.42
2386,S04,2025-02-10 10:00:00,21.71,48.47,1.197
2387,S04,2025-02-10 11:00:00,23.81C,44.67,1.58
2388,S04,2025-02-10 12:00:00,20.79,72.93,1.09
2389,S04,2025-02-10 13:00:00,23.2,57.8,0.493
2390,S04,2025-02-10 14:00:00,26.84,30.35,1.668
2391,S04,2025-02-10 15:00:00,26.07,48.0,0.718
2392,S04,2025-02-10 16:00:00,26.94,33.26,0.564
2393,S04,2025-02-10 17:00:00,21.91,47.64,2.065
2394,S04,2025-02-10 18:00:00,23.78,42.58,3.836
2395,S04,2025-02-10 19:00:00,20.29,47.76,3.766
2396,S04,2025-02-10 20:00:00,26.22,42.04,4.252
2397,S04,2025-02-10 21:00:00,22.34,24.72,1.418
2398,S04,2025-02-10 22:00:00,19.8,51.38,1.072
2399,S04,2025-02-10 23:00:00,22.42,,0.967
2400,S04,2025-02-11 00:00:00,21.22,36.21,1.301
2401,S04,2025-02-11 01:00:00,13.98,38.0,1.006
2402,S04,2025-02-11 02:00:00,16.51,47.01,2.289
2403,S04,2025-02-11 03:00:00,23.87,,1.1
2404,S04,2025-02-11 04:00:00,21.35,43.71,3.5
2405,S04,2025-02-11 05:00:00,21.07,46.06,0.233
2406,S04,2025-02-11 06:00:00,16.53,64.45,2.943
2407,S04,2025-02-11 07:00:00,26.26,38.79,0.138
2408,S04,2025-02-11 08:00:00,24.74,47.92,0.793
2409,S04,2025-02-11 09:00:00,23.91,51.9,1.479
2410,S04,2025-02-11 10:00:00,18.62,43.62,0.441
2411,S04,2025-02-11 11:00:00,23.84,47.32,3.708
2412,S04,2025-02-11 12:00:00,25.69,55.04,1.584
2413,S04,2025-02-11 13:00:00,21.42,38.9,0.248
2414,S04,2025-02-11 14:00:00,21.81C,16.85,0.822
2415,S04,2025-02-11 15:00:00,21.28,42.57,2.418
2416,S04,2025-02-11 16:00:00,24.65,48.37,3.073
2417,S04,2025-02-11 17:00:00,22.29,50.5,0.384
2418,S04,2025-02-11 18:00:00,22.2,50.36,0.58
2419,S04,2025-02-11 19:00:00,18.94,57.09,0.916
2420,S04,2025-02-11 20:00:00,18.46,46.15,1.034
2421,S04,2025-02-11 21:00:00,26.41,39.55,0.858
2422,S04,2025-02-11 22:00:00,28.47,34.25,2.112
2423,S04,2025-02-11 23:00:00,26.49,32.43,0.423
2424,S04,2025-02-12 00:00:00,24.7C,54.9,0.548
2425,S04,2025-02-12 01:00:00,18.98,39.34,1.029
2426,S04,2025-02-12 02:00:00,20.6,37.29,1.495
2427,S04,2025-02-12 03:00:00,22.01,60.17,0.919
2428,S04,2025-02-12 04:00:00,20.55,32.23,0.698
2429,S04,2025-02-12 05:00:00,26.2,53.85,1.245
2430,S04,2025-02-12 06:00:00,17.36,35.26,2.224
2431,S04,2025-02-12 07:00:00,19.77,40.02,0.303
2432,S04,2025-02-12 08:00:00,20.59,,0.768
2433,S04,2025-02-12 09:00:00,19.67,48.99,0.605
2434,S04,2025-02-12 10:00:00,24.47C,41.61,3.601
2435,S04,2025-02-12 11:00:00,16.1,54.43,1.588
2436,S04,2025-02-12 12:00:00,25.65C,39.03,0.408
2437,S04,2025-02-12 13:00:00,25.1,63.78,0.438
2438,S04,2025-02-12 14:00:00,23.49,41.31,0.822
2439,S04,2025-02-12 15:00:00,26.88,27.01,1.364
2440,S04,2025-02-12 16:00:00,29.89,35.44,2.506
2441,S04,2025-02-12 17:00:00,23.54C,35.59,0.512
2442,S04,2025-02-12 18:00:00,25.34,47.94,1.438
2443,S04,2025-02-12 19:00:00,24.48,31.34,0.958
2444,S04,2025-02-12 20:00:00,25.02,56.69,0.799
2445,S04,2025-02-12 21:00:00,22.09,35.95,0.307
2446,S04,2025-02-12 22:00:00,21.6,39.96,1.979
2447,S04,2025-02-12 23:00:00,25.74,55.76,0.435
2448,S04,2025-02-13 00:00:00,18.9,23.73,1.431
2449,S04,2025-02-13 01:00:00,23.41,66.23,2.01
2450,S04,2025-02-13 02:00:00,23.16,36.25,2.499
2451,S04,2025-02-13 03:00:00,19.59,25.67,2.422
2452,S04,2025-02-13 04:00:00,22.17,60.17,1.126
2453,S04,2025-02-13 05:00:00,21.47,42.87,0.467
2454,S04,2025-02-13 06:00:00,20.97,27.06,1.692
2455,S04,2025-02-13 07:00:00,24.94,51.32,0.49
2456,S04,2025-02-13 08:00:00,21.81,61.33,1.864
2457,S04,2025-02-13 09:00:00,22.54C,61.37,1.463
2458,S04,2025-02-13 10:00:00,16.18,51.11,1.695
2459,S04,2025-02-13 11:00:00,23.94,35.04,0.925
2460,S04,2025-02-13 12:00:00,17.98,39.64,0.917
2461,S04,2025-02-13 13:00:00,21.29,53.43,1.62
2462,S04,2025-02-13 14:00:00,27.42,49.57,0.18
2463,S04,2025-02-13 15:00:00,28.1,42.12,0.917
2464,S04,2025-02-13 16:00:00,21.73,59.83,1.156
2465,S04,2025-02-13 17:00:00,19.29,,1.903
2466,S04,2025-02-13 18:00:00,24.4,,1.515
2467,S04,2025-02-13 19:00:00,22.16,33.95,0.863
2468,S04,2025-02-13 20:00:00,24.52,39.98,1.543
2469,S04,2025-02-13 21:00:00,19.62C,44.17,0.918
2470,S04,2025-02-13 22:00:00,27.16,53.18,1.118
2471,S04,2025-02-13 23:00:00,28.6,57.38,1.353
2472,S04,2025-02-14 00:00:00,16.17,29.22,1.083
2473,S04,2025-02-14 01:00:00,18.35,35.66,1.299
2474,S04,2025-02-14 02:00:00,18.73C,37.94,0.023
2475,S04,2025-02-14 03:00:00,23.16,43.66,0.683
2476,S04,2025-02-14 04:00:00,15.22,36.86,
2477,S04,2025-02-14 05:00:00,21.89,33.88,0.465
2478,S04,2025-02-14 06:00:00,20.73,60.51,0.493
2479,S04,2025-02-14 07:00:00,19.19,52.4,0.372
2480,S04,2025-02-14 08:00:00,23.82,45.41,0.852
2481,S04,2025-02-14 09:00:00,16.02,54.57,0.41
2482,S04,2025-02-14 10:00:00,17.91,42.82,0.733
2483,S04,2025-02-14 11:00:00,19.82,29.36,2.933
2484,S04,2025-02-14 12:00:00,24.45,26.04,
2485,S04,2025-02-14 13:00:00,21.43,51.4,0.364
2486,S04,2025-02-14 14:00:00,20.13,44.45,0.522
2487,S04,2025-02-14 15:00:00,24.21,44.23,0.858
2488,S04,2025-02-14 16:00:00,21.48,34.85,0.565
2489,S04,2025-02-14 17:00:00,21.14,46.63,2.009
2490,S04,2025-02-14 18:00:00,22.32,47.6,0.261
2491,S04,2025-02-14 19:00:00,24.4,59.29,0.117
2492,S04,2025-02-14 20:00:00,31.61,58.34,0.776
2493,S04,2025-02-14 21:00:00,20.42,38.79,0.97
2494,S04,2025-02-14 22:00:00,24.67,64.07,0.438
2495,S04,2025-02-14 23:00:00,23.53,54.77,2.908
2496,S04,2025-02-15 00:00:00,19.77,60.96,0.269
2497,S04,2025-02-15 01:00:00,25.25,43.63,1.193
2498,S04,2025-02-15 02:00:00,23.17,55.84,0.806
2499,S04,2025-02-15 03:00:00,23.02C,29.13,0.299
2500,S04,2025-02-15 04:00:00,19.8,57.59,0.761
2501,S04,2025-02-15 05:00:00,18.78,37.81,1.053
2502,S04,2025-02-15 06:00:00,22.35,49.7,2.165
2503,S04,2025-02-15 07:00:00,20.76,38.5,0.159
2504,S04,2025-02-15 08:00:00,20.05,45.47,2.564
2505,S04,2025-02-15 09:00:00,23.94,46.13,0.755
2506,S04,2025-02-15 10:00:00,18.46,32.05,1.228
2507,S04,2025-02-15 11:00:00,20.05,46.86,1.1
2508,S04,2025-02-15 12:00:00,24.74,55.39,1.157
2509,S04,2025-02-15 13:00:00,22.29,46.43,1.425
2510,S04,2025-02-15 14:00:00,24.69,57.24,2.582
2511,S04,2025-02-15 15:00:00,20.29,69.12,0.719
2512,S04,2025-02-15 16:00:00,25.1,46.79,0.462
2513,S04,2025-02-15 17:00:00,21.02,59.66,0.441
2514,S04,2025-02-15 18:00:00,27.36,,0.335
2515,S04,2025-02-15 19:00:00,25.82,33.8,1.614
2516,S04,2025-02-15 20:00:00,25.0,,1.168
2517,S04,2025-02-15 21:00:00,28.36,33.08,2.236
2518,S04,2025-02-15 22:00:00,24.96,45.97,4.148
2519,S04,2025-02-15 23:00:00,22.17,68.97,1.582
2520,S04,2025-02-16 00:00:00,25.27,38.31,1.773
2521,S04,2025-02-16 01:00:00,21.81,33.92,0.502
2522,S04,2025-02-16 02:00:00,24.58,41.67,0.96
2523,S04,2025-02-16 03:00:00,21.53,49.99,0.998
2524,S04,2025-02-16 04:00:00,24.71,54.25,1.341
2525,S04,2025-02-16 05:00:00,18.79,39.47,0.385
2526,S04,2025-02-16 06:00:00,17.75,38.99,0.384
2527,S04,2025-02-16 07:00:00,17.48,51.68,1.664
2528,S04,2025-02-16 08:00:00,24.12,44.69,0.315
2529,S04,2025-02-16 09:00:00,16.11C,56.0,1.356
2530,S04,2025-02-16 10:00:00,16.81,37.07,0.458
2531,S04,2025-02-16 11:00:00,18.05C,59.99,1.237
2532,S04,2025-02-16 12:00:00,23.15,48.3,1.168
2533,S04,2025-02-16 13:00:00,23.91,44.93,0.222
2534,S04,2025-02-16 14:00:00,20.31,,0.931
2535,S04,2025-02-16 15:00:00,25.27,42.14,0.665
2536,S04,2025-02-16 16:00:00,24.02,44.37,1.881
2537,S04,2025-02-16 17:00:00,26.84,57.14,0.825
2538,S04,2025-02-16 18:00:00,26.19,47.2,0.642
2539,S04,2025-02-16 19:00:00,21.45,35.07,0.51
2540,S04,2025-02-16 20:00:00,24.27,31.19,0.852
2541,S04,2025-02-16 21:00:00,23.33,54.57,1.011
2542,S04,2025-02-16 22:00:00,25.36,33.42,
2543,S04,2025-02-16 23:00:00,24.73,63.36,0.775
2544,S04,2025-02-17 00:00:00,20.75,48.07,0.413
2545,S04,2025-02-17 01:00:00,22.96,40.11,0.963
2546,S04,2025-02-17 02:00:00,21.17,36.88,0.987
2547,S04,2025-02-17 03:00:00,23.33,59.72,1.48
2548,S04,2025-02-17 04:00:00,21.39C,43.85,0.067
2549,S04,2025-02-17 05:00:00,20.96,47.15,1.511
2550,S04,2025-02-17 06:00:00,24.35C,24.65,2.752
2551,S04,2025-02-17 07:00:00,24.59,46.87,0.56
2552,S04,2025-02-17 08:00:00,25.6C,34.83,1.413
2553,S04,2025-02-17 09:00:00,23.93,21.88,0.447
2554,S04,2025-02-17 10:00:00,21.56,42.87,
2555,S04,2025-02-17 11:00:00,22.91,43.95,0.547
2556,S04,2025-02-17 12:00:00,22.96,32.5,0.336
2557,S04,2025-02-17 13:00:00,17.38,74.33,0.205
2558,S04,2025-02-17 14:00:00,19.43,33.23,0.995
2559,S04,2025-02-17 15:00:00,27.51,36.03,0.778
2560,S04,2025-02-17 16:00:00,22.91,48.08,0.195
2561,S04,2025-02-17 17:00:00,14.7,,0.679
2562,S04,2025-02-17 18:00:00,23.04,48.08,0.86
2563,S04,2025-02-17 19:00:00,24.02,42.46,0.457
2564,S04,2025-02-17 20:00:00,20.01,61.07,2.044
2565,S04,2025-02-17 21:00:00,30.65,36.83,1.078
2566,S04,2025-02-17 22:00:00,27.36,26.09,0.212
2567,S04,2025-02-17 23:00:00,26.57,34.39,0.909
2568,S04,2025-02-18 00:00:00,20.12,43.62,0.358
2569,S04,2025-02-18 01:00:00,22.28,,0.874
2570,S04,2025-02-18 02:00:00,23.51,65.8,0.414
2571,S04,2025-02-18 03:00:00,22.56,,1.288
2572,S04,2025-02-18 04:00:00,19.28,40.42,2.588
2573,S04,2025-02-18 05:00:00,22.0,39.55,1.152
2574,S04,2025-02-18 06:00:00,21.98,36.65,0.79
2575,S04,2025-02-18 07:00:00,22.6,52.64,0.141
2576,S04,2025-02-18 08:00:00,18.76,32.81,2.179
2577,S04,2025-02-18 09:00:00,22.81,59.42,0.333
2578,S04,2025-02-18 10:00:00,22.17,35.38,2.685
2579,S04,2025-02-18 11:00:00,23.02,38.27,1.016
2580,S04,2025-02-18 12:00:00,23.06,45.66,1.201
2581,S04,2025-02-18 13:00:00,18.3,28.2,1.503
2582,S04,2025-02-18 14:00:00,25.31,46.51,2.389
2583,S04,2025-02-18 15:00:00,25.14,44.96,0.376
2584,S04,2025-02-18 16:00:00,19.03,59.05,2.05
2585,S04,2025-02-18 17:00:00,22.91,52.69,3.027
2586,S04,2025-02-18 18:00:00,20.79,20.06,0.319
2587,S04,2025-02-18 19:00:00,22.13,48.95,1.101
2588,S04,2025-02-18 20:00:00,26.63,34.76,0.453
2589,S04,2025-02-18 21:00:00,25.36,35.03,1.162
2590,S04,2025-02-18 22:00:00,29.84,36.41,0.804
2591,S04,2025-02-18 23:00:00,24.33,65.89,1.893
2592,S04,2025-02-19 00:00:00,17.26,40.64,0.796
2593,S04,2025-02-19 01:00:00,21.09,45.21,1.906
2594,S04,2025-02-19 02:00:00,13.58,54.46,0.365
2595,S04,2025-02-19 03:00:00,26.36,64.03,0.484
2596,S04,2025-02-19 04:00:00,21.95,41.12,1.564
2597,S04,2025-02-19 05:00:00,22.65,46.6,1.667
2598,S04,2025-02-19 06:00:00,21.91,47.81,0.673
2599,S04,2025-02-19 07:00:00,19.05,45.98,0.624
2600,S04,2025-02-19 08:00:00,21.38,42.92,0.202
2601,S04,2025-02-19 09:00:00,19.53,33.35,1.049
2602,S04,2025-02-19 10:00:00,20.49,39.74,
2603,S04,2025-02-19 11:00:00,23.15,36.79,1.293
2604,S04,2025-02-19 12:00:00,18.7,34.76,1.285
2605,S04,2025-02-19 13:00:00,27.34,39.44,0.41
2606,S04,2025-02-19 14:00:00,19.39,44.36,0.48
2607,S04,2025-02-19 15:00:00,25.2,38.07,1.242
2608,S04,2025-02-19 16:00:00,20.94,40.91,0.146
2609,S04,2025-02-19 17:00:00,19.28,54.32,0.786
2610,S04,2025-02-19 18:00:00,24.28,52.65,1.132
2611,S04,2025-02-19 19:00:00,23.76,34.98,0.218
2612,S04,2025-02-19 20:00:00,22.73,26.33,1.063
2613,S04,2025-02-19 21:00:00,23.36,71.16,4.843
2614,S04,2025-02-19 22:00:00,21.82,42.99,1.379
2615,S04,2025-02-19 23:00:00,25.09,63.2,1.551
2616,S04,2025-02-20 00:00:00,18.92,44.48,1.208
2617,S04,2025-02-20 01:00:00,20.56,63.31,0.326
2618,S04,2025-02-20 02:00:00,23.95,49.53,1.482
2619,S04,2025-02-20 03:00:00,16.83,44.28,1.58
2620,S04,2025-02-20 04:00:00,19.21,39.24,0.472
2621,S04,2025-02-20 05:00:00,19.04,43.33,0.799
2622,S04,2025-02-20 06:00:00,18.82,35.65,0.648
2623,S04,2025-02-20 07:00:00,17.32,48.1,0.847
2624,S04,2025-02-20 08:00:00,20.67,44.57,0.875
2625,S04,2025-02-20 09:00:00,22.08,50.5,0.197
2626,S04,2025-02-20 10:00:00,21.43,50.66,1.257
2627,S04,2025-02-20 11:00:00,17.15,33.81,0.632
2628,S04,2025-02-20 12:00:00,24.08,48.22,1.22
2629,S04,2025-02-20 13:00:00,24.31,45.43,0.099
2630,S04,2025-02-20 14:00:00,22.56,,0.649
2631,S04,2025-02-20 15:00:00,19.51,,0.347
2632,S04,2025-02-20 16:00:00,20.09,40.92,1.134
2633,S04,2025-02-20 17:00:00,28.59,23.29,
2634,S04,2025-02-20 18:00:00,28.07,44.55,
2635,S04,2025-02-20 19:00:00,24.5,44.42,2.123
2636,S04,2025-02-20 20:00:00,20.51,34.75,2.289
2637,S04,2025-02-20 21:00:00,27.14C,49.18,0.242
2638,S04,2025-02-20 22:00:00,24.05,42.53,2.508
2639,S04,2025-02-20 23:00:00,28.66,51.72,0.547
2640,S04,2025-02-21 00:00:00,18.51C,32.02,0.349
2641,S04,2025-02-21 01:00:00,21.76,47.73,0.72
2642,S04,2025-02-21 02:00:00,19.89,42.84,0.531
2643,S04,2025-02-21 03:00:00,22.91,42.68,0.406
2644,S04,2025-02-21 04:00:00,18.92,54.87,0.633
2645,S04,2025-02-21 05:00:00,23.7C,38.65,2.046
2646,S04,2025-02-21 06:00:00,19.96,40.76,0.431
2647,S04,2025-02-21 07:00:00,18.61,52.69,1.658
2648,S04,2025-02-21 08:00:00,23.11,29.25,0.976
2649,S04,2025-02-21 09:00:00,22.26,51.94,0.55
2650,S04,2025-02-21 10:00:00,15.41C,37.46,1.043
2651,S04,2025-02-21 11:00:00,21.74,21.25,0.644
2652,S04,2025-02-21 12:00:00,22.31C,59.33,1.568
2653,S04,2025-02-21 13:00:00,22.71,,1.16
2654,S04,2025-02-21 14:00:00,28.41,45.74,1.589
2655,S04,2025-02-21 15:00:00,20.54,34.31,
2656,S04,2025-02-21 16:00:00,22.56,26.46,0.989
2657,S04,2025-02-21 17:00:00,17.69,47.87,0.397
2658,S04,2025-02-21 18:00:00,18.56,60.28,1.431
2659,S04,2025-02-21 19:00:00,21.35,29.12,1.932
2660,S04,2025-02-21 20:00:00,22.81,44.08,0.629
2661,S04,2025-02-21 21:00:00,22.76,60.66,0.785
2662,S04,2025-02-21 22:00:00,25.4,52.75,0.845
2663,S04,2025-02-21 23:00:00,25.84,42.65,2.681
2664,S04,2025-02-22 00:00:00,23.21C,65.68,0.26
2665,S04,2025-02-22 01:00:00,19.86,31.28,2.709
2666,S04,2025-02-22 02:00:00,21.97,49.89,1.513
2667,S04,2025-02-22 03:00:00,18.51,55.33,2.644
2668,S04,2025-02-22 04:00:00,21.88,30.53,1.413
2669,S04,2025-02-22 05:00:00,22.39,39.4,1.165
2670,S04,2025-02-22 06:00:00,19.6,40.19,1.289
2671,S04,2025-02-22 07:00:00,11.63,73.09,3.736
2672,S04,2025-02-22 08:00:00,19.45,43.86,1.414
2673,S04,2025-02-22 09:00:00,29.24,43.41,2.259
2674,S04,2025-02-22 10:00:00,21.4,38.79,0.41
2675,S04,2025-02-22 11:00:00,19.94,71.14,0.358
2676,S04,2025-02-22 12:00:00,22.31,65.32,0.986
2677,S04,2025-02-22 13:00:00,25.48,35.59,1.027
2678,S04,2025-02-22 14:00:00,23.29,36.86,0.189
2679,S04,2025-02-22 15:00:00,21.83,50.8,0.541
2680,S04,2025-02-22 16:00:00,18.76,46.8,1.077
2681,S04,2025-02-22 17:00:00,21.86,48.57,1.619
2682,S04,2025-02-22 18:00:00,19.32,37.2,1.404
2683,S04,2025-02-22 19:00:00,24.1,26.01,0.549
2684,S04,2025-02-22 20:00:00,27.7,46.33,0.312
2685,S04,2025-02-22 21:00:00,26.5,34.94,1.892
2686,S04,2025-02-22 22:00:00,21.72,71.71,0.702
2687,S04,2025-02-22 23:00:00,20.69,46.81,0.105
2688,S04,2025-02-23 00:00:00,16.02,47.72,2.224
2689,S04,2025-02-23 01:00:00,21.66,49.3,0.779
2690,S04,2025-02-23 02:00:00,22.19,38.52,1.47
2691,S04,2025-02-23 03:00:00,23.0,47.09,2.672
2692,S04,2025-02-23 04:00:00,21.8,33.57,1.066
2693,S04,2025-02-23 05:00:00,17.31,45.06,1.725
2694,S04,2025-02-23 06:00:00,15.33,49.93,1.145
2695,S04,2025-02-23 07:00:00,24.57,45.35,0.612
2696,S04,2025-02-23 08:00:00,18.86,16.18,1.45
2697,S04,2025-02-23 09:00:00,27.2,50.94,0.959
2698,S04,2025-02-23 10:00:00,15.35,36.96,0.862
2699,S04,2025-02-23 11:00:00,18.51,54.98,1.523
2700,S04,2025-02-23 12:00:00,19.16,45.91,2.244
2701,S04,2025-02-23 13:00:00,22.9,44.83,0.873
2702,S04,2025-02-23 14:00:00,24.25,49.97,1.767
2703,S04,2025-02-23 15:00:00,20.75,38.34,0.644
2704,S04,2025-02-23 16:00:00,24.34,45.56,1.628
2705,S04,2025-02-23 17:00:00,18.8,41.34,1.241
2706,S04,2025-02-23 18:00:00,21.35,50.79,1.127
2707,S04,2025-02-23 19:00:00,19.37,54.41,0.156
2708,S04,2025-02-23 20:00:00,21.48C,36.61,0.428
2709,S04,2025-02-23 21:00:00,21.37,40.57,1.405
2710,S04,2025-02-23 22:00:00,24.35,36.81,0.479
2711,S04,2025-02-23 23:00:00,33.9,63.74,1.356
2712,S04,2025-02-24 00:00:00,16.03,,0.467
2713,S04,2025-02-24 01:00:00,19.68,44.33,0.981
2714,S04,2025-02-24 02:00:00,22.49,42.71,0.756
2715,S04,2025-02-24 03:00:00,20.8,35.6,0.804
2716,S04,2025-02-24 04:00:00,24.99,50.76,1.759
2717,S04,2025-02-24 05:00:00,17.82,42.25,0.823
2718,S04,2025-02-24 06:00:00,23.36,55.88,1.038
2719,S04,2025-02-24 07:00:00,18.84,35.66,0.378
2720,S04,2025-02-24 08:00:00,23.79,48.64,0.912
2721,S04,2025-02-24 09:00:00,21.99,67.92,1.92
2722,S04,2025-02-24 10:00:00,22.38,54.33,2.977
2723,S04,2025-02-24 11:00:00,20.03,45.04,1.11
2724,S04,2025-02-24 12:00:00,16.4,54.53,3.926
2725,S04,2025-02-24 13:00:00,18.78,32.78,0.201
2726,S04,2025-02-24 14:00:00,24.36,50.22,2.532
2727,S04,2025-02-24 15:00:00,21.6,49.01,1.301
2728,S04,2025-02-24 16:00:00,24.74,50.55,0.409
2729,S04,2025-02-24 17:00:00,18.72,50.73,0.791
2730,S04,2025-02-24 18:00:00,24.75,52.62,0.384
2731,S04,2025-02-24 19:00:00,26.01,39.01,2.61
2732,S04,2025-02-24 20:00:00,16.51,39.86,1.234
2733,S04,2025-02-24 21:00:00,24.25,34.63,0.595
2734,S04,2025-02-24 22:00:00,29.25,50.25,2.331
2735,S04,2025-02-24 23:00:00,21.33,26.74,0.213
2736,S04,2025-02-25 00:00:00,23.13,44.0,2.709
2737,S04,2025-02-25 01:00:00,20.42,36.65,0.335
2738,S04,2025-02-25 02:00:00,23.01,47.11,2.525
2739,S04,2025-02-25 03:00:00,19.44,67.91,2.035
2740,S04,2025-02-25 04:00:00,18.43,39.61,0.776
2741,S04,2025-02-25 05:00:00,19.62,56.17,0.194
2742,S04,2025-02-25 06:00:00,19.96,59.31,1.493
2743,S04,2025-02-25 07:00:00,19.44,33.56,3.199
2744,S04,2025-02-25 08:00:00,18.72,43.38,0.355
2745,S04,2025-02-25 09:00:00,24.81,47.62,0.429
2746,S04,2025-02-25 10:00:00,19.91,,1.249
2747,S04,2025-02-25 11:00:00,18.19,40.64,0.545
2748,S04,2025-02-25 12:00:00,19.15,42.81,1.968
2749,S04,2025-02-25 13:00:00,23.57,46.72,0.098
2750,S04,2025-02-25 14:00:00,15.58,39.67,1.837
2751,S04,2025-02-25 15:00:00,23.9C,,1.982
2752,S04,2025-02-25 16:00:00,24.7,50.76,0.706
2753,S04,2025-02-25 17:00:00,26.54,44.32,0.541
2754,S04,2025-02-25 18:00:00,21.54,48.15,
2755,S04,2025-02-25 19:00:00,20.55,27.73,0.082
2756,S04,2025-02-25 20:00:00,23.69,29.88,0.475
2757,S04,2025-02-25 21:00:00,23.74,31.45,0.335
2758,S04,2025-02-25 22:00:00,27.4,47.07,0.503
2759,S04,2025-02-25 23:00:00,23.78,60.13,1.42
2760,S04,2025-02-26 00:00:00,18.89,40.14,0.409
2761,S04,2025-02-26 01:00:00,16.33,33.44,0.743
2762,S04,2025-02-26 02:00:00,19.85,35.53,1.68
2763,S04,2025-02-26 03:00:00,20.85,47.09,0.5
2764,S04,2025-02-26 04:00:00,24.31,31.89,0.616
2765,S04,2025-02-26 05:00:00,21.24,36.04,2.496
2766,S04,2025-02-26 06:00:00,25.12,51.7,1.121
2767,S04,2025-02-26 07:00:00,24.95,57.4,0.121
2768,S04,2025-02-26 08:00:00,19.08,46.11,0.843
2769,S04,2025-02-26 09:00:00,18.12,44.72,1.674
2770,S04,2025-02-26 10:00:00,19.78,41.77,0.273
2771,S04,2025-02-26 11:00:00,21.13,50.72,3.207
2772,S04,2025-02-26 12:00:00,19.56,15.59,0.652
2773,S04,2025-02-26 13:00:00,24.23,47.01,1.991
2774,S04,2025-02-26 14:00:00,24.31,46.99,0.212
2775,S04,2025-02-26 15:00:00,26.06,41.56,1.474
2776,S04,2025-02-26 16:00:00,23.43,41.33,0.563
2777,S04,2025-02-26 17:00:00,21.43,49.04,0.416
2778,S04,2025-02-26 18:00:00,24.12,40.09,3.085
2779,S04,2025-02-26 19:00:00,20.31,51.3,1.151
2780,S04,2025-02-26 20:00:00,23.64,36.96,0.869
2781,S04,2025-02-26 21:00:00,21.06,48.96,1.681
2782,S04,2025-02-26 22:00:00,26.96,54.03,2.199
2783,S04,2025-02-26 23:00:00,15.66,34.61,2.105
2784,S04,2025-02-27 00:00:00,22.74,55.01,1.764
2785,S04,2025-02-27 01:00:00,23.0,48.91,0.489
2786,S04,2025-02-27 02:00:00,20.37,47.72,0.384
2787,S04,2025-02-27 03:00:00,21.66,58.09,
2788,S04,2025-02-27 04:00:00,21.41,49.37,0.627
2789,S04,2025-02-27 05:00:00,24.83,36.12,
2790,S04,2025-02-27 06:00:00,26.06,51.39,0.272
2791,S04,2025-02-27 07:00:00,21.28,56.47,1.361
2792,S04,2025-02-27 08:00:00,26.3,41.5,2.497
2793,S04,2025-02-27 09:00:00,19.62,42.48,1.583
2794,S04,2025-02-27 10:00:00,22.95,42.36,1.331
2795,S04,2025-02-27 11:00:00,23.16,40.24,0.623
2796,S04,2025-02-27 12:00:00,18.22,36.95,
2797,S04,2025-02-27 13:00:00,23.13,52.54,0.421
2798,S04,2025-02-27 14:00:00,20.3C,55.93,1.401
2799,S04,2025-02-27 15:00:00,24.83,31.9,1.806
2800,S04,2025-02-27 16:00:00,19.94,43.59,0.278
2801,S04,2025-02-27 17:00:00,17.43,41.95,0.48
2802,S04,2025-02-27 18:00:00,19.0,52.33,1.27
2803,S04,2025-02-27 19:00:00,23.11,55.75,1.228
2804,S04,2025-02-27 20:00:00,24.13,49.18,2.179
2805,S04,2025-02-27 21:00:00,24.37,56.82,1.234
2806,S04,2025-02-27 22:00:00,21.21,54.36,0.648
2807,S04,2025-02-27 23:00:00,26.01,51.73,2.541
2808,S04,2025-02-28 00:00:00,18.55,50.29,0.646
2809,S04,2025-02-28 01:00:00,19.69,55.96,0.697
2810,S04,2025-02-28 02:00:00,23.44,39.9,0.231
2811,S04,2025-02-28 03:00:00,20.17,34.08,1.156
2812,S04,2025-02-28 04:00:00,15.16,53.79,1.278
2813,S04,2025-02-28 05:00:00,23.09,54.57,0.033
2814,S04,2025-02-28 06:00:00,21.1,,1.561
2815,S04,2025-02-28 07:00:00,20.09,44.43,3.286
2816,S04,2025-02-28 08:00:00,25.26,33.79,0.919
2817,S04,2025-02-28 09:00:00,19.66,49.14,1.263
2818,S04,2025-02-28 10:00:00,23.65,59.67,2.101
2819,S04,2025-02-28 11:00:00,22.25,39.37,2.114
2820,S04,2025-02-28 12:00:00,29.79,,0.861
2821,S04,2025-02-28 13:00:00,16.75,39.75,0.53
2822,S04,2025-02-28 14:00:00,22.88,30.13,1.085
2823,S04,2025-02-28 15:00:00,23.48,57.27,
2824,S04,2025-02-28 16:00:00,25.89,40.97,0.871
2825,S04,2025-02-28 17:00:00,21.48,,0.686
2826,S04,2025-02-28 18:00:00,20.99,41.13,1.312
2827,S04,2025-02-28 19:00:00,27.21,27.81,0.925
2828,S04,2025-02-28 20:00:00,21.92,35.86,0.599
2829,S04,2025-02-28 21:00:00,24.18,35.49,0.684
2830,S04,2025-02-28 22:00:00,23.34,38.1,2.461
2831,S04,2025-02-28 23:00:00,24.79,42.78,0.803
2832,S04,2025-03-01 00:00:00,16.15,41.38,2.201
2833,S04,2025-03-01 01:00:00,18.72,61.45,2.058
2834,S04,2025-03-01 02:00:00,20.33,22.67,1.708
2835,S04,2025-03-01 03:00:00,20.97,34.88,1.171
2836,S04,2025-03-01 04:00:00,24.08,46.08,1.939
2837,S04,2025-03-01 05:00:00,22.47C,52.46,1.456
2838,S04,2025-03-01 06:00:00,22.82,46.09,2.518
2839,S04,2025-03-01 07:00:00,21.07,44.68,2.563
2840,S04,2025-03-01 08:00:00,25.16,50.36,1.839
2841,S04,2025-03-01 09:00:00,19.72,43.09,1.369
2842,S04,2025-03-01 10:00:00,21.4,42.12,1.61
2843,S04,2025-03-01 11:00:00,17.38,48.69,0.832
2844,S04,2025-03-01 12:00:00,18.84,30.53,0.638
2845,S04,2025-03-01 13:00:00,24.69,45.11,0.784
2846,S04,2025-03-01 14:00:00,22.15C,37.11,3.22
2847,S04,2025-03-01 15:00:00,16.88,47.53,1.014
2848,S04,2025-03-01 16:00:00,22.46,42.98,1.004
2849,S04,2025-03-01 17:00:00,22.03,57.35,0.767
2850,S04,2025-03-01 18:00:00,19.48,50.39,0.638
2851,S04,2025-03-01 19:00:00,24.03,47.93,1.503
2852,S04,2025-03-01 20:00:00,22.37,37.07,2.984
2853,S04,2025-03-01 21:00:00,23.36,50.44,0.394
2854,S04,2025-03-01 22:00:00,26.31,23.62,0.699
2855,S04,2025-03-01 23:00:00,21.78,53.71,0.461
2856,S04,2025-03-02 00:00:00,23.41,53.37,2.698
2857,S04,2025-03-02 01:00:00,19.52,46.85,1.116
2858,S04,2025-03-02 02:00:00,19.71,51.61,0.755
2859,S04,2025-03-02 03:00:00,24.49,31.06,2.71
2860,S04,2025-03-02 04:00:00,21.91,40.04,0.783
2861,S04,2025-03-02 05:00:00,19.71,36.08,1.802
2862,S04,2025-03-02 06:00:00,20.72,50.74,1.553
2863,S04,2025-03-02 07:00:00,21.87,50.71,2.139
2864,S04,2025-03-02 08:00:00,17.02,60.58,1.083
2865,S04,2025-03-02 09:00:00,23.52,34.64,0.228
2866,S04,2025-03-02 10:00:00,21.66,36.16,3.965
2867,S04,2025-03-02 11:00:00,17.95,49.17,1.644
2868,S04,2025-03-02 12:00:00,19.15,38.84,0.635
2869,S04,2025-03-02 13:00:00,24.72,38.36,0.889
2870,S04,2025-03-02 14:00:00,18.49,51.11,0.774
2871,S04,2025-03-02 15:00:00,28.86,44.99,0.186
2872,S04,2025-03-02 16:00:00,19.37,39.29,
2873,S04,2025-03-02 17:00:00,23.34C,55.82,0.836
2874,S04,2025-03-02 18:00:00,15.22,43.84,0.651
2875,S04,2025-03-02 19:00:00,22.8,31.02,0.375
2876,S04,2025-03-02 20:00:00,21.6,42.87,2.06
2877,S04,2025-03-02 21:00:00,24.75,44.91,1.065
2878,S04,2025-03-02 22:00:00,24.03,,2.859
2879,S04,2025-03-02 23:00:00,22.6,55.1,0.01
2880,S05,2025-02-01 00:00:00,26.59,47.76,1.098
2881,S05,2025-02-01 01:00:00,22.6,51.89,1.721
2882,S05,2025-02-01 02:00:00,18.24,53.73,3.331
2883,S05,2025-02-01 03:00:00,21.63,42.47,0.333
2884,S05,2025-02-01 04:00:00,12.08,42.93,0.332
2885,S05,2025-02-01 05:00:00,19.12,,3.288
2886,S05,2025-02-01 06:00:00,24.74,41.5,1.225
2887,S05,2025-02-01 07:00:00,19.49C,59.46,1.202
2888,S05,2025-02-01 08:00:00,21.74,36.73,0.849
2889,S05,2025-02-01 09:00:00,17.99,32.16,0.689
2890,S05,2025-02-01 10:00:00,23.95C,50.84,0.415
2891,S05,2025-02-01 11:00:00,22.09,43.49,0.296
2892,S05,2025-02-01 12:00:00,21.89,31.47,2.371
2893,S05,2025-02-01 13:00:00,24.84,52.6,
2894,S05,2025-02-01 14:00:00,27.09,53.03,1.98
2895,S05,2025-02-01 15:00:00,24.72,37.12,0.758
2896,S05,2025-02-01 16:00:00,17.28,33.91,1.155
2897,S05,2025-02-01 17:00:00,23.81,53.48,2.426
2898,S05,2025-02-01 18:00:00,23.56,52.56,1.469
2899,S05,2025-02-01 19:00:00,19.48,53.31,0.936
2900,S05,2025-02-01 20:00:00,18.22,,0.638
2901,S05,2025-02-01 21:00:00,21.98,54.12,1.645
2902,S05,2025-02-01 22:00:00,22.45,62.09,1.015
2903,S05,2025-02-01 23:00:00,23.29,53.04,0.806
2904,S05,2025-02-02 00:00:00,17.84,52.52,0.45
2905,S05,2025-02-02 01:00:00,20.66,57.17,0.678
2906,S05,2025-02-02 02:00:00,21.22,50.79,0.612
2907,S05,2025-02-02 03:00:00,19.61,46.12,1.205
2908,S05,2025-02-02 04:00:00,21.78,49.55,0.748
2909,S05,2025-02-02 05:00:00,19.02C,55.54,0.632
2910,S05,2025-02-02 06:00:00,16.21C,49.13,0.55
2911,S05,2025-02-02 07:00:00,21.05,52.79,1.726
2912,S05,2025-02-02 08:00:00,23.86,,0.854
2913,S05,2025-02-02 09:00:00,29.46,45.15,2.59
2914,S05,2025-02-02 10:00:00,15.14,31.56,0.576
2915,S05,2025-02-02 11:00:00,20.15,54.76,1.198
2916,S05,2025-02-02 12:00:00,19.19,49.5,0.288
2917,S05,2025-02-02 13:00:00,22.77,35.94,0.242
2918,S05,2025-02-02 14:00:00,19.49,50.49,0.676
2919,S05,2025-02-02 15:00:00,22.65,,1.004
2920,S05,2025-02-02 16:00:00,25.39,,1.254
2921,S05,2025-02-02 17:00:00,20.32,64.86,1.127
2922,S05,2025-02-02 18:00:00,22.5,47.32,3.192
2923,S05,2025-02-02 19:00:00,27.72C,38.81,1.27
2924,S05,2025-02-02 20:00:00,25.68,41.45,0.514
2925,S05,2025-02-02 21:00:00,18.32,48.31,1.534
2926,S05,2025-02-02 22:00:00,29.55,41.67,1.112
2927,S05,2025-02-02 23:00:00,21.44,52.23,0.889
2928,S05,2025-02-03 00:00:00,20.95,27.28,0.752
2929,S05,2025-02-03 01:00:00,18.95,59.33,0.991
2930,S05,2025-02-03 02:00:00,18.98,,1.53
2931,S05,2025-02-03 03:00:00,18.41C,45.26,0.628
2932,S05,2025-02-03 04:00:00,22.5,58.26,1.898
2933,S05,2025-02-03 05:00:00,18.47C,55.12,1.504
2934,S05,2025-02-03 06:00:00,17.17,28.05,1.067
2935,S05,2025-02-03 07:00:00,19.39,31.92,1.768
2936,S05,2025-02-03 08:00:00,21.25,54.11,1.083
2937,S05,2025-02-03 09:00:00,15.38,41.55,1.164
2938,S05,2025-02-03 10:00:00,23.93,36.48,0.752
2939,S05,2025-02-03 11:00:00,19.55,,0.548
2940,S05,2025-02-03 12:00:00,24.02,,0.564
2941,S05,2025-02-03 13:00:00,26.15,49.2,1.333
2942,S05,2025-02-03 14:00:00,23.1,37.12,0.315
2943,S05,2025-02-03 15:00:00,23.91,40.71,0.984
2944,S05,2025-02-03 16:00:00,21.11,43.32,0.806
2945,S05,2025-02-03 17:00:00,20.6,47.83,0.911
2946,S05,2025-02-03 18:00:00,17.08,,0.563
2947,S05,2025-02-03 19:00:00,22.33,29.32,1.202
2948,S05,2025-02-03 20:00:00,21.42,37.17,1.949
2949,S05,2025-02-03 21:00:00,16.11,37.68,0.937
2950,S05,2025-02-03 22:00:00,24.18,46.1,1.682
2951,S05,2025-02-03 23:00:00,28.07C,37.81,1.659
2952,S05,2025-02-04 00:00:00,21.27,45.64,3.073
2953,S05,2025-02-04 01:00:00,23.7,55.82,1.727
2954,S05,2025-02-04 02:00:00,19.56,46.28,2.706
2955,S05,2025-02-04 03:00:00,17.47,56.91,0.535
2956,S05,2025-02-04 04:00:00,20.86,44.75,0.32
2957,S05,2025-02-04 05:00:00,19.78,,0.49
2958,S05,2025-02-04 06:00:00,17.56,44.56,0.148
2959,S05,2025-02-04 07:00:00,24.21,,3.421
2960,S05,2025-02-04 08:00:00,21.78,,0.955
2961,S05,2025-02-04 09:00:00,19.45,43.51,0.929
2962,S05,2025-02-04 10:00:00,22.16,57.4,0.986
2963,S05,2025-02-04 11:00:00,21.28,49.5,1.3
2964,S05,2025-02-04 12:00:00,23.73,34.33,0.156
2965,S05,2025-02-04 13:00:00,26.81,32.51,0.536
2966,S05,2025-02-04 14:00:00,20.32,51.34,0.821
2967,S05,2025-02-04 15:00:00,18.75,50.69,1.092
2968,S05,2025-02-04 16:00:00,26.61,33.23,0.571
2969,S05,2025-02-04 17:00:00,29.81,42.95,2.518
2970,S05,2025-02-04 18:00:00,20.96,45.68,0.9
2971,S05,2025-02-04 19:00:00,20.2,54.58,1.263
2972,S05,2025-02-04 20:00:00,19.49,52.96,0.382
2973,S05,2025-02-04 21:00:00,23.21,67.97,0.941
2974,S05,2025-02-04 22:00:00,23.71,38.32,0.564
2975,S05,2025-02-04 23:00:00,22.76,27.44,0.814
2976,S05,2025-02-05 00:00:00,22.6,44.02,0.788
2977,S05,2025-02-05 01:00:00,17.79,54.93,0.556
2978,S05,2025-02-05 02:00:00,18.61,33.97,4.52
2979,S05,2025-02-05 03:00:00,16.78C,34.58,0.683
2980,S05,2025-02-05 04:00:00,24.85,47.28,0.658
2981,S05,2025-02-05 05:00:00,24.07,45.29,0.935
2982,S05,2025-02-05 06:00:00,24.92,57.7,0.87
2983,S05,2025-02-05 07:00:00,18.63,40.29,0.234
2984,S05,2025-02-05 08:00:00,25.31,70.85,0.406
2985,S05,2025-02-05 09:00:00,22.33C,53.75,2.005
2986,S05,2025-02-05 10:00:00,23.76,53.87,0.517
2987,S05,2025-02-05 11:00:00,23.5C,32.15,0.963
2988,S05,2025-02-05 12:00:00,20.96,49.72,0.093
2989,S05,2025-02-05 13:00:00,21.56,63.11,2.232
2990,S05,2025-02-05 14:00:00,17.61,42.5,0.373
2991,S05,2025-02-05 15:00:00,20.73C,62.74,1.37
2992,S05,2025-02-05 16:00:00,21.84,53.0,1.361
2993,S05,2025-02-05 17:00:00,19.21,57.21,1.263
2994,S05,2025-02-05 18:00:00,23.12,49.42,1.411
2995,S05,2025-02-05 19:00:00,26.8,55.3,
2996,S05,2025-02-05 20:00:00,21.65,27.78,1.261
2997,S05,2025-02-05 21:00:00,20.39,,2.006
2998,S05,2025-02-05 22:00:00,20.88,40.6,2.448
2999,S05,2025-02-05 23:00:00,24.15,45.99,1.188
3000,S05,2025-02-06 00:00:00,25.36,40.93,2.679
3001,S05,2025-02-06 01:00:00,20.78,32.82,0.723
3002,S05,2025-02-06 02:00:00,20.6,,1.352
3003,S05,2025-02-06 03:00:00,16.87,48.15,1.3
3004,S05,2025-02-06 04:00:00,21.73,44.87,0.556
3005,S05,2025-02-06 05:00:00,22.76,54.3,0.534
3006,S05,2025-02-06 06:00:00,19.82C,41.38,1.471
3007,S05,2025-02-06 07:00:00,21.11,54.24,0.825
3008,S05,2025-02-06 08:00:00,19.36,52.64,0.94
3009,S05,2025-02-06 09:00:00,23.69,36.26,1.384
3010,S05,2025-02-06 10:00:00,25.64,53.17,0.531
3011,S05,2025-02-06 11:00:00,22.92,42.24,
3012,S05,2025-02-06 12:00:00,23.46,48.52,2.857
3013,S05,2025-02-06 13:00:00,22.25,41.03,0.762
3014,S05,2025-02-06 14:00:00,20.32C,58.08,0.352
3015,S05,2025-02-06 15:00:00,20.08,49.74,1.192
3016,S05,2025-02-06 16:00:00,21.33,18.85,1.413
3017,S05,2025-02-06 17:00:00,23.04,35.58,
3018,S05,2025-02-06 18:00:00,22.82,32.46,0.841
3019,S05,2025-02-06 19:00:00,26.02,42.22,0.788
3020,S05,2025-02-06 20:00:00,25.36,51.79,0.89
3021,S05,2025-02-06 21:00:00,27.74,,0.409
3022,S05,2025-02-06 22:00:00,25.77,27.74,0.238
3023,S05,2025-02-06 23:00:00,22.87,23.92,0.25
3024,S05,2025-02-07 00:00:00,20.44,44.96,0.712
3025,S05,2025-02-07 01:00:00,15.44,42.09,0.064
3026,S05,2025-02-07 02:00:00,25.44,,1.025
3027,S05,2025-02-07 03:00:00,18.86,50.51,1.213
3028,S05,2025-02-07 04:00:00,19.53,47.43,1.1
3029,S05,2025-02-07 05:00:00,26.35,58.83,1.077
3030,S05,2025-02-07 06:00:00,17.84,48.45,
3031,S05,2025-02-07 07:00:00,19.36,52.08,0.838
3032,S05,2025-02-07 08:00:00,21.16,40.4,1.128
3033,S05,2025-02-07 09:00:00,19.77,48.96,0.688
3034,S05,2025-02-07 10:00:00,21.93,61.9,0.193
3035,S05,2025-02-07 11:00:00,22.54,33.87,0.623
3036,S05,2025-02-07 12:00:00,23.86,32.56,0.362
3037,S05,2025-02-07 13:00:00,21.79,40.34,0.347
3038,S05,2025-02-07 14:00:00,24.33,56.05,1.523
3039,S05,2025-02-07 15:00:00,21.42,45.54,1.872
3040,S05,2025-02-07 16:00:00,24.39,37.66,0.438
3041,S05,2025-02-07 17:00:00,26.23,50.88,1.822
3042,S05,2025-02-07 18:00:00,17.7,44.39,0.626
3043,S05,2025-02-07 19:00:00,22.35,44.88,0.574
3044,S05,2025-02-07 20:00:00,23.71,31.79,0.965
3045,S05,2025-02-07 21:00:00,17.68,26.48,1.486
3046,S05,2025-02-07 22:00:00,14.35,49.39,1.238
3047,S05,2025-02-07 23:00:00,24.55,39.5,2.273
3048,S05,2025-02-08 00:00:00,18.24,52.01,1.607
3049,S05,2025-02-08 01:00:00,22.66C,65.05,0.853
3050,S05,2025-02-08 02:00:00,20.44,53.31,0.788
3051,S05,2025-02-08 03:00:00,20.58,33.03,2.344
3052,S05,2025-02-08 04:00:00,19.72,47.66,0.339
3053,S05,2025-02-08 05:00:00,21.23,39.18,2.963
3054,S05,2025-02-08 06:00:00,18.36,48.12,1.098
3055,S05,2025-02-08 07:00:00,19.69,53.95,0.48
3056,S05,2025-02-08 08:00:00,23.72,41.92,0.258
3057,S05,2025-02-08 09:00:00,20.76,50.71,1.214
3058,S05,2025-02-08 10:00:00,23.18,46.49,1.835
3059,S05,2025-02-08 11:00:00,21.79,49.97,2.457
3060,S05,2025-02-08 12:00:00,20.96,53.48,1.797
3061,S05,2025-02-08 13:00:00,19.24,44.55,2.201
3062,S05,2025-02-08 14:00:00,24.78,56.35,1.389
3063,S05,2025-02-08 15:00:00,19.94,57.97,2.148
3064,S05,2025-02-08 16:00:00,23.69,36.42,1.05
3065,S05,2025-02-08 17:00:00,18.08,43.56,0.118
3066,S05,2025-02-08 18:00:00,23.68,44.82,0.925
3067,S05,2025-02-08 19:00:00,24.17,25.91,0.654
3068,S05,2025-02-08 20:00:00,21.26,36.09,0.64
3069,S05,2025-02-08 21:00:00,18.49,57.76,0.966
3070,S05,2025-02-08 22:00:00,23.0,50.96,0.26
3071,S05,2025-02-08 23:00:00,23.92,45.82,0.767
3072,S05,2025-02-09 00:00:00,18.61,47.23,1.404
3073,S05,2025-02-09 01:00:00,18.3,54.69,0.481
3074,S05,2025-02-09 02:00:00,23.18,33.42,0.736
3075,S05,2025-02-09 03:00:00,20.28,59.91,1.05
3076,S05,2025-02-09 04:00:00,19.53,39.47,1.358
3077,S05,2025-02-09 05:00:00,23.44,41.34,1.483
3078,S05,2025-02-09 06:00:00,21.01,34.79,0.912
3079,S05,2025-02-09 07:00:00,19.13,48.21,1.388
3080,S05,2025-02-09 08:00:00,23.96,36.58,0.476
3081,S05,2025-02-09 09:00:00,20.44,44.19,1.501
3082,S05,2025-02-09 10:00:00,24.42,36.08,2.223
3083,S05,2025-02-09 11:00:00,19.81,56.43,0.031
3084,S05,2025-02-09 12:00:00,22.93,57.91,0.681
3085,S05,2025-02-09 13:00:00,25.8C,37.41,1.753
3086,S05,2025-02-09 14:00:00,23.63,31.53,1.858
3087,S05,2025-02-09 15:00:00,23.91,32.1,1.04
3088,S05,2025-02-09 16:00:00,23.9,52.64,0.46
3089,S05,2025-02-09 17:00:00,25.27,31.81,0.717
3090,S05,2025-02-09 18:00:00,23.11,36.02,1.378
3091,S05,2025-02-09 19:00:00,24.35,43.97,1.895
3092,S05,2025-02-09 20:00:00,22.49,59.49,1.427
3093,S05,2025-02-09 21:00:00,29.06C,45.39,0.691
3094,S05,2025-02-09 22:00:00,20.87,42.08,0.55
3095,S05,2025-02-09 23:00:00,26.08,51.59,0.391
3096,S05,2025-02-10 00:00:00,17.26,28.01,1.201
3097,S05,2025-02-10 01:00:00,21.92,34.03,0.733
3098,S05,2025-02-10 02:00:00,24.38,54.44,1.241
3099,S05,2025-02-10 03:00:00,17.38,55.75,0.817
3100,S05,2025-02-10 04:00:00,25.99,50.38,1.623
3101,S05,2025-02-10 05:00:00,18.07,48.88,1.986
3102,S05,2025-02-10 06:00:00,18.64,41.98,1.397
3103,S05,2025-02-10 07:00:00,22.18,42.56,0.467
3104,S05,2025-02-10 08:00:00,18.11,62.4,0.664
3105,S05,2025-02-10 09:00:00,24.43,35.09,0.42
3106,S05,2025-02-10 10:00:00,23.13,57.53,0.532
3107,S05,2025-02-10 11:00:00,13.75,44.48,0.75
3108,S05,2025-02-10 12:00:00,17.74,29.5,0.487
3109,S05,2025-02-10 13:00:00,19.98C,50.48,0.759
3110,S05,2025-02-10 14:00:00,23.5,37.0,2.575
3111,S05,2025-02-10 15:00:00,19.24,48.97,0.49
3112,S05,2025-02-10 16:00:00,20.42,48.54,0.656
3113,S05,2025-02-10 17:00:00,24.55C,67.97,1.014
3114,S05,2025-02-10 18:00:00,19.92,39.08,0.609
3115,S05,2025-02-10 19:00:00,23.89,25.39,0.761
3116,S05,2025-02-10 20:00:00,19.11,49.09,1.634
3117,S05,2025-02-10 21:00:00,26.27,51.4,0.566
3118,S05,2025-02-10 22:00:00,27.67C,42.55,1.634
3119,S05,2025-02-10 23:00:00,20.2,37.63,0.915
3120,S05,2025-02-11 00:00:00,13.15,49.91,1.054
3121,S05,2025-02-11 01:00:00,15.31,51.9,0.797
3122,S05,2025-02-11 02:00:00,23.29,40.88,2.103
3123,S05,2025-02-11 03:00:00,18.9,53.3,2.738
3124,S05,2025-02-11 04:00:00,23.85,45.57,0.644
3125,S05,2025-02-11 05:00:00,16.92,44.27,0.975
3126,S05,2025-02-11 06:00:00,18.24,33.12,2.43
3127,S05,2025-02-11 07:00:00,20.82,38.48,2.043
3128,S05,2025-02-11 08:00:00,24.49,51.64,2.126
3129,S05,2025-02-11 09:00:00,20.83,57.46,0.85
3130,S05,2025-02-11 10:00:00,18.58,56.38,1.673
3131,S05,2025-02-11 11:00:00,22.66,44.17,1.374
3132,S05,2025-02-11 12:00:00,22.17,43.5,1.097
3133,S05,2025-02-11 13:00:00,23.55,36.55,1.435
3134,S05,2025-02-11 14:00:00,21.69,37.2,2.383
3135,S05,2025-02-11 15:00:00,20.52,41.45,1.015
3136,S05,2025-02-11 16:00:00,22.58C,54.59,0.699
3137,S05,2025-02-11 17:00:00,15.33,56.81,0.613
3138,S05,2025-02-11 18:00:00,23.61,48.56,1.931
3139,S05,2025-02-11 19:00:00,26.61,50.63,0.932
3140,S05,2025-02-11 20:00:00,24.75,35.69,0.915
3141,S05,2025-02-11 21:00:00,20.45,43.2,1.997
3142,S05,2025-02-11 22:00:00,18.88,51.93,0.305
3143,S05,2025-02-11 23:00:00,27.46,45.61,1.653
3144,S05,2025-02-12 00:00:00,18.61,50.78,2.133
3145,S05,2025-02-12 01:00:00,19.64C,32.12,0.917
3146,S05,2025-02-12 02:00:00,21.08,60.04,1.102
3147,S05,2025-02-12 03:00:00,18.81,41.91,0.871
3148,S05,2025-02-12 04:00:00,20.83,38.76,0.505
3149,S05,2025-02-12 05:00:00,25.31,46.04,0.514
3150,S05,2025-02-12 06:00:00,19.54,,1.859
3151,S05,2025-02-12 07:00:00,26.85,41.7,0.103
3152,S05,2025-02-12 08:00:00,22.45,64.8,1.51
3153,S05,2025-02-12 09:00:00,22.41,39.24,0.31
3154,S05,2025-02-12 10:00:00,24.42,54.37,0.528
3155,S05,2025-02-12 11:00:00,24.5C,28.3,0.528
3156,S05,2025-02-12 12:00:00,25.04,31.0,0.332
3157,S05,2025-02-12 13:00:00,23.72,29.17,0.805
3158,S05,2025-02-12 14:00:00,20.5,58.62,1.183
3159,S05,2025-02-12 15:00:00,27.2,26.18,0.681
3160,S05,2025-02-12 16:00:00,22.08C,47.83,0.376
3161,S05,2025-02-12 17:00:00,20.2,36.76,0.761
3162,S05,2025-02-12 18:00:00,25.48,51.44,0.915
3163,S05,2025-02-12 19:00:00,24.9,34.25,4.666
3164,S05,2025-02-12 20:00:00,23.04,38.16,0.924
3165,S05,2025-02-12 21:00:00,23.5,48.69,0.9
3166,S05,2025-02-12 22:00:00,25.16,27.64,0.491
3167,S05,2025-02-12 23:00:00,29.28,24.66,
3168,S05,2025-02-13 00:00:00,19.91,64.92,0.13
3169,S05,2025-02-13 01:00:00,16.55,45.76,1.037
3170,S05,2025-02-13 02:00:00,18.75,49.93,0.717
3171,S05,2025-02-13 03:00:00,22.09,45.03,0.863
3172,S05,2025-02-13 04:00:00,20.13C,48.58,0.564
3173,S05,2025-02-13 05:00:00,18.91,45.08,1.739
3174,S05,2025-02-13 06:00:00,23.19,49.06,
3175,S05,2025-02-13 07:00:00,23.36,32.64,1.271
3176,S05,2025-02-13 08:00:00,20.72,19.05,
3177,S05,2025-02-13 09:00:00,22.32,,0.389
3178,S05,2025-02-13 10:00:00,19.74,60.48,0.879
3179,S05,2025-02-13 11:00:00,19.97,38.52,0.707
3180,S05,2025-02-13 12:00:00,20.91,26.73,0.923
3181,S05,2025-02-13 13:00:00,18.04,60.23,0.457
3182,S05,2025-02-13 14:00:00,23.22,55.39,1.629
3183,S05,2025-02-13 15:00:00,22.13C,39.16,0.728
3184,S05,2025-02-13 16:00:00,21.01,52.6,3.413
3185,S05,2025-02-13 17:00:00,22.97,50.39,1.084
3186,S05,2025-02-13 18:00:00,23.19,32.58,0.64
3187,S05,2025-02-13 19:00:00,20.74,57.16,0.887
3188,S05,2025-02-13 20:00:00,21.33,51.51,0.376
3189,S05,2025-02-13 21:00:00,20.88,49.65,0.375
3190,S05,2025-02-13 22:00:00,27.37,56.19,0.567
3191,S05,2025-02-13 23:00:00,18.54C,25.89,4.174
3192,S05,2025-02-14 00:00:00,19.82,44.01,1.369
3193,S05,2025-02-14 01:00:00,22.67,60.66,1.211
3194,S05,2025-02-14 02:00:00,17.13C,57.91,1.407
3195,S05,2025-02-14 03:00:00,17.64,30.51,0.777
3196,S05,2025-02-14 04:00:00,17.72,51.51,3.045
3197,S05,2025-02-14 05:00:00,15.41,38.68,1.648
3198,S05,2025-02-14 06:00:00,24.37,48.99,0.595
3199,S05,2025-02-14 07:00:00,20.27,,3.484
3200,S05,2025-02-14 08:00:00,17.82,58.9,0.358
3201,S05,2025-02-14 09:00:00,19.34,66.27,0.544
3202,S05,2025-02-14 10:00:00,21.86,55.99,1.393
3203,S05,2025-02-14 11:00:00,20.5,56.27,0.031
3204,S05,2025-02-14 12:00:00,18.96,47.57,2.091
3205,S05,2025-02-14 13:00:00,23.25,43.82,2.942
3206,S05,2025-02-14 14:00:00,19.26,60.65,0.825
3207,S05,2025-02-14 15:00:00,20.86,54.32,1.303
3208,S05,2025-02-14 16:00:00,22.68,48.76,1.46
3209,S05,2025-02-14 17:00:00,20.16C,39.46,1.095
3210,S05,2025-02-14 18:00:00,22.68,34.68,1.243
3211,S05,2025-02-14 19:00:00,20.7,54.52,1.313
3212,S05,2025-02-14 20:00:00,30.64,54.45,
3213,S05,2025-02-14 21:00:00,21.67,45.98,1.596
3214,S05,2025-02-14 22:00:00,25.07,46.81,1.323
3215,S05,2025-02-14 23:00:00,20.64,31.52,2.968
3216,S05,2025-02-15 00:00:00,16.4,38.75,0.534
3217,S05,2025-02-15 01:00:00,19.49,36.15,2.324
3218,S05,2025-02-15 02:00:00,18.98,51.32,0.626
3219,S05,2025-02-15 03:00:00,19.14,43.89,2.235
3220,S05,2025-02-15 04:00:00,20.2C,45.8,0.116
3221,S05,2025-02-15 05:00:00,23.06,38.47,0.254
3222,S05,2025-02-15 06:00:00,26.26,46.6,0.686
3223,S05,2025-02-15 07:00:00,26.71,29.28,1.191
3224,S05,2025-02-15 08:00:00,21.05,63.29,0.945
3225,S05,2025-02-15 09:00:00,26.45,46.18,1.745
3226,S05,2025-02-15 10:00:00,26.21,50.76,1.314
3227,S05,2025-02-15 11:00:00,19.44,50.22,0.714
3228,S05,2025-02-15 12:00:00,20.0,37.43,0.931
3229,S05,2025-02-15 13:00:00,21.28,59.54,1.012
3230,S05,2025-02-15 14:00:00,27.54,47.61,0.549
3231,S05,2025-02-15 15:00:00,21.43,44.41,0.923
3232,S05,2025-02-15 16:00:00,21.28,56.16,1.315
3233,S05,2025-02-15 17:00:00,26.25,36.92,0.705
3234,S05,2025-02-15 18:00:00,21.75,52.47,1.478
3235,S05,2025-02-15 19:00:00,21.97,63.56,2.811
3236,S05,2025-02-15 20:00:00,24.34,41.14,1.486
3237,S05,2025-02-15 21:00:00,23.23,50.46,0.504
3238,S05,2025-02-15 22:00:00,15.69,32.78,1.627
3239,S05,2025-02-15 23:00:00,19.29,48.43,0.747
3240,S05,2025-02-16 00:00:00,21.63,48.82,0.1
3241,S05,2025-02-16 01:00:00,15.43,29.72,0.474
3242,S05,2025-02-16 02:00:00,23.47,62.19,1.639
3243,S05,2025-02-16 03:00:00,19.77,66.41,2.406
3244,S05,2025-02-16 04:00:00,20.87,27.21,1.711
3245,S05,2025-02-16 05:00:00,21.11,50.24,0.488
3246,S05,2025-02-16 06:00:00,15.09,41.82,1.646
3247,S05,2025-02-16 07:00:00,18.46,43.45,1.736
3248,S05,2025-02-16 08:00:00,17.6,50.06,0.776
3249,S05,2025-02-16 09:00:00,21.58,46.53,0.386
3250,S05,2025-02-16 10:00:00,25.55,43.93,0.644
3251,S05,2025-02-16 11:00:00,20.5,48.77,1.11
3252,S05,2025-02-16 12:00:00,21.53,42.02,2.033
3253,S05,2025-02-16 13:00:00,15.68,48.1,1.497
3254,S05,2025-02-16 14:00:00,20.51,39.18,0.526
3255,S05,2025-02-16 15:00:00,21.05,54.73,0.018
3256,S05,2025-02-16 16:00:00,21.37,65.93,0.671
3257,S05,2025-02-16 17:00:00,23.86,46.18,1.433
3258,S05,2025-02-16 18:00:00,26.39,42.87,0.198
3259,S05,2025-02-16 19:00:00,22.34,59.4,1.232
3260,S05,2025-02-16 20:00:00,23.7,26.22,2.68
3261,S05,2025-02-16 21:00:00,18.05,44.07,1.169
3262,S05,2025-02-16 22:00:00,24.64,34.48,2.057
3263,S05,2025-02-16 23:00:00,23.09,40.26,0.823
3264,S05,2025-02-17 00:00:00,14.35,35.17,2.657
3265,S05,2025-02-17 01:00:00,20.69C,42.9,1.187
3266,S05,2025-02-17 02:00:00,17.89C,,2.09
3267,S05,2025-02-17 03:00:00,23.0,37.23,0.763
3268,S05,2025-02-17 04:00:00,21.51,43.53,0.865
3269,S05,2025-02-17 05:00:00,20.54,,0.541
3270,S05,2025-02-17 06:00:00,25.55,50.8,0.376
3271,S05,2025-02-17 07:00:00,20.13,53.04,1.847
3272,S05,2025-02-17 08:00:00,19.84,44.41,1.158
3273,S05,2025-02-17 09:00:00,21.01,40.45,1.501
3274,S05,2025-02-17 10:00:00,21.41,41.09,2.184
3275,S05,2025-02-17 11:00:00,18.69,41.73,2.281
3276,S05,2025-02-17 12:00:00,23.07,32.44,0.72
3277,S05,2025-02-17 13:00:00,22.79,22.03,1.966
3278,S05,2025-02-17 14:00:00,20.13C,40.24,1.671
3279,S05,2025-02-17 15:00:00,17.22,47.65,
3280,S05,2025-02-17 16:00:00,25.59,39.8,1.155
3281,S05,2025-02-17 17:00:00,26.09,56.27,0.571
3282,S05,2025-02-17 18:00:00,25.03,56.95,
3283,S05,2025-02-17 19:00:00,25.46,,0.87
3284,S05,2025-02-17 20:00:00,28.05,42.04,1.321
3285,S05,2025-02-17 21:00:00,23.88,49.81,1.15
3286,S05,2025-02-17 22:00:00,27.92,40.24,1.462
3287,S05,2025-02-17 23:00:00,22.82,43.17,1.296
3288,S05,2025-02-18 00:00:00,17.24,36.94,3.322
3289,S05,2025-02-18 01:00:00,20.05,38.79,0.954
3290,S05,2025-02-18 02:00:00,19.24C,51.11,0.592
3291,S05,2025-02-18 03:00:00,21.79,41.22,1.315
3292,S05,2025-02-18 04:00:00,25.89,50.28,1.253
3293,S05,2025-02-18 05:00:00,21.91,45.36,3.1
3294,S05,2025-02-18 06:00:00,23.94,46.11,0.549
3295,S05,2025-02-18 07:00:00,27.32,48.68,1.199
3296,S05,2025-02-18 08:00:00,26.49,23.44,0.161
3297,S05,2025-02-18 09:00:00,21.57,41.14,0.846
3298,S05,2025-02-18 10:00:00,19.46,,1.103
3299,S05,2025-02-18 11:00:00,27.95,59.82,0.589
3300,S05,2025-02-18 12:00:00,18.57C,50.65,0.74
3301,S05,2025-02-18 13:00:00,16.5,70.78,4.945
3302,S05,2025-02-18 14:00:00,16.13,58.41,0.874
3303,S05,2025-02-18 15:00:00,25.73,46.93,0.264
3304,S05,2025-02-18 16:00:00,18.0,32.72,1.142
3305,S05,2025-02-18 17:00:00,21.78,42.54,1.301
3306,S05,2025-02-18 18:00:00,22.3,,1.268
3307,S05,2025-02-18 19:00:00,26.73,46.38,0.784
3308,S05,2025-02-18 20:00:00,18.9,49.28,0.813
3309,S05,2025-02-18 21:00:00,23.3C,32.33,1.225
3310,S05,2025-02-18 22:00:00,24.2,50.48,0.847
3311,S05,2025-02-18 23:00:00,27.66,42.64,0.824
3312,S05,2025-02-19 00:00:00,19.29,38.83,0.512
3313,S05,2025-02-19 01:00:00,20.97C,32.62,0.618
3314,S05,2025-02-19 02:00:00,19.47,47.5,1.01
3315,S05,2025-02-19 03:00:00,23.72,40.26,2.185
3316,S05,2025-02-19 04:00:00,23.43,22.97,0.178
3317,S05,2025-02-19 05:00:00,19.61,46.02,1.169
3318,S05,2025-02-19 06:00:00,22.56,43.36,1.095
3319,S05,2025-02-19 07:00:00,16.65,28.81,1.31
3320,S05,2025-02-19 08:00:00,21.43,,0.394
3321,S05,2025-02-19 09:00:00,18.73,42.49,3.133
3322,S05,2025-02-19 10:00:00,20.29,49.12,0.873
3323,S05,2025-02-19 11:00:00,24.7,32.93,0.491
3324,S05,2025-02-19 12:00:00,28.27,39.85,0.218
3325,S05,2025-02-19 13:00:00,22.62,48.87,1.718
3326,S05,2025-02-19 14:00:00,21.74,51.83,0.396
3327,S05,2025-02-19 15:00:00,21.31C,38.27,3.301
3328,S05,2025-02-19 16:00:00,24.7,18.89,0.391
3329,S05,2025-02-19 17:00:00,22.08,47.32,1.489
3330,S05,2025-02-19 18:00:00,25.7,42.94,1.781
3331,S05,2025-02-19 19:00:00,27.52,58.95,1.243
3332,S05,2025-02-19 20:00:00,24.95,34.98,1.496
3333,S05,2025-02-19 21:00:00,22.07,49.76,0.706
3334,S05,2025-02-19 22:00:00,25.66,30.43,0.775
3335,S05,2025-02-19 23:00:00,21.46,48.04,0.871
3336,S05,2025-02-20 00:00:00,14.82,41.48,1.668
3337,S05,2025-02-20 01:00:00,23.65,47.29,1.02
3338,S05,2025-02-20 02:00:00,26.12,44.4,0.523
3339,S05,2025-02-20 03:00:00,24.5,43.3,2.326
3340,S05,2025-02-20 04:00:00,19.61C,60.67,0.603
3341,S05,2025-02-20 05:00:00,10.7,,1.163
3342,S05,2025-02-20 06:00:00,18.78,45.16,1.861
3343,S05,2025-02-20 07:00:00,22.98,35.87,0.67
3344,S05,2025-02-20 08:00:00,20.09,36.93,0.436
3345,S05,2025-02-20 09:00:00,25.58,,0.607
3346,S05,2025-02-20 10:00:00,19.13,45.5,0.974
3347,S05,2025-02-20 11:00:00,23.19,37.86,0.345
3348,S05,2025-02-20 12:00:00,22.53,38.39,1.253
3349,S05,2025-02-20 13:00:00,22.77,58.7,1.003
3350,S05,2025-02-20 14:00:00,17.94,46.32,0.853
3351,S05,2025-02-20 15:00:00,21.99,36.34,1.11
3352,S05,2025-02-20 16:00:00,23.23,60.18,0.624
3353,S05,2025-02-20 17:00:00,21.39,48.85,0.364
3354,S05,2025-02-20 18:00:00,18.81,31.22,2.513
3355,S05,2025-02-20 19:00:00,21.42,32.61,0.775
3356,S05,2025-02-20 20:00:00,20.16,48.18,0.393
3357,S05,2025-02-20 21:00:00,24.21,37.68,2.138
3358,S05,2025-02-20 22:00:00,26.23,40.69,1.126
3359,S05,2025-02-20 23:00:00,24.45,63.17,1.223
3360,S05,2025-02-21 00:00:00,21.12,64.68,1.446
3361,S05,2025-02-21 01:00:00,19.62C,63.15,1.416
3362,S05,2025-02-21 02:00:00,20.89,49.9,0.334
3363,S05,2025-02-21 03:00:00,14.61,47.87,1.93
3364,S05,2025-02-21 04:00:00,20.83,33.9,0.819
3365,S05,2025-02-21 05:00:00,23.42,,1.387
3366,S05,2025-02-21 06:00:00,19.32C,46.28,0.82
3367,S05,2025-02-21 07:00:00,23.13C,46.8,1.287
3368,S05,2025-02-21 08:00:00,16.67,54.85,0.384
3369,S05,2025-02-21 09:00:00,21.48C,53.52,0.781
3370,S05,2025-02-21 10:00:00,20.93,50.09,1.537
3371,S05,2025-02-21 11:00:00,23.04,51.56,0.192
3372,S05,2025-02-21 12:00:00,22.22,47.92,0.403
3373,S05,2025-02-21 13:00:00,28.62,58.49,2.007
3374,S05,2025-02-21 14:00:00,12.52,34.42,3.039
3375,S05,2025-02-21 15:00:00,17.87,65.23,0.992
3376,S05,2025-02-21 16:00:00,20.35,51.34,1.597
3377,S05,2025-02-21 17:00:00,22.81,31.96,3.041
3378,S05,2025-02-21 18:00:00,20.73,48.2,1.415
3379,S05,2025-02-21 19:00:00,20.79,62.65,0.204
3380,S05,2025-02-21 20:00:00,18.24,39.34,0.535
3381,S05,2025-02-21 21:00:00,19.04,50.72,0.233
3382,S05,2025-02-21 22:00:00,20.65,44.72,0.266
3383,S05,2025-02-21 23:00:00,27.99,60.11,4.094
3384,S05,2025-02-22 00:00:00,17.53,,1.119
3385,S05,2025-02-22 01:00:00,28.42,39.24,0.189
3386,S05,2025-02-22 02:00:00,23.48,49.99,2.279
3387,S05,2025-02-22 03:00:00,19.55,,0.798
3388,S05,2025-02-22 04:00:00,23.03,46.53,0.919
3389,S05,2025-02-22 05:00:00,23.8,39.93,0.745
3390,S05,2025-02-22 06:00:00,17.26C,31.36,0.977
3391,S05,2025-02-22 07:00:00,16.14,45.04,0.593
3392,S05,2025-02-22 08:00:00,25.6,29.23,1.182
3393,S05,2025-02-22 09:00:00,18.44,36.79,1.511
3394,S05,2025-02-22 10:00:00,24.09,46.17,0.536
3395,S05,2025-02-22 11:00:00,23.68C,56.14,1.162
3396,S05,2025-02-22 12:00:00,16.74,54.31,1.645
3397,S05,2025-02-22 13:00:00,23.88,27.89,1.681
3398,S05,2025-02-22 14:00:00,23.78C,55.12,0.63
3399,S05,2025-02-22 15:00:00,26.1,24.7,0.578
3400,S05,2025-02-22 16:00:00,22.28,47.54,1.153
3401,S05,2025-02-22 17:00:00,23.91,46.4,0.096
3402,S05,2025-02-22 18:00:00,23.83,54.24,0.971
3403,S05,2025-02-22 19:00:00,22.13,47.15,0.742
3404,S05,2025-02-22 20:00:00,27.92,55.93,2.459
3405,S05,2025-02-22 21:00:00,26.05,39.38,0.98
3406,S05,2025-02-22 22:00:00,27.92,44.24,
3407,S05,2025-02-22 23:00:00,24.51,54.16,0.774
3408,S05,2025-02-23 00:00:00,23.5,40.13,0.365
3409,S05,2025-02-23 01:00:00,17.26,39.99,1.229
3410,S05,2025-02-23 02:00:00,18.41,46.13,1.699
3411,S05,2025-02-23 03:00:00,23.45,30.01,1.982
3412,S05,2025-02-23 04:00:00,19.9,43.08,0.59
3413,S05,2025-02-23 05:00:00,19.54,35.24,2.991
3414,S05,2025-02-23 06:00:00,21.36,60.09,2.626
3415,S05,2025-02-23 07:00:00,16.26,57.97,2.571
3416,S05,2025-02-23 08:00:00,21.69,52.46,0.585
3417,S05,2025-02-23 09:00:00,22.81,67.29,1.369
3418,S05,2025-02-23 10:00:00,20.52,47.53,1.728
3419,S05,2025-02-23 11:00:00,18.25,41.78,2.032
3420,S05,2025-02-23 12:00:00,27.06C,48.87,1.289
3421,S05,2025-02-23 13:00:00,23.21,48.56,2.116
3422,S05,2025-02-23 14:00:00,18.99,42.63,0.28
3423,S05,2025-02-23 15:00:00,20.46,49.07,1.0
3424,S05,2025-02-23 16:00:00,17.51,33.42,2.267
3425,S05,2025-02-23 17:00:00,17.28,35.71,0.77
3426,S05,2025-02-23 18:00:00,16.92C,48.22,1.669
3427,S05,2025-02-23 19:00:00,20.31,33.17,1.658
3428,S05,2025-02-23 20:00:00,24.25,56.55,2.27
3429,S05,2025-02-23 21:00:00,25.36,49.72,
3430,S05,2025-02-23 22:00:00,22.93C,39.44,0.175
3431,S05,2025-02-23 23:00:00,26.51,56.52,1.396
3432,S05,2025-02-24 00:00:00,21.69,47.84,0.197
3433,S05,2025-02-24 01:00:00,16.67,61.96,1.255
3434,S05,2025-02-24 02:00:00,17.74,43.41,1.4
3435,S05,2025-02-24 03:00:00,21.29,40.11,1.676
3436,S05,2025-02-24 04:00:00,22.63,49.84,0.338
3437,S05,2025-02-24 05:00:00,24.0,35.19,0.246
3438,S05,2025-02-24 06:00:00,16.74,55.73,2.394
3439,S05,2025-02-24 07:00:00,15.17,49.2,0.353
3440,S05,2025-02-24 08:00:00,27.27,13.04,1.34
3441,S05,2025-02-24 09:00:00,20.5C,45.06,2.085
3442,S05,2025-02-24 10:00:00,24.51,,1.85
3443,S05,2025-02-24 11:00:00,21.76,,0.391
3444,S05,2025-02-24 12:00:00,17.64,42.23,0.391
3445,S05,2025-02-24 13:00:00,26.18,41.95,0.523
3446,S05,2025-02-24 14:00:00,23.53,25.45,1.478
3447,S05,2025-02-24 15:00:00,26.73,47.86,1.568
3448,S05,2025-02-24 16:00:00,24.26,44.7,0.582
3449,S05,2025-02-24 17:00:00,19.6,38.41,0.654
3450,S05,2025-02-24 18:00:00,22.62,,2.593
3451,S05,2025-02-24 19:00:00,25.9,45.64,1.452
3452,S05,2025-02-24 20:00:00,20.96,56.04,0.509
3453,S05,2025-02-24 21:00:00,23.77,49.74,0.417
3454,S05,2025-02-24 22:00:00,26.86,,1.832
3455,S05,2025-02-24 23:00:00,19.78,41.57,2.454
3456,S05,2025-02-25 00:00:00,18.94,40.21,2.7
3457,S05,2025-02-25 01:00:00,20.74,54.74,2.42
3458,S05,2025-02-25 02:00:00,23.25,48.77,0.924
3459,S05,2025-02-25 03:00:00,20.23,40.04,0.565
3460,S05,2025-02-25 04:00:00,18.51,58.66,2.64
3461,S05,2025-02-25 05:00:00,22.52,53.25,1.083
3462,S05,2025-02-25 06:00:00,19.14,36.9,0.638
3463,S05,2025-02-25 07:00:00,22.39,50.53,0.601
3464,S05,2025-02-25 08:00:00,22.36,47.22,1.394
3465,S05,2025-02-25 09:00:00,20.84,,0.415
3466,S05,2025-02-25 10:00:00,24.17,52.45,0.476
3467,S05,2025-02-25 11:00:00,25.29,41.99,2.865
3468,S05,2025-02-25 12:00:00,17.96,40.18,2.145
3469,S05,2025-02-25 13:00:00,23.61,34.35,1.138
3470,S05,2025-02-25 14:00:00,21.7,48.29,1.074
3471,S05,2025-02-25 15:00:00,21.44,44.51,0.657
3472,S05,2025-02-25 16:00:00,22.76,28.0,0.244
3473,S05,2025-02-25 17:00:00,26.2,45.67,0.241
3474,S05,2025-02-25 18:00:00,22.37,49.2,2.884
3475,S05,2025-02-25 19:00:00,21.99,47.0,1.554
3476,S05,2025-02-25 20:00:00,19.34,42.47,0.624
3477,S05,2025-02-25 21:00:00,22.77,52.63,0.098
3478,S05,2025-02-25 22:00:00,23.42,39.74,0.173
3479,S05,2025-02-25 23:00:00,20.71,30.47,0.74
3480,S05,2025-02-26 00:00:00,19.22,60.3,1.387
3481,S05,2025-02-26 01:00:00,21.73,30.97,3.339
3482,S05,2025-02-26 02:00:00,24.62C,48.23,2.395
3483,S05,2025-02-26 03:00:00,19.75,62.97,0.48
3484,S05,2025-02-26 04:00:00,26.75,40.65,0.415
3485,S05,2025-02-26 05:00:00,23.91,57.49,1.361
3486,S05,2025-02-26 06:00:00,23.68,43.23,0.838
3487,S05,2025-02-26 07:00:00,23.02,42.82,1.481
3488,S05,2025-02-26 08:00:00,21.7,27.91,0.124
3489,S05,2025-02-26 09:00:00,19.67,51.99,1.875
3490,S05,2025-02-26 10:00:00,21.52,39.13,0.698
3491,S05,2025-02-26 11:00:00,22.06,53.0,1.708
3492,S05,2025-02-26 12:00:00,22.52,36.73,1.011
3493,S05,2025-02-26 13:00:00,26.82,46.73,1.354
3494,S05,2025-02-26 14:00:00,28.36,46.96,1.485
3495,S05,2025-02-26 15:00:00,24.13,58.74,1.752
3496,S05,2025-02-26 16:00:00,25.68,53.71,2.971
3497,S05,2025-02-26 17:00:00,20.76,33.92,0.598
3498,S05,2025-02-26 18:00:00,17.03,54.8,1.374
3499,S05,2025-02-26 19:00:00,22.84,44.28,0.397
3500,S05,2025-02-26 20:00:00,24.04,38.62,0.907
3501,S05,2025-02-26 21:00:00,27.66,40.88,0.484
3502,S05,2025-02-26 22:00:00,30.87,55.04,1.381
3503,S05,2025-02-26 23:00:00,24.56,29.52,0.581
3504,S05,2025-02-27 00:00:00,24.24,40.54,0.655
3505,S05,2025-02-27 01:00:00,23.81,34.52,0.45
3506,S05,2025-02-27 02:00:00,21.28,45.51,1.845
3507,S05,2025-02-27 03:00:00,23.27,42.58,1.036
3508,S05,2025-02-27 04:00:00,22.1C,33.72,0.908
3509,S05,2025-02-27 05:00:00,25.76,42.85,0.266
3510,S05,2025-02-27 06:00:00,18.08,43.26,0.315
3511,S05,2025-02-27 07:00:00,14.45,41.69,1.558
3512,S05,2025-02-27 08:00:00,21.96,46.19,0.664
3513,S05,2025-02-27 09:00:00,24.49,56.73,1.239
3514,S05,2025-02-27 10:00:00,25.02,45.03,0.801
3515,S05,2025-02-27 11:00:00,20.32,45.63,
3516,S05,2025-02-27 12:00:00,23.81,51.33,0.556
3517,S05,2025-02-27 13:00:00,20.36C,42.8,1.986
3518,S05,2025-02-27 14:00:00,24.53,42.85,0.889
3519,S05,2025-02-27 15:00:00,20.39,39.12,0.54
3520,S05,2025-02-27 16:00:00,19.56,38.46,0.913
3521,S05,2025-02-27 17:00:00,25.76,37.81,1.394
3522,S05,2025-02-27 18:00:00,19.32,46.62,1.852
3523,S05,2025-02-27 19:00:00,18.81,21.54,1.042
3524,S05,2025-02-27 20:00:00,25.76,40.17,1.072
3525,S05,2025-02-27 21:00:00,23.84,46.61,1.614
3526,S05,2025-02-27 22:00:00,16.74,54.89,1.478
3527,S05,2025-02-27 23:00:00,27.38C,59.21,0.053
3528,S05,2025-02-28 00:00:00,16.7C,29.56,1.589
3529,S05,2025-02-28 01:00:00,19.18,38.09,2.119
3530,S05,2025-02-28 02:00:00,20.35,43.55,0.179
3531,S05,2025-02-28 03:00:00,26.88,27.41,0.467
3532,S05,2025-02-28 04:00:00,20.92,37.59,0.822
3533,S05,2025-02-28 05:00:00,23.85,45.95,1.547
3534,S05,2025-02-28 06:00:00,20.87,42.07,
3535,S05,2025-02-28 07:00:00,22.98,26.35,0.772
3536,S05,2025-02-28 08:00:00,17.37C,51.75,1.352
3537,S05,2025-02-28 09:00:00,21.75,35.63,2.219
3538,S05,2025-02-28 10:00:00,20.06,44.83,1.712
3539,S05,2025-02-28 11:00:00,19.0,27.94,0.356
3540,S05,2025-02-28 12:00:00,23.08,43.79,0.222
3541,S05,2025-02-28 13:00:00,25.46,53.15,1.21
3542,S05,2025-02-28 14:00:00,23.92C,53.84,0.375
3543,S05,2025-02-28 15:00:00,21.7,53.29,0.076
3544,S05,2025-02-28 16:00:00,25.0,49.63,1.233
3545,S05,2025-02-28 17:00:00,19.62C,35.8,1.48
3546,S05,2025-02-28 18:00:00,24.05,30.74,1.766
3547,S05,2025-02-28 19:00:00,24.81,58.45,1.598
3548,S05,2025-02-28 20:00:00,23.13,32.17,0.889
3549,S05,2025-02-28 21:00:00,22.78,35.57,2.292
3550,S05,2025-02-28 22:00:00,24.06,51.8,1.595
3551,S05,2025-02-28 23:00:00,22.15,45.52,1.148
3552,S05,2025-03-01 00:00:00,19.73,57.52,2.998
3553,S05,2025-03-01 01:00:00,22.75,40.3,0.32
3554,S05,2025-03-01 02:00:00,14.93,,1.26
3555,S05,2025-03-01 03:00:00,24.58C,73.13,0.598
3556,S05,2025-03-01 04:00:00,22.36,38.73,1.347
3557,S05,2025-03-01 05:00:00,21.78,44.28,0.443
3558,S05,2025-03-01 06:00:00,18.27,39.27,0.715
3559,S05,2025-03-01 07:00:00,20.2,43.11,1.085
3560,S05,2025-03-01 08:00:00,19.8,40.22,0.409
3561,S05,2025-03-01 09:00:00,23.77,,1.06
3562,S05,2025-03-01 10:00:00,23.77,53.9,3.359
3563,S05,2025-03-01 11:00:00,25.48,47.22,2.202
3564,S05,2025-03-01 12:00:00,22.35,53.02,1.575
3565,S05,2025-03-01 13:00:00,16.26,35.25,2.487
3566,S05,2025-03-01 14:00:00,19.57,49.22,0.679
3567,S05,2025-03-01 15:00:00,21.5,39.26,1.561
3568,S05,2025-03-01 16:00:00,23.73,55.63,2.088
3569,S05,2025-03-01 17:00:00,18.4,48.62,1.983
3570,S05,2025-03-01 18:00:00,22.43,,1.503
3571,S05,2025-03-01 19:00:00,23.37,44.85,1.951
3572,S05,2025-03-01 20:00:00,21.54,32.11,1.118
3573,S05,2025-03-01 21:00:00,22.9,41.97,1.361
3574,S05,2025-03-01 22:00:00,30.42,55.02,0.901
3575,S05,2025-03-01 23:00:00,23.7,65.11,1.527
3576,S05,2025-03-02 00:00:00,26.22,49.54,1.88
3577,S05,2025-03-02 01:00:00,21.17,49.88,5.071
3578,S05,2025-03-02 02:00:00,18.48,50.26,1.289
3579,S05,2025-03-02 03:00:00,22.4,42.86,0.73
3580,S05,2025-03-02 04:00:00,19.67,26.44,1.725
3581,S05,2025-03-02 05:00:00,20.84,,0.465
3582,S05,2025-03-02 06:00:00,14.48,47.36,0.666
3583,S05,2025-03-02 07:00:00,22.37,45.21,0.122
3584,S05,2025-03-02 08:00:00,19.73,48.24,0.537
3585,S05,2025-03-02 09:00:00,24.99C,49.75,0.229
3586,S05,2025-03-02 10:00:00,22.09,46.36,2.123
3587,S05,2025-03-02 11:00:00,20.77,55.18,1.117
3588,S05,2025-03-02 12:00:00,18.92,44.77,3.584
3589,S05,2025-03-02 13:00:00,22.26,,0.451
3590,S05,2025-03-02 14:00:00,21.22,41.93,0.334
3591,S05,2025-03-02 15:00:00,20.17,41.47,1.667
3592,S05,2025-03-02 16:00:00,28.21C,34.68,0.698
3593,S05,2025-03-02 17:00:00,22.35,37.07,1.459
3594,S05,2025-03-02 18:00:00,25.59,20.57,1.855
3595,S05,2025-03-02 19:00:00,27.46,32.78,0.327
3596,S05,2025-03-02 20:00:00,24.43,42.52,0.507
3597,S05,2025-03-02 21:00:00,25.24,54.11,0.167
3598,S05,2025-03-02 22:00:00,25.03,36.48,0.578
3599,S05,2025-03-02 23:00:00,26.53,41.68,0.784
3600,S06,2025-02-01 00:00:00,21.93,43.3,0.46
3601,S06,2025-02-01 01:00:00,21.86,44.53,0.721
3602,S06,2025-02-01 02:00:00,20.93,25.87,0.612
3603,S06,2025-02-01 03:00:00,19.23,39.77,1.12
3604,S06,2025-02-01 04:00:00,19.52,65.86,1.744
3605,S06,2025-02-01 05:00:00,19.06,54.42,0.577
3606,S06,2025-02-01 06:00:00,21.69,38.53,1.733
3607,S06,2025-02-01 07:00:00,25.16,46.96,1.622
3608,S06,2025-02-01 08:00:00,18.6,54.68,0.787
3609,S06,2025-02-01 09:00:00,19.74,42.98,2.978
3610,S06,2025-02-01 10:00:00,18.78,50.99,0.651
3611,S06,2025-02-01 11:00:00,21.69,46.57,0.46
3612,S06,2025-02-01 12:00:00,25.05,37.09,0.428
3613,S06,2025-02-01 13:00:00,21.16,45.78,1.418
3614,S06,2025-02-01 14:00:00,23.21,33.6,2.368
3615,S06,2025-02-01 15:00:00,15.55,44.43,2.198
3616,S06,2025-02-01 16:00:00,22.16,48.3,0.244
3617,S06,2025-02-01 17:00:00,24.19,39.75,1.511
3618,S06,2025-02-01 18:00:00,21.07,49.74,0.099
3619,S06,2025-02-01 19:00:00,18.2,47.42,1.218
3620,S06,2025-02-01 20:00:00,24.56,45.53,1.477
3621,S06,2025-02-01 21:00:00,23.02,40.51,2.904
3622,S06,2025-02-01 22:00:00,28.88,37.15,0.732
3623,S06,2025-02-01 23:00:00,21.93C,46.58,1.037
3624,S06,2025-02-02 00:00:00,19.73,46.49,0.241
3625,S06,2025-02-02 01:00:00,19.21,54.71,0.424
3626,S06,2025-02-02 02:00:00,20.8,27.43,0.804
3627,S06,2025-02-02 03:00:00,15.24,47.88,1.357
3628,S06,2025-02-02 04:00:00,24.83C,42.13,1.929
3629,S06,2025-02-02 05:00:00,22.84,40.71,1.228
3630,S06,2025-02-02 06:00:00,20.42,32.94,0.817
3631,S06,2025-02-02 07:00:00,20.18,67.02,1.978
3632,S06,2025-02-02 08:00:00,22.94,51.87,1.558
3633,S06,2025-02-02 09:00:00,22.62,45.56,2.712
3634,S06,2025-02-02 10:00:00,20.45,49.88,1.686
3635,S06,2025-02-02 11:00:00,21.35,29.45,0.581
3636,S06,2025-02-02 12:00:00,23.02C,43.9,0.736
3637,S06,2025-02-02 13:00:00,20.89,47.19,1.805
3638,S06,2025-02-02 14:00:00,21.32,44.81,2.28
3639,S06,2025-02-02 15:00:00,21.19,31.74,4.183
3640,S06,2025-02-02 16:00:00,21.53,41.66,2.224
3641,S06,2025-02-02 17:00:00,18.9,61.54,2.181
3642,S06,2025-02-02 18:00:00,20.1,54.66,0.669
3643,S06,2025-02-02 19:00:00,24.14,49.1,3.685
3644,S06,2025-02-02 20:00:00,25.54,51.12,0.646
3645,S06,2025-02-02 21:00:00,23.2C,70.85,0.942
3646,S06,2025-02-02 22:00:00,12.9,50.38,3.609
3647,S06,2025-02-02 23:00:00,19.26,39.64,1.492
3648,S06,2025-02-03 00:00:00,21.41,28.83,0.599
3649,S06,2025-02-03 01:00:00,25.35,46.32,
3650,S06,2025-02-03 02:00:00,24.08,45.01,0.879
3651,S06,2025-02-03 03:00:00,20.04,26.35,0.65
3652,S06,2025-02-03 04:00:00,19.76,40.56,1.908
3653,S06,2025-02-03 05:00:00,19.68,44.17,0.162
3654,S06,2025-02-03 06:00:00,26.25,41.41,0.599
3655,S06,2025-02-03 07:00:00,21.95,22.96,0.684
3656,S06,2025-02-03 08:00:00,18.69,33.02,1.96
3657,S06,2025-02-03 09:00:00,24.38,32.6,0.571
3658,S06,2025-02-03 10:00:00,24.17,56.75,0.498
3659,S06,2025-02-03 11:00:00,15.89,42.72,0.579
3660,S06,2025-02-03 12:00:00,20.15,33.9,
3661,S06,2025-02-03 13:00:00,25.15,50.9,0.367
3662,S06,2025-02-03 14:00:00,25.01,27.23,1.926
3663,S06,2025-02-03 15:00:00,18.79,40.04,0.496
3664,S06,2025-02-03 16:00:00,22.62,49.63,1.488
3665,S06,2025-02-03 17:00:00,25.37,34.98,2.282
3666,S06,2025-02-03 18:00:00,23.94,34.63,0.708
3667,S06,2025-02-03 19:00:00,19.97,27.63,0.812
3668,S06,2025-02-03 20:00:00,22.69,36.12,0.704
3669,S06,2025-02-03 21:00:00,25.35,51.91,3.687
3670,S06,2025-02-03 22:00:00,24.99,47.79,0.919
3671,S06,2025-02-03 23:00:00,20.84,54.01,0.727
3672,S06,2025-02-04 00:00:00,27.17,,0.42
3673,S06,2025-02-04 01:00:00,21.05,69.02,0.273
3674,S06,2025-02-04 02:00:00,16.11,27.52,0.972
3675,S06,2025-02-04 03:00:00,19.73,34.43,0.553
3676,S06,2025-02-04 04:00:00,12.75C,22.14,0.969
3677,S06,2025-02-04 05:00:00,18.98,48.61,0.569
3678,S06,2025-02-04 06:00:00,21.03,46.6,0.346
3679,S06,2025-02-04 07:00:00,28.43,65.2,0.065
3680,S06,2025-02-04 08:00:00,22.04,39.38,0.629
3681,S06,2025-02-04 09:00:00,22.71,39.98,0.417
3682,S06,2025-02-04 10:00:00,24.02,10.76,0.319
3683,S06,2025-02-04 11:00:00,22.55,,0.763
3684,S06,2025-02-04 12:00:00,20.31,44.33,0.913
3685,S06,2025-02-04 13:00:00,26.24,36.73,0.373
3686,S06,2025-02-04 14:00:00,23.92,49.29,0.743
3687,S06,2025-02-04 15:00:00,27.1,33.82,2.077
3688,S06,2025-02-04 16:00:00,25.73,47.05,1.336
3689,S06,2025-02-04 17:00:00,20.08,45.76,1.494
3690,S06,2025-02-04 18:00:00,21.64,27.16,2.187
3691,S06,2025-02-04 19:00:00,21.96,50.16,2.316
3692,S06,2025-02-04 20:00:00,22.16,55.25,2.422
3693,S06,2025-02-04 21:00:00,24.78,45.02,0.7
3694,S06,2025-02-04 22:00:00,23.08,51.76,0.165
3695,S06,2025-02-04 23:00:00,21.42,50.36,1.591
3696,S06,2025-02-05 00:00:00,24.64,41.61,0.157
3697,S06,2025-02-05 01:00:00,24.48,50.86,0.408
3698,S06,2025-02-05 02:00:00,20.73,62.34,0.465
3699,S06,2025-02-05 03:00:00,17.65C,33.63,0.719
3700,S06,2025-02-05 04:00:00,19.1,48.05,0.435
3701,S06,2025-02-05 05:00:00,18.85,40.19,0.652
3702,S06,2025-02-05 06:00:00,18.6,43.99,1.465
3703,S06,2025-02-05 07:00:00,18.51,40.52,2.799
3704,S06,2025-02-05 08:00:00,22.23,40.46,0.339
3705,S06,2025-02-05 09:00:00,22.55,45.38,1.26
3706,S06,2025-02-05 10:00:00,23.1,38.76,0.423
3707,S06,2025-02-05 11:00:00,19.24,47.45,0.158
3708,S06,2025-02-05 12:00:00,23.01,23.67,1.893
3709,S06,2025-02-05 13:00:00,28.14,52.69,0.712
3710,S06,2025-02-05 14:00:00,23.13,38.32,1.42
3711,S06,2025-02-05 15:00:00,21.43,37.76,1.158
3712,S06,2025-02-05 16:00:00,30.76,55.13,0.27
3713,S06,2025-02-05 17:00:00,23.81,52.07,1.514
3714,S06,2025-02-05 18:00:00,21.2,50.78,0.351
3715,S06,2025-02-05 19:00:00,25.78,50.49,0.632
3716,S06,2025-02-05 20:00:00,21.25,46.78,0.345
3717,S06,2025-02-05 21:00:00,22.43,34.84,1.172
3718,S06,2025-02-05 22:00:00,26.6,50.37,2.073
3719,S06,2025-02-05 23:00:00,22.01,,0.579
3720,S06,2025-02-06 00:00:00,15.99,50.65,0.934
3721,S06,2025-02-06 01:00:00,22.57,42.68,1.032
3722,S06,2025-02-06 02:00:00,23.11,42.46,1.028
3723,S06,2025-02-06 03:00:00,16.75,37.3,0.391
3724,S06,2025-02-06 04:00:00,19.92,58.22,0.62
3725,S06,2025-02-06 05:00:00,24.3,37.32,1.271
3726,S06,2025-02-06 06:00:00,21.99,49.84,2.167
3727,S06,2025-02-06 07:00:00,23.86,39.96,0.601
3728,S06,2025-02-06 08:00:00,21.21,33.18,0.455
3729,S06,2025-02-06 09:00:00,19.86,42.01,1.476
3730,S06,2025-02-06 10:00:00,20.23,30.39,0.3
3731,S06,2025-02-06 11:00:00,21.12,41.34,1.484
3732,S06,2025-02-06 12:00:00,22.7,,2.941
3733,S06,2025-02-06 13:00:00,14.42,35.87,0.357
3734,S06,2025-02-06 14:00:00,16.86,40.86,1.145
3735,S06,2025-02-06 15:00:00,22.66,45.64,2.824
3736,S06,2025-02-06 16:00:00,24.76,44.25,0.703
3737,S06,2025-02-06 17:00:00,21.01,32.9,0.694
3738,S06,2025-02-06 18:00:00,23.12,45.66,1.688
3739,S06,2025-02-06 19:00:00,20.09,37.26,1.983
3740,S06,2025-02-06 20:00:00,19.35,35.53,0.517
3741,S06,2025-02-06 21:00:00,24.02,41.93,1.376
3742,S06,2025-02-06 22:00:00,23.51,40.35,1.036
3743,S06,2025-02-06 23:00:00,22.36,52.24,1.867
3744,S06,2025-02-07 00:00:00,16.59,46.02,2.09
3745,S06,2025-02-07 01:00:00,20.77,,1.503
3746,S06,2025-02-07 02:00:00,20.52,65.25,2.908
3747,S06,2025-02-07 03:00:00,20.11C,56.53,1.051
3748,S06,2025-02-07 04:00:00,20.65,23.59,0.302
3749,S06,2025-02-07 05:00:00,20.07,29.78,1.183
3750,S06,2025-02-07 06:00:00,22.82,34.05,1.423
3751,S06,2025-02-07 07:00:00,22.6,55.8,0.547
3752,S06,2025-02-07 08:00:00,26.8,33.11,0.938
3753,S06,2025-02-07 09:00:00,25.85,43.78,0.182
3754,S06,2025-02-07 10:00:00,21.74,41.53,0.829
3755,S06,2025-02-07 11:00:00,18.42,56.0,1.133
3756,S06,2025-02-07 12:00:00,24.0,,0.272
3757,S06,2025-02-07 13:00:00,20.55,48.94,0.268
3758,S06,2025-02-07 14:00:00,26.9,42.82,4.063
3759,S06,2025-02-07 15:00:00,18.25,57.65,0.914
3760,S06,2025-02-07 16:00:00,21.48,49.68,1.03
3761,S06,2025-02-07 17:00:00,27.38C,52.06,0.735
3762,S06,2025-02-07 18:00:00,23.05,41.75,1.454
3763,S06,2025-02-07 19:00:00,25.3,43.44,2.988
3764,S06,2025-02-07 20:00:00,25.25,54.92,1.801
3765,S06,2025-02-07 21:00:00,22.05,63.55,1.084
3766,S06,2025-02-07 22:00:00,26.08,43.78,1.231
3767,S06,2025-02-07 23:00:00,21.23,49.74,1.8
3768,S06,2025-02-08 00:00:00,19.37,35.05,0.916
3769,S06,2025-02-08 01:00:00,26.65,60.01,2.06
3770,S06,2025-02-08 02:00:00,20.08,33.97,0.341
3771,S06,2025-02-08 03:00:00,21.84,49.36,0.131
3772,S06,2025-02-08 04:00:00,17.78,49.43,1.731
3773,S06,2025-02-08 05:00:00,24.97C,37.41,1.67
3774,S06,2025-02-08 06:00:00,18.52,33.52,2.63
3775,S06,2025-02-08 07:00:00,19.19,43.74,1.091
3776,S06,2025-02-08 08:00:00,19.74C,54.72,2.653
3777,S06,2025-02-08 09:00:00,18.89,31.16,2.134
3778,S06,2025-02-08 10:00:00,17.65,40.82,1.049
3779,S06,2025-02-08 11:00:00,21.09,18.29,0.597
3780,S06,2025-02-08 12:00:00,20.67,42.99,0.852
3781,S06,2025-02-08 13:00:00,21.93,33.11,4.226
3782,S06,2025-02-08 14:00:00,19.51,39.36,1.782
3783,S06,2025-02-08 15:00:00,19.89,44.52,0.72
3784,S06,2025-02-08 16:00:00,21.74,37.62,0.211
3785,S06,2025-02-08 17:00:00,22.81,52.15,3.794
3786,S06,2025-02-08 18:00:00,20.26,56.0,0.052
3787,S06,2025-02-08 19:00:00,23.0,56.67,0.446
3788,S06,2025-02-08 20:00:00,22.57C,,2.076
3789,S06,2025-02-08 21:00:00,26.47,40.02,0.495
3790,S06,2025-02-08 22:00:00,25.4,52.14,0.37
3791,S06,2025-02-08 23:00:00,25.16,54.94,0.097
3792,S06,2025-02-09 00:00:00,23.18,39.58,0.598
3793,S06,2025-02-09 01:00:00,18.55,44.34,1.039
3794,S06,2025-02-09 02:00:00,24.49,42.4,
3795,S06,2025-02-09 03:00:00,21.23,52.34,0.492
3796,S06,2025-02-09 04:00:00,19.41,39.65,1.18
3797,S06,2025-02-09 05:00:00,22.17,21.82,0.304
3798,S06,2025-02-09 06:00:00,18.02,50.62,1.401
3799,S06,2025-02-09 07:00:00,26.46,53.99,0.997
3800,S06,2025-02-09 08:00:00,22.18,46.86,0.433
3801,S06,2025-02-09 09:00:00,17.24,,0.545
3802,S06,2025-02-09 10:00:00,18.47,44.27,0.334
3803,S06,2025-02-09 11:00:00,20.41,32.33,0.66
3804,S06,2025-02-09 12:00:00,20.42,48.43,2.478
3805,S06,2025-02-09 13:00:00,23.5,40.14,2.089
3806,S06,2025-02-09 14:00:00,24.91,32.36,0.63
3807,S06,2025-02-09 15:00:00,25.45C,55.64,4.645
3808,S06,2025-02-09 16:00:00,24.22,44.2,0.656
3809,S06,2025-02-09 17:00:00,20.07C,16.45,0.338
3810,S06,2025-02-09 18:00:00,26.19,50.36,1.85
3811,S06,2025-02-09 19:00:00,26.66,45.27,0.579
3812,S06,2025-02-09 20:00:00,17.59,39.78,0.129
3813,S06,2025-02-09 21:00:00,21.73,40.42,0.609
3814,S06,2025-02-09 22:00:00,22.5,49.73,1.235
3815,S06,2025-02-09 23:00:00,21.42,51.2,0.658
3816,S06,2025-02-10 00:00:00,23.25,51.62,2.462
3817,S06,2025-02-10 01:00:00,21.71,56.23,0.606
3818,S06,2025-02-10 02:00:00,20.7,38.5,0.157
3819,S06,2025-02-10 03:00:00,17.12,60.91,0.477
3820,S06,2025-02-10 04:00:00,14.84,71.7,1.259
3821,S06,2025-02-10 05:00:00,18.25,46.34,3.406
3822,S06,2025-02-10 06:00:00,18.7,49.7,0.811
3823,S06,2025-02-10 07:00:00,18.64,,2.1
3824,S06,2025-02-10 08:00:00,15.24,57.7,1.185
3825,S06,2025-02-10 09:00:00,17.09,32.31,1.634
3826,S06,2025-02-10 10:00:00,20.44,56.03,1.1
3827,S06,2025-02-10 11:00:00,22.81,39.78,0.509
3828,S06,2025-02-10 12:00:00,20.44,45.58,1.522
3829,S06,2025-02-10 13:00:00,21.45,49.39,0.995
3830,S06,2025-02-10 14:00:00,22.06,51.51,0.631
3831,S06,2025-02-10 15:00:00,22.22,43.37,1.642
3832,S06,2025-02-10 16:00:00,26.07,49.78,0.744
3833,S06,2025-02-10 17:00:00,20.4,56.66,2.259
3834,S06,2025-02-10 18:00:00,23.47,47.8,
3835,S06,2025-02-10 19:00:00,19.17,58.05,0.228
3836,S06,2025-02-10 20:00:00,26.6,42.8,1.773
3837,S06,2025-02-10 21:00:00,25.45C,25.56,1.706
3838,S06,2025-02-10 22:00:00,26.36,43.82,1.464
3839,S06,2025-02-10 23:00:00,23.95,44.48,3.443
3840,S06,2025-02-11 00:00:00,19.82,44.46,1.422
3841,S06,2025-02-11 01:00:00,16.59C,29.23,0.11
3842,S06,2025-02-11 02:00:00,21.39C,31.38,1.086
3843,S06,2025-02-11 03:00:00,24.59,40.27,1.893
3844,S06,2025-02-11 04:00:00,12.7,44.84,0.869
3845,S06,2025-02-11 05:00:00,26.04,42.36,0.671
3846,S06,2025-02-11 06:00:00,18.69,56.67,0.267
3847,S06,2025-02-11 07:00:00,22.63,49.85,0.985
3848,S06,2025-02-11 08:00:00,19.0,47.37,0.571
3849,S06,2025-02-11 09:00:00,21.09,42.3,0.672
3850,S06,2025-02-11 10:00:00,24.07,29.55,1.099
3851,S06,2025-02-11 11:00:00,21.3C,,0.248
3852,S06,2025-02-11 12:00:00,27.26,41.8,1.002
3853,S06,2025-02-11 13:00:00,22.25,48.32,0.091
3854,S06,2025-02-11 14:00:00,24.18,63.27,0.486
3855,S06,2025-02-11 15:00:00,20.64,44.78,0.947
3856,S06,2025-02-11 16:00:00,21.12,65.04,1.444
3857,S06,2025-02-11 17:00:00,21.58,39.12,0.616
3858,S06,2025-02-11 18:00:00,24.36,38.95,3.129
3859,S06,2025-02-11 19:00:00,27.91,34.77,0.62
3860,S06,2025-02-11 20:00:00,23.29,46.2,0.735
3861,S06,2025-02-11 21:00:00,19.59,24.12,0.752
3862,S06,2025-02-11 22:00:00,21.7,47.21,3.834
3863,S06,2025-02-11 23:00:00,19.64,49.1,2.679
3864,S06,2025-02-12 00:00:00,21.61,52.28,0.023
3865,S06,2025-02-12 01:00:00,20.42,48.24,0.796
3866,S06,2025-02-12 02:00:00,17.36,52.43,3.559
3867,S06,2025-02-12 03:00:00,19.6,51.71,1.145
3868,S06,2025-02-12 04:00:00,23.54,45.42,0.435
3869,S06,2025-02-12 05:00:00,22.29C,47.73,0.704
3870,S06,2025-02-12 06:00:00,19.43C,39.87,0.194
3871,S06,2025-02-12 07:00:00,23.45,42.9,2.49
3872,S06,2025-02-12 08:00:00,22.55C,59.45,1.851
3873,S06,2025-02-12 09:00:00,19.94,33.28,1.146
3874,S06,2025-02-12 10:00:00,22.24,56.01,4.312
3875,S06,2025-02-12 11:00:00,27.33,52.78,0.536
3876,S06,2025-02-12 12:00:00,18.78,29.51,0.875
3877,S06,2025-02-12 13:00:00,25.13,28.72,0.698
3878,S06,2025-02-12 14:00:00,21.89,39.22,3.088
3879,S06,2025-02-12 15:00:00,24.3,48.48,0.844
3880,S06,2025-02-12 16:00:00,23.77,40.85,1.037
3881,S06,2025-02-12 17:00:00,23.57,51.94,
3882,S06,2025-02-12 18:00:00,22.45,42.86,0.366
3883,S06,2025-02-12 19:00:00,23.06,31.35,0.164
3884,S06,2025-02-12 20:00:00,25.18,49.74,0.751
3885,S06,2025-02-12 21:00:00,24.69,52.54,0.893
3886,S06,2025-02-12 22:00:00,19.23,42.19,1.152
3887,S06,2025-02-12 23:00:00,24.98,42.34,2.61
3888,S06,2025-02-13 00:00:00,24.03,,0.494
3889,S06,2025-02-13 01:00:00,22.97,52.76,1.075
3890,S06,2025-02-13 02:00:00,21.12,61.36,0.928
3891,S06,2025-02-13 03:00:00,15.31,45.65,0.472
3892,S06,2025-02-13 04:00:00,22.53,30.93,1.44
3893,S06,2025-02-13 05:00:00,22.89,31.25,1.803
3894,S06,2025-02-13 06:00:00,25.38,44.05,0.639
3895,S06,2025-02-13 07:00:00,18.46,31.85,2.208
3896,S06,2025-02-13 08:00:00,20.72,39.09,0.049
3897,S06,2025-02-13 09:00:00,20.0C,32.88,0.504
3898,S06,2025-02-13 10:00:00,20.91C,45.99,0.155
3899,S06,2025-02-13 11:00:00,16.8C,32.93,2.098
3900,S06,2025-02-13 12:00:00,20.62,54.06,2.324
3901,S06,2025-02-13 13:00:00,20.88,59.94,0.95
3902,S06,2025-02-13 14:00:00,21.19,59.61,1.53
3903,S06,2025-02-13 15:00:00,27.1,29.41,0.98
3904,S06,2025-02-13 16:00:00,20.74,57.17,0.385
3905,S06,2025-02-13 17:00:00,21.42,48.88,0.399
3906,S06,2025-02-13 18:00:00,26.16C,50.99,1.171
3907,S06,2025-02-13 19:00:00,21.38,49.98,0.745
3908,S06,2025-02-13 20:00:00,26.69,52.05,2.466
3909,S06,2025-02-13 21:00:00,24.64,49.49,1.035
3910,S06,2025-02-13 22:00:00,21.63,47.14,0.634
3911,S06,2025-02-13 23:00:00,21.55,44.37,
3912,S06,2025-02-14 00:00:00,20.57,38.78,0.603
3913,S06,2025-02-14 01:00:00,19.74,55.79,1.488
3914,S06,2025-02-14 02:00:00,20.75,,1.563
3915,S06,2025-02-14 03:00:00,18.92,41.45,0.477
3916,S06,2025-02-14 04:00:00,22.49,53.67,1.696
3917,S06,2025-02-14 05:00:00,18.94,49.77,1.168
3918,S06,2025-02-14 06:00:00,19.68,43.79,0.32
3919,S06,2025-02-14 07:00:00,20.67,44.83,1.096
3920,S06,2025-02-14 08:00:00,17.67C,26.12,1.469
3921,S06,2025-02-14 09:00:00,20.57,33.61,0.731
3922,S06,2025-02-14 10:00:00,21.05,41.08,0.92
3923,S06,2025-02-14 11:00:00,17.56,47.57,1.964
3924,S06,2025-02-14 12:00:00,16.7,48.63,0.301
3925,S06,2025-02-14 13:00:00,25.73,32.55,0.672
3926,S06,2025-02-14 14:00:00,21.46,39.9,1.761
3927,S06,2025-02-14 15:00:00,21.98,,2.808
3928,S06,2025-02-14 16:00:00,20.68,53.3,0.059
3929,S06,2025-02-14 17:00:00,27.32C,37.28,0.204
3930,S06,2025-02-14 18:00:00,22.23,36.11,1.801
3931,S06,2025-02-14 19:00:00,17.75,31.88,1.081
3932,S06,2025-02-14 20:00:00,24.57,43.98,1.551
3933,S06,2025-02-14 21:00:00,20.43,47.62,2.267
3934,S06,2025-02-14 22:00:00,24.72,54.45,0.56
3935,S06,2025-02-14 23:00:00,23.2,42.25,0.463
3936,S06,2025-02-15 00:00:00,23.88,53.95,0.3
3937,S06,2025-02-15 01:00:00,21.69,45.45,0.79
3938,S06,2025-02-15 02:00:00,19.34,46.98,3.823
3939,S06,2025-02-15 03:00:00,24.79,32.44,0.4
3940,S06,2025-02-15 04:00:00,28.77,61.77,2.82
3941,S06,2025-02-15 05:00:00,19.35,42.79,0.852
3942,S06,2025-02-15 06:00:00,24.27,56.71,0.352
3943,S06,2025-02-15 07:00:00,22.33,51.4,1.118
3944,S06,2025-02-15 08:00:00,22.7,41.69,1.223
3945,S06,2025-02-15 09:00:00,17.89,38.84,0.543
3946,S06,2025-02-15 10:00:00,18.81,52.17,2.301
3947,S06,2025-02-15 11:00:00,26.01,,1.449
3948,S06,2025-02-15 12:00:00,22.43,36.85,2.546
3949,S06,2025-02-15 13:00:00,20.57,36.77,0.949
3950,S06,2025-02-15 14:00:00,27.6C,36.63,0.488
3951,S06,2025-02-15 15:00:00,26.05,37.9,1.59
3952,S06,2025-02-15 16:00:00,24.76,59.05,1.789
3953,S06,2025-02-15 17:00:00,19.87C,45.47,0.31
3954,S06,2025-02-15 18:00:00,22.87,55.76,2.464
3955,S06,2025-02-15 19:00:00,27.39,,0.317
3956,S06,2025-02-15 20:00:00,17.21,43.39,1.37
3957,S06,2025-02-15 21:00:00,18.67C,,
3958,S06,2025-02-15 22:00:00,21.15C,34.26,1.098
3959,S06,2025-02-15 23:00:00,26.53,47.61,0.614
3960,S06,2025-02-16 00:00:00,20.89,45.01,0.829
3961,S06,2025-02-16 01:00:00,21.75,44.9,2.189
3962,S06,2025-02-16 02:00:00,21.09,43.52,1.691
3963,S06,2025-02-16 03:00:00,20.97,49.92,0.322
3964,S06,2025-02-16 04:00:00,24.38,39.29,0.151
3965,S06,2025-02-16 05:00:00,31.62,32.11,1.042
3966,S06,2025-02-16 06:00:00,22.5,38.51,1.384
3967,S06,2025-02-16 07:00:00,25.15,27.13,0.386
3968,S06,2025-02-16 08:00:00,20.12,,4.55
3969,S06,2025-02-16 09:00:00,26.31,60.18,0.991
3970,S06,2025-02-16 10:00:00,22.01,40.0,0.896
3971,S06,2025-02-16 11:00:00,22.41,,0.569
3972,S06,2025-02-16 12:00:00,20.67,64.29,1.264
3973,S06,2025-02-16 13:00:00,19.92,42.31,0.459
3974,S06,2025-02-16 14:00:00,20.72,49.84,0.692
3975,S06,2025-02-16 15:00:00,19.6,51.76,2.001
3976,S06,2025-02-16 16:00:00,18.8,60.56,1.111
3977,S06,2025-02-16 17:00:00,28.26,48.64,0.369
3978,S06,2025-02-16 18:00:00,24.26,37.89,0.975
3979,S06,2025-02-16 19:00:00,26.02,39.17,1.984
3980,S06,2025-02-16 20:00:00,24.74,35.33,0.71
3981,S06,2025-02-16 21:00:00,19.16,42.89,0.633
3982,S06,2025-02-16 22:00:00,23.64,51.24,0.828
3983,S06,2025-02-16 23:00:00,21.05,50.7,1.149
3984,S06,2025-02-17 00:00:00,17.85,39.67,2.502
3985,S06,2025-02-17 01:00:00,20.05,50.34,1.103
3986,S06,2025-02-17 02:00:00,21.03,27.95,0.404
3987,S06,2025-02-17 03:00:00,20.97C,44.05,3.694
3988,S06,2025-02-17 04:00:00,21.22,57.68,0.473
3989,S06,2025-02-17 05:00:00,20.13,43.72,0.105
3990,S06,2025-02-17 06:00:00,21.23,40.68,0.94
3991,S06,2025-02-17 07:00:00,25.01,57.13,1.607
3992,S06,2025-02-17 08:00:00,27.96,58.15,0.808
3993,S06,2025-02-17 09:00:00,24.93,45.52,0.831
3994,S06,2025-02-17 10:00:00,21.08,24.54,0.691
3995,S06,2025-02-17 11:00:00,23.06,51.99,0.492
3996,S06,2025-02-17 12:00:00,24.9,63.34,1.52
3997,S06,2025-02-17 13:00:00,25.19,36.36,2.006
3998,S06,2025-02-17 14:00:00,25.99,67.99,1.791
3999,S06,2025-02-17 15:00:00,26.19,36.4,1.823
4000,S06,2025-02-17 16:00:00,23.85,55.86,0.717
4001,S06,2025-02-17 17:00:00,21.96C,54.83,0.756
4002,S06,2025-02-17 18:00:00,18.35,53.17,1.05
4003,S06,2025-02-17 19:00:00,26.28,37.64,0.285
4004,S06,2025-02-17 20:00:00,25.07,53.22,0.92
4005,S06,2025-02-17 21:00:00,20.83,31.16,0.814
4006,S06,2025-02-17 22:00:00,23.57,45.16,1.326
4007,S06,2025-02-17 23:00:00,22.49,44.86,0.904
4008,S06,2025-02-18 00:00:00,18.91,45.83,0.753
4009,S06,2025-02-18 01:00:00,25.58,33.94,1.041
4010,S06,2025-02-18 02:00:00,19.45,37.82,1.165
4011,S06,2025-02-18 03:00:00,27.92C,27.47,1.216
4012,S06,2025-02-18 04:00:00,20.42,62.87,0.091
4013,S06,2025-02-18 05:00:00,18.82,47.61,0.46
4014,S06,2025-02-18 06:00:00,21.51,38.54,2.365
4015,S06,2025-02-18 07:00:00,28.47,47.92,0.781
4016,S06,2025-02-18 08:00:00,20.95,45.05,1.624
4017,S06,2025-02-18 09:00:00,23.09,60.97,1.894
4018,S06,2025-02-18 10:00:00,14.95,39.52,0.483
4019,S06,2025-02-18 11:00:00,23.62,56.66,1.151
4020,S06,2025-02-18 12:00:00,17.9,30.88,0.242
4021,S06,2025-02-18 13:00:00,21.8,44.01,1.008
4022,S06,2025-02-18 14:00:00,26.38,50.02,1.077
4023,S06,2025-02-18 15:00:00,21.7C,42.89,1.898
4024,S06,2025-02-18 16:00:00,24.75,55.02,1.821
4025,S06,2025-02-18 17:00:00,22.08,46.88,0.671
4026,S06,2025-02-18 18:00:00,21.9,39.4,0.819
4027,S06,2025-02-18 19:00:00,23.88,40.36,1.535
4028,S06,2025-02-18 20:00:00,26.45,58.36,0.402
4029,S06,2025-02-18 21:00:00,23.64,45.15,1.079
4030,S06,2025-02-18 22:00:00,23.44,41.92,1.613
4031,S06,2025-02-18 23:00:00,20.78,29.42,0.713
4032,S06,2025-02-19 00:00:00,15.15,30.95,1.912
4033,S06,2025-02-19 01:00:00,20.73,35.78,0.067
4034,S06,2025-02-19 02:00:00,19.95,51.25,2.81
4035,S06,2025-02-19 03:00:00,21.45,56.6,0.258
4036,S06,2025-02-19 04:00:00,23.9,38.48,3.22
4037,S06,2025-02-19 05:00:00,23.39,65.58,0.539
4038,S06,2025-02-19 06:00:00,18.46,47.22,0.665
4039,S06,2025-02-19 07:00:00,22.0,46.65,1.368
4040,S06,2025-02-19 08:00:00,22.22,47.55,0.822
4041,S06,2025-02-19 09:00:00,20.8,37.11,
4042,S06,2025-02-19 10:00:00,14.95,55.14,1.119
4043,S06,2025-02-19 11:00:00,19.43,46.87,
4044,S06,2025-02-19 12:00:00,21.7,51.86,0.631
4045,S06,2025-02-19 13:00:00,24.39,29.23,0.852
4046,S06,2025-02-19 14:00:00,21.34,31.79,0.39
4047,S06,2025-02-19 15:00:00,18.24,53.16,0.947
4048,S06,2025-02-19 16:00:00,26.64,59.58,0.355
4049,S06,2025-02-19 17:00:00,22.6,43.09,1.064
4050,S06,2025-02-19 18:00:00,21.49,42.74,0.803
4051,S06,2025-02-19 19:00:00,24.6,44.66,1.107
4052,S06,2025-02-19 20:00:00,25.22,40.44,0.442
4053,S06,2025-02-19 21:00:00,23.06C,34.11,1.257
4054,S06,2025-02-19 22:00:00,21.7,34.4,1.346
4055,S06,2025-02-19 23:00:00,21.89,58.44,1.437
4056,S06,2025-02-20 00:00:00,22.52,39.68,1.658
4057,S06,2025-02-20 01:00:00,19.88,52.89,
4058,S06,2025-02-20 02:00:00,21.93,30.14,0.904
4059,S06,2025-02-20 03:00:00,14.87,50.98,0.513
4060,S06,2025-02-20 04:00:00,19.25,57.78,2.114
4061,S06,2025-02-20 05:00:00,19.74,42.32,0.611
4062,S06,2025-02-20 06:00:00,19.62,55.69,1.749
4063,S06,2025-02-20 07:00:00,15.35,48.5,0.866
4064,S06,2025-02-20 08:00:00,19.99,69.6,1.632
4065,S06,2025-02-20 09:00:00,26.18,43.32,1.649
4066,S06,2025-02-20 10:00:00,22.53,,0.797
4067,S06,2025-02-20 11:00:00,20.19,35.1,1.734
4068,S06,2025-02-20 12:00:00,19.76C,44.43,0.266
4069,S06,2025-02-20 13:00:00,18.0,52.8,2.786
4070,S06,2025-02-20 14:00:00,22.89,38.01,0.736
4071,S06,2025-02-20 15:00:00,20.01,58.85,0.302
4072,S06,2025-02-20 16:00:00,21.32,40.05,1.425
4073,S06,2025-02-20 17:00:00,25.32,,2.783
4074,S06,2025-02-20 18:00:00,25.63,59.02,1.425
4075,S06,2025-02-20 19:00:00,24.81,39.86,1.741
4076,S06,2025-02-20 20:00:00,18.13,47.19,
4077,S06,2025-02-20 21:00:00,21.56,43.06,0.328
4078,S06,2025-02-20 22:00:00,26.93,37.98,1.035
4079,S06,2025-02-20 23:00:00,20.0,51.12,0.569
4080,S06,2025-02-21 00:00:00,23.85,24.16,1.052
4081,S06,2025-02-21 01:00:00,20.16,35.19,0.548
4082,S06,2025-02-21 02:00:00,23.23,44.27,1.596
4083,S06,2025-02-21 03:00:00,19.29,,0.942
4084,S06,2025-02-21 04:00:00,17.19,37.0,0.568
4085,S06,2025-02-21 05:00:00,17.79,32.4,0.074
4086,S06,2025-02-21 06:00:00,25.35,61.39,1.597
4087,S06,2025-02-21 07:00:00,20.16,,0.803
4088,S06,2025-02-21 08:00:00,17.61,51.32,0.272
4089,S06,2025-02-21 09:00:00,23.88,46.82,0.078
4090,S06,2025-02-21 10:00:00,16.95,56.83,1.618
4091,S06,2025-02-21 11:00:00,21.24,48.66,0.94
4092,S06,2025-02-21 12:00:00,22.89,32.5,1.571
4093,S06,2025-02-21 13:00:00,22.91,45.49,2.809
4094,S06,2025-02-21 14:00:00,23.44,55.41,2.296
4095,S06,2025-02-21 15:00:00,22.06,29.18,0.549
4096,S06,2025-02-21 16:00:00,15.1,39.55,0.874
4097,S06,2025-02-21 17:00:00,23.36,46.09,1.1
4098,S06,2025-02-21 18:00:00,22.64,45.52,1.496
4099,S06,2025-02-21 19:00:00,22.33,,
4100,S06,2025-02-21 20:00:00,24.54,47.4,1.265
4101,S06,2025-02-21 21:00:00,25.52,48.98,1.714
4102,S06,2025-02-21 22:00:00,24.01,63.77,0.215
4103,S06,2025-02-21 23:00:00,28.02,37.43,0.838
4104,S06,2025-02-22 00:00:00,26.65,45.03,1.34
4105,S06,2025-02-22 01:00:00,21.08C,34.69,1.352
4106,S06,2025-02-22 02:00:00,19.32,56.38,0.212
4107,S06,2025-02-22 03:00:00,16.63,49.19,4.138
4108,S06,2025-02-22 04:00:00,22.4,51.18,0.829
4109,S06,2025-02-22 05:00:00,15.49,50.02,0.818
4110,S06,2025-02-22 06:00:00,26.02C,63.18,0.363
4111,S06,2025-02-22 07:00:00,24.05,42.04,0.678
4112,S06,2025-02-22 08:00:00,19.69C,48.0,1.23
4113,S06,2025-02-22 09:00:00,23.46,50.74,1.496
4114,S06,2025-02-22 10:00:00,18.95,34.58,1.543
4115,S06,2025-02-22 11:00:00,18.41,29.73,2.498
4116,S06,2025-02-22 12:00:00,24.16,53.51,1.666
4117,S06,2025-02-22 13:00:00,18.96,46.48,1.988
4118,S06,2025-02-22 14:00:00,22.9,53.25,1.09
4119,S06,2025-02-22 15:00:00,21.93,45.01,1.49
4120,S06,2025-02-22 16:00:00,27.16,43.19,0.284
4121,S06,2025-02-22 17:00:00,23.56,43.07,1.747
4122,S06,2025-02-22 18:00:00,27.5,47.45,1.237
4123,S06,2025-02-22 19:00:00,25.51,41.87,2.267
4124,S06,2025-02-22 20:00:00,20.76,41.37,0.305
4125,S06,2025-02-22 21:00:00,19.71,57.92,1.307
4126,S06,2025-02-22 22:00:00,17.03,55.79,0.538
4127,S06,2025-02-22 23:00:00,23.61,45.19,2.785
4128,S06,2025-02-23 00:00:00,11.71,61.48,
4129,S06,2025-02-23 01:00:00,17.74,40.46,0.263
4130,S06,2025-02-23 02:00:00,13.12,54.6,0.983
4131,S06,2025-02-23 03:00:00,18.63,56.21,0.64
4132,S06,2025-02-23 04:00:00,22.77,43.02,1.584
4133,S06,2025-02-23 05:00:00,18.17,62.01,1.467
4134,S06,2025-02-23 06:00:00,19.29,34.44,1.187
4135,S06,2025-02-23 07:00:00,19.72,45.14,0.22
4136,S06,2025-02-23 08:00:00,22.05,40.09,1.784
4137,S06,2025-02-23 09:00:00,16.95,59.78,3.364
4138,S06,2025-02-23 10:00:00,21.86,48.96,0.929
4139,S06,2025-02-23 11:00:00,21.38C,38.2,2.209
4140,S06,2025-02-23 12:00:00,18.73,44.14,0.695
4141,S06,2025-02-23 13:00:00,19.03,38.36,1.441
4142,S06,2025-02-23 14:00:00,25.76,56.24,1.218
4143,S06,2025-02-23 15:00:00,24.45,37.82,0.115
4144,S06,2025-02-23 16:00:00,23.71,,1.102
4145,S06,2025-02-23 17:00:00,20.07C,49.34,2.627
4146,S06,2025-02-23 18:00:00,21.68C,40.74,1.138
4147,S06,2025-02-23 19:00:00,18.96,47.8,1.346
4148,S06,2025-02-23 20:00:00,17.73,,0.136
4149,S06,2025-02-23 21:00:00,21.75C,,4.762
4150,S06,2025-02-23 22:00:00,21.51,30.7,1.591
4151,S06,2025-02-23 23:00:00,19.71,24.45,0.105
4152,S06,2025-02-24 00:00:00,16.34,46.52,2.784
4153,S06,2025-02-24 01:00:00,21.25,42.1,2.608
4154,S06,2025-02-24 02:00:00,18.9,50.49,1.518
4155,S06,2025-02-24 03:00:00,15.71,47.01,1.839
4156,S06,2025-02-24 04:00:00,26.72,44.49,2.404
4157,S06,2025-02-24 05:00:00,15.52,41.77,0.145
4158,S06,2025-02-24 06:00:00,21.53,53.58,1.303
4159,S06,2025-02-24 07:00:00,18.02,14.3,0.224
4160,S06,2025-02-24 08:00:00,23.22,28.37,0.575
4161,S06,2025-02-24 09:00:00,21.55,49.51,1.042
4162,S06,2025-02-24 10:00:00,24.53,43.71,2.57
4163,S06,2025-02-24 11:00:00,21.43,37.1,1.838
4164,S06,2025-02-24 12:00:00,19.52,39.96,0.629
4165,S06,2025-02-24 13:00:00,26.26,52.82,0.78
4166,S06,2025-02-24 14:00:00,21.91,49.14,1.122
4167,S06,2025-02-24 15:00:00,21.61,46.39,1.87
4168,S06,2025-02-24 16:00:00,21.93,27.99,2.37
4169,S06,2025-02-24 17:00:00,20.35,54.58,1.361
4170,S06,2025-02-24 18:00:00,23.74,38.09,3.179
4171,S06,2025-02-24 19:00:00,27.87,50.73,1.852
4172,S06,2025-02-24 20:00:00,27.47,49.88,1.596
4173,S06,2025-02-24 21:00:00,24.03,28.5,0.412
4174,S06,2025-02-24 22:00:00,25.22,31.49,2.713
4175,S06,2025-02-24 23:00:00,25.67,29.94,0.202
4176,S06,2025-02-25 00:00:00,18.07,35.04,0.513
4177,S06,2025-02-25 01:00:00,24.6,51.25,0.162
4178,S06,2025-02-25 02:00:00,21.03,56.29,
4179,S06,2025-02-25 03:00:00,14.98,47.38,1.752
4180,S06,2025-02-25 04:00:00,22.43C,42.97,
4181,S06,2025-02-25 05:00:00,17.99C,,1.87
4182,S06,2025-02-25 06:00:00,21.78,59.74,1.031
4183,S06,2025-02-25 07:00:00,23.06,44.77,0.948
4184,S06,2025-02-25 08:00:00,20.24,36.65,0.39
4185,S06,2025-02-25 09:00:00,22.15,45.12,1.474
4186,S06,2025-02-25 10:00:00,25.52,,
4187,S06,2025-02-25 11:00:00,17.49,40.73,1.077
4188,S06,2025-02-25 12:00:00,16.12C,40.41,2.241
4189,S06,2025-02-25 13:00:00,21.56,29.88,0.203
4190,S06,2025-02-25 14:00:00,21.35,49.99,0.732
4191,S06,2025-02-25 15:00:00,28.45,37.64,0.234
4192,S06,2025-02-25 16:00:00,25.35,51.0,1.633
4193,S06,2025-02-25 17:00:00,24.09,46.09,0.693
4194,S06,2025-02-25 18:00:00,22.36,46.83,1.435
4195,S06,2025-02-25 19:00:00,17.0,38.42,2.608
4196,S06,2025-02-25 20:00:00,18.98,49.24,0.211
4197,S06,2025-02-25 21:00:00,22.12,33.51,0.343
4198,S06,2025-02-25 22:00:00,23.8,46.4,0.503
4199,S06,2025-02-25 23:00:00,22.11,59.9,1.329
4200,S06,2025-02-26 00:00:00,20.27,66.87,1.099
4201,S06,2025-02-26 01:00:00,22.19C,34.38,1.383
4202,S06,2025-02-26 02:00:00,18.1C,49.8,1.057
4203,S06,2025-02-26 03:00:00,19.11,,0.925
4204,S06,2025-02-26 04:00:00,17.62,41.48,0.945
4205,S06,2025-02-26 05:00:00,24.3,52.74,0.226
4206,S06,2025-02-26 06:00:00,14.75,32.13,0.758
4207,S06,2025-02-26 07:00:00,22.77,50.71,0.18
4208,S06,2025-02-26 08:00:00,23.42,36.19,1.431
4209,S06,2025-02-26 09:00:00,15.17,58.26,0.183
4210,S06,2025-02-26 10:00:00,19.96,47.91,1.976
4211,S06,2025-02-26 11:00:00,24.8,,1.468
4212,S06,2025-02-26 12:00:00,19.0,,1.4
4213,S06,2025-02-26 13:00:00,20.12,47.05,0.731
4214,S06,2025-02-26 14:00:00,21.87,32.09,2.282
4215,S06,2025-02-26 15:00:00,26.09,,0.991
4216,S06,2025-02-26 16:00:00,24.15C,47.1,0.951
4217,S06,2025-02-26 17:00:00,20.39,,0.571
4218,S06,2025-02-26 18:00:00,18.46,54.65,1.03
4219,S06,2025-02-26 19:00:00,18.21,36.52,0.952
4220,S06,2025-02-26 20:00:00,23.89,,0.81
4221,S06,2025-02-26 21:00:00,16.52,38.29,0.309
4222,S06,2025-02-26 22:00:00,21.44,48.85,
4223,S06,2025-02-26 23:00:00,25.1,48.55,1.363
4224,S06,2025-02-27 00:00:00,16.26,30.7,0.733
4225,S06,2025-02-27 01:00:00,19.05,45.07,0.991
4226,S06,2025-02-27 02:00:00,19.83,55.67,0.946
4227,S06,2025-02-27 03:00:00,22.57,48.84,5.071
4228,S06,2025-02-27 04:00:00,16.41,57.43,0.678
4229,S06,2025-02-27 05:00:00,20.81,37.03,0.644
4230,S06,2025-02-27 06:00:00,20.59,28.05,0.985
4231,S06,2025-02-27 07:00:00,21.22C,37.26,0.535
4232,S06,2025-02-27 08:00:00,16.33,33.35,0.219
4233,S06,2025-02-27 09:00:00,22.72,61.27,0.603
4234,S06,2025-02-27 10:00:00,18.83,46.35,1.5
4235,S06,2025-02-27 11:00:00,21.16,53.83,0.747
4236,S06,2025-02-27 12:00:00,19.11,60.25,0.523
4237,S06,2025-02-27 13:00:00,27.62,47.35,0.87
4238,S06,2025-02-27 14:00:00,22.13,24.42,0.488
4239,S06,2025-02-27 15:00:00,28.53,22.53,1.589
4240,S06,2025-02-27 16:00:00,20.39,52.02,2.047
4241,S06,2025-02-27 17:00:00,21.58,53.23,0.134
4242,S06,2025-02-27 18:00:00,26.99,34.12,1.177
4243,S06,2025-02-27 19:00:00,21.62,49.59,2.771
4244,S06,2025-02-27 20:00:00,24.2,50.57,1.171
4245,S06,2025-02-27 21:00:00,26.48,46.16,0.825
4246,S06,2025-02-27 22:00:00,22.06,32.13,0.405
4247,S06,2025-02-27 23:00:00,21.3,56.54,0.412
4248,S06,2025-02-28 00:00:00,19.13,35.02,2.264
4249,S06,2025-02-28 01:00:00,23.06C,49.85,0.565
4250,S06,2025-02-28 02:00:00,21.46C,30.66,2.474
4251,S06,2025-02-28 03:00:00,24.2,36.11,2.218
4252,S06,2025-02-28 04:00:00,19.69C,53.05,0.539
4253,S06,2025-02-28 05:00:00,19.2,34.78,0.838
4254,S06,2025-02-28 06:00:00,17.4,29.37,0.501
4255,S06,2025-02-28 07:00:00,20.04,43.68,0.188
4256,S06,2025-02-28 08:00:00,19.31,43.03,1.015
4257,S06,2025-02-28 09:00:00,20.87,33.5,1.806
4258,S06,2025-02-28 10:00:00,18.56,48.3,3.732
4259,S06,2025-02-28 11:00:00,19.39,50.48,1.972
4260,S06,2025-02-28 12:00:00,20.75,46.97,2.148
4261,S06,2025-02-28 13:00:00,24.73,61.38,
4262,S06,2025-02-28 14:00:00,20.98,39.09,0.16
4263,S06,2025-02-28 15:00:00,20.41,57.65,1.257
4264,S06,2025-02-28 16:00:00,25.36,43.56,0.815
4265,S06,2025-02-28 17:00:00,26.47,31.14,1.281
4266,S06,2025-02-28 18:00:00,21.69,31.68,0.021
4267,S06,2025-02-28 19:00:00,21.96C,29.03,0.55
4268,S06,2025-02-28 20:00:00,17.46,25.12,0.597
4269,S06,2025-02-28 21:00:00,18.37,47.85,0.802
4270,S06,2025-02-28 22:00:00,23.04,27.7,0.285
4271,S06,2025-02-28 23:00:00,27.49C,41.04,2.779
4272,S06,2025-03-01 00:00:00,25.41,45.33,
4273,S06,2025-03-01 01:00:00,22.51C,41.99,0.99
4274,S06,2025-03-01 02:00:00,18.74C,53.03,0.585
4275,S06,2025-03-01 03:00:00,21.88,32.57,0.945
4276,S06,2025-03-01 04:00:00,16.1,35.19,3.464
4277,S06,2025-03-01 05:00:00,20.4,54.83,0.585
4278,S06,2025-03-01 06:00:00,17.25C,54.45,2.33
4279,S06,2025-03-01 07:00:00,20.96,43.46,1.049
4280,S06,2025-03-01 08:00:00,25.4,34.16,0.427
4281,S06,2025-03-01 09:00:00,27.77,36.73,1.778
4282,S06,2025-03-01 10:00:00,22.04,51.48,1.286
4283,S06,2025-03-01 11:00:00,22.74,61.67,2.401
4284,S06,2025-03-01 12:00:00,16.74,37.67,1.638
4285,S06,2025-03-01 13:00:00,19.89,42.42,0.887
4286,S06,2025-03-01 14:00:00,26.56,34.63,1.437
4287,S06,2025-03-01 15:00:00,25.64,54.71,0.651
4288,S06,2025-03-01 16:00:00,24.8,44.94,0.312
4289,S06,2025-03-01 17:00:00,23.8,48.51,0.544
4290,S06,2025-03-01 18:00:00,27.54,37.61,
4291,S06,2025-03-01 19:00:00,21.99,56.18,0.557
4292,S06,2025-03-01 20:00:00,22.33,49.39,0.89
4293,S06,2025-03-01 21:00:00,31.48,,0.786
4294,S06,2025-03-01 22:00:00,20.64,,1.492
4295,S06,2025-03-01 23:00:00,24.7,38.03,
4296,S06,2025-03-02 00:00:00,18.78,47.84,2.252
4297,S06,2025-03-02 01:00:00,24.55,47.04,1.29
4298,S06,2025-03-02 02:00:00,19.42,56.33,0.692
4299,S06,2025-03-02 03:00:00,19.33,56.05,0.676
4300,S06,2025-03-02 04:00:00,19.58,31.77,1.793
4301,S06,2025-03-02 05:00:00,23.08,25.86,0.387
4302,S06,2025-03-02 06:00:00,17.8,56.34,4.582
4303,S06,2025-03-02 07:00:00,16.51,40.26,1.752
4304,S06,2025-03-02 08:00:00,20.75,39.94,0.715
4305,S06,2025-03-02 09:00:00,20.19,51.16,1.666
4306,S06,2025-03-02 10:00:00,23.03,45.66,0.22
4307,S06,2025-03-02 11:00:00,20.52C,44.79,0.167
4308,S06,2025-03-02 12:00:00,19.89,48.85,0.839
4309,S06,2025-03-02 13:00:00,22.72,41.21,0.322
4310,S06,2025-03-02 14:00:00,23.3,43.2,0.914
4311,S06,2025-03-02 15:00:00,25.22,40.02,0.694
4312,S06,2025-03-02 16:00:00,22.51C,47.44,1.663
4313,S06,2025-03-02 17:00:00,17.03,39.03,0.496
4314,S06,2025-03-02 18:00:00,22.47,59.04,1.687
4315,S06,2025-03-02 19:00:00,22.79C,48.84,1.817
4316,S06,2025-03-02 20:00:00,22.62,43.74,2.317
4317,S06,2025-03-02 21:00:00,24.66,54.27,0.238
4318,S06,2025-03-02 22:00:00,22.37,,1.147
4319,S06,2025-03-02 23:00:00,26.71,52.86,2.131
4320,S07,2025-02-01 00:00:00,19.04,50.43,0.403
4321,S07,2025-02-01 01:00:00,24.27C,31.89,0.993
4322,S07,2025-02-01 02:00:00,16.88C,56.3,0.263
4323,S07,2025-02-01 03:00:00,13.3,,0.924
4324,S07,2025-02-01 04:00:00,17.63,41.19,0.348
4325,S07,2025-02-01 05:00:00,29.22,69.7,0.261
4326,S07,2025-02-01 06:00:00,20.05C,32.23,1.067
4327,S07,2025-02-01 07:00:00,20.64,55.2,1.222
4328,S07,2025-02-01 08:00:00,21.94,42.08,0.44
4329,S07,2025-02-01 09:00:00,20.0,44.28,1.299
4330,S07,2025-02-01 10:00:00,22.23,53.73,0.927
4331,S07,2025-02-01 11:00:00,21.95,55.17,0.664
4332,S07,2025-02-01 12:00:00,27.94,53.1,1.13
4333,S07,2025-02-01 13:00:00,25.5,31.47,1.78
4334,S07,2025-02-01 14:00:00,22.87,55.66,0.391
4335,S07,2025-02-01 15:00:00,24.31C,38.53,0.197
4336,S07,2025-02-01 16:00:00,24.18,43.43,1.538
4337,S07,2025-02-01 17:00:00,19.27,46.83,3.83
4338,S07,2025-02-01 18:00:00,26.03,31.43,1.245
4339,S07,2025-02-01 19:00:00,20.92,56.15,0.805
4340,S07,2025-02-01 20:00:00,25.36,43.05,0.443
4341,S07,2025-02-01 21:00:00,23.56,34.09,1.583
4342,S07,2025-02-01 22:00:00,26.01,38.75,0.375
4343,S07,2025-02-01 23:00:00,27.71,32.46,2.348
4344,S07,2025-02-02 00:00:00,21.76,33.48,0.569
4345,S07,2025-02-02 01:00:00,18.69,48.63,1.941
4346,S07,2025-02-02 02:00:00,19.35,49.99,0.393
4347,S07,2025-02-02 03:00:00,22.15,57.83,0.44
4348,S07,2025-02-02 04:00:00,19.35,67.88,0.371
4349,S07,2025-02-02 05:00:00,19.6,53.49,2.07
4350,S07,2025-02-02 06:00:00,20.54,21.2,0.425
4351,S07,2025-02-02 07:00:00,19.97,52.1,1.744
4352,S07,2025-02-02 08:00:00,22.78,47.93,0.853
4353,S07,2025-02-02 09:00:00,20.0,51.77,0.408
4354,S07,2025-02-02 10:00:00,21.78,54.05,0.33
4355,S07,2025-02-02 11:00:00,19.45,47.08,0.481
4356,S07,2025-02-02 12:00:00,16.59,54.61,
4357,S07,2025-02-02 13:00:00,24.35,52.43,0.823
4358,S07,2025-02-02 14:00:00,25.04,66.54,1.207
4359,S07,2025-02-02 15:00:00,20.75,38.88,0.946
4360,S07,2025-02-02 16:00:00,24.82,35.5,0.294
4361,S07,2025-02-02 17:00:00,23.49,43.3,2.402
4362,S07,2025-02-02 18:00:00,19.22C,70.34,0.869
4363,S07,2025-02-02 19:00:00,26.41,25.19,1.574
4364,S07,2025-02-02 20:00:00,17.03,43.11,2.301
4365,S07,2025-02-02 21:00:00,23.0,33.95,0.208
4366,S07,2025-02-02 22:00:00,25.48,44.22,0.961
4367,S07,2025-02-02 23:00:00,20.15,49.19,1.581
4368,S07,2025-02-03 00:00:00,24.84,35.81,0.548
4369,S07,2025-02-03 01:00:00,18.41,57.45,1.203
4370,S07,2025-02-03 02:00:00,24.09,,0.73
4371,S07,2025-02-03 03:00:00,19.91,40.65,0.368
4372,S07,2025-02-03 04:00:00,22.7,53.93,1.234
4373,S07,2025-02-03 05:00:00,20.63,36.16,1.857
4374,S07,2025-02-03 06:00:00,28.08,34.61,2.226
4375,S07,2025-02-03 07:00:00,22.34,52.79,1.327
4376,S07,2025-02-03 08:00:00,24.35,52.75,0.963
4377,S07,2025-02-03 09:00:00,23.6,34.24,2.713
4378,S07,2025-02-03 10:00:00,22.16,51.42,0.696
4379,S07,2025-02-03 11:00:00,20.98,59.37,0.462
4380,S07,2025-02-03 12:00:00,23.12,39.56,1.301
4381,S07,2025-02-03 13:00:00,25.04,29.61,0.741
4382,S07,2025-02-03 14:00:00,24.94,,0.579
4383,S07,2025-02-03 15:00:00,24.01,55.63,1.616
4384,S07,2025-02-03 16:00:00,22.13,45.08,1.194
4385,S07,2025-02-03 17:00:00,24.81,51.12,0.425
4386,S07,2025-02-03 18:00:00,19.87,39.85,1.699
4387,S07,2025-02-03 19:00:00,22.94,47.79,0.35
4388,S07,2025-02-03 20:00:00,17.02,42.55,3.06
4389,S07,2025-02-03 21:00:00,21.26C,47.06,2.026
4390,S07,2025-02-03 22:00:00,23.0,52.28,0.719
4391,S07,2025-02-03 23:00:00,19.38,44.64,1.055
4392,S07,2025-02-04 00:00:00,16.73,43.89,1.394
4393,S07,2025-02-04 01:00:00,23.15,29.8,1.067
4394,S07,2025-02-04 02:00:00,22.0,26.34,0.68
4395,S07,2025-02-04 03:00:00,23.93,39.38,1.84
4396,S07,2025-02-04 04:00:00,24.32,44.74,0.606
4397,S07,2025-02-04 05:00:00,22.9,41.12,2.038
4398,S07,2025-02-04 06:00:00,23.52,45.16,0.406
4399,S07,2025-02-04 07:00:00,22.17,41.83,0.441
4400,S07,2025-02-04 08:00:00,25.29,40.52,0.246
4401,S07,2025-02-04 09:00:00,17.01,38.74,0.371
4402,S07,2025-02-04 10:00:00,21.23,43.84,0.712
4403,S07,2025-02-04 11:00:00,25.01,51.96,1.335
4404,S07,2025-02-04 12:00:00,24.58,42.04,0.616
4405,S07,2025-02-04 13:00:00,22.41,28.6,0.285
4406,S07,2025-02-04 14:00:00,21.37,36.34,0.298
4407,S07,2025-02-04 15:00:00,25.03,36.04,1.873
4408,S07,2025-02-04 16:00:00,22.15,45.94,1.458
4409,S07,2025-02-04 17:00:00,19.44,54.68,0.45
4410,S07,2025-02-04 18:00:00,26.45,17.54,0.335
4411,S07,2025-02-04 19:00:00,21.97,37.33,0.337
4412,S07,2025-02-04 20:00:00,23.81,37.87,1.624
4413,S07,2025-02-04 21:00:00,18.54,66.73,0.943
4414,S07,2025-02-04 22:00:00,15.87,37.72,1.633
4415,S07,2025-02-04 23:00:00,25.06,50.06,2.287
4416,S07,2025-02-05 00:00:00,25.24,59.96,0.572
4417,S07,2025-02-05 01:00:00,13.57,40.03,1.231
4418,S07,2025-02-05 02:00:00,19.01,43.2,0.076
4419,S07,2025-02-05 03:00:00,22.39,,2.028
4420,S07,2025-02-05 04:00:00,21.43,46.89,0.522
4421,S07,2025-02-05 05:00:00,21.19,36.74,1.432
4422,S07,2025-02-05 06:00:00,21.07,46.08,0.861
4423,S07,2025-02-05 07:00:00,18.41,39.43,2.489
4424,S07,2025-02-05 08:00:00,24.75,37.63,1.076
4425,S07,2025-02-05 09:00:00,24.49,59.54,
4426,S07,2025-02-05 10:00:00,22.85,29.92,2.336
4427,S07,2025-02-05 11:00:00,15.01,54.38,0.728
4428,S07,2025-02-05 12:00:00,27.1,42.85,0.219
4429,S07,2025-02-05 13:00:00,22.04,44.12,1.26
4430,S07,2025-02-05 14:00:00,23.94,38.33,0.723
4431,S07,2025-02-05 15:00:00,28.28,46.16,0.905
4432,S07,2025-02-05 16:00:00,26.59,50.72,0.869
4433,S07,2025-02-05 17:00:00,22.54,34.18,0.472
4434,S07,2025-02-05 18:00:00,26.18,50.37,0.763
4435,S07,2025-02-05 19:00:00,24.91,23.82,2.227
4436,S07,2025-02-05 20:00:00,21.51,36.2,2.469
4437,S07,2025-02-05 21:00:00,23.82C,31.45,2.385
4438,S07,2025-02-05 22:00:00,18.26,41.79,1.79
4439,S07,2025-02-05 23:00:00,18.99,50.79,3.951
4440,S07,2025-02-06 00:00:00,20.85,37.2,1.648
4441,S07,2025-02-06 01:00:00,24.67,47.29,0.176
4442,S07,2025-02-06 02:00:00,17.62,42.87,1.573
4443,S07,2025-02-06 03:00:00,24.33,57.23,0.772
4444,S07,2025-02-06 04:00:00,21.33,26.34,2.598
4445,S07,2025-02-06 05:00:00,26.43,27.09,0.19
4446,S07,2025-02-06 06:00:00,20.11,41.64,0.364
4447,S07,2025-02-06 07:00:00,30.22,24.85,2.289
4448,S07,2025-02-06 08:00:00,22.84,45.64,0.025
4449,S07,2025-02-06 09:00:00,20.92,46.07,0.17
4450,S07,2025-02-06 10:00:00,22.55,35.09,2.056
4451,S07,2025-02-06 11:00:00,16.43,36.15,0.377
4452,S07,2025-02-06 12:00:00,23.13C,46.77,0.936
4453,S07,2025-02-06 13:00:00,21.28,48.3,1.946
4454,S07,2025-02-06 14:00:00,23.9,41.83,6.238
4455,S07,2025-02-06 15:00:00,21.56,50.14,0.686
4456,S07,2025-02-06 16:00:00,14.51,37.62,1.208
4457,S07,2025-02-06 17:00:00,14.99,46.69,0.622
4458,S07,2025-02-06 18:00:00,20.99,55.29,2.2
4459,S07,2025-02-06 19:00:00,19.3,54.32,1.841
4460,S07,2025-02-06 20:00:00,25.9,34.55,0.166
4461,S07,2025-02-06 21:00:00,20.15,36.2,0.934
4462,S07,2025-02-06 22:00:00,24.89C,36.22,0.357
4463,S07,2025-02-06 23:00:00,23.19,46.34,0.893
4464,S07,2025-02-07 00:00:00,24.9,48.73,1.277
4465,S07,2025-02-07 01:00:00,20.66,32.15,3.149
4466,S07,2025-02-07 02:00:00,21.14,32.28,2.516
4467,S07,2025-02-07 03:00:00,17.63,,2.048
4468,S07,2025-02-07 04:00:00,21.96,20.84,0.725
4469,S07,2025-02-07 05:00:00,22.99,53.5,1.847
4470,S07,2025-02-07 06:00:00,20.77,43.78,0.52
4471,S07,2025-02-07 07:00:00,23.41,35.86,0.883
4472,S07,2025-02-07 08:00:00,18.29,53.99,0.702
4473,S07,2025-02-07 09:00:00,20.91,43.95,2.131
4474,S07,2025-02-07 10:00:00,22.94,37.61,0.615
4475,S07,2025-02-07 11:00:00,20.93,66.34,5.631
4476,S07,2025-02-07 12:00:00,25.72,44.09,0.77
4477,S07,2025-02-07 13:00:00,24.1,45.16,0.14
4478,S07,2025-02-07 14:00:00,20.46,47.67,1.418
4479,S07,2025-02-07 15:00:00,19.67,43.29,1.759
4480,S07,2025-02-07 16:00:00,22.59,49.9,0.557
4481,S07,2025-02-07 17:00:00,20.58,39.63,2.198
4482,S07,2025-02-07 18:00:00,21.72,53.08,0.641
4483,S07,2025-02-07 19:00:00,19.69,46.33,3.391
4484,S07,2025-02-07 20:00:00,25.55,45.81,
4485,S07,2025-02-07 21:00:00,23.89,54.52,1.54
4486,S07,2025-02-07 22:00:00,24.43,33.03,0.159
4487,S07,2025-02-07 23:00:00,26.14,44.51,3.235
4488,S07,2025-02-08 00:00:00,13.31,51.1,0.833
4489,S07,2025-02-08 01:00:00,20.48,54.18,1.606
4490,S07,2025-02-08 02:00:00,19.79,42.28,0.248
4491,S07,2025-02-08 03:00:00,22.72,38.5,1.458
4492,S07,2025-02-08 04:00:00,22.34,53.29,1.652
4493,S07,2025-02-08 05:00:00,22.55,26.82,0.04
4494,S07,2025-02-08 06:00:00,25.03,55.34,0.53
4495,S07,2025-02-08 07:00:00,15.64C,27.04,0.573
4496,S07,2025-02-08 08:00:00,18.22,34.36,2.119
4497,S07,2025-02-08 09:00:00,25.22,53.94,0.646
4498,S07,2025-02-08 10:00:00,26.07,44.02,0.402
4499,S07,2025-02-08 11:00:00,19.42,35.63,0.491
4500,S07,2025-02-08 12:00:00,25.4,56.75,1.818
4501,S07,2025-02-08 13:00:00,24.8,47.76,1.345
4502,S07,2025-02-08 14:00:00,18.2,38.94,0.707
4503,S07,2025-02-08 15:00:00,20.65,50.46,0.65
4504,S07,2025-02-08 16:00:00,23.63,48.33,1.601
4505,S07,2025-02-08 17:00:00,22.56,42.49,0.056
4506,S07,2025-02-08 18:00:00,28.34,52.15,1.975
4507,S07,2025-02-08 19:00:00,24.89,49.53,0.689
4508,S07,2025-02-08 20:00:00,25.93,30.95,0.857
4509,S07,2025-02-08 21:00:00,21.4C,46.94,2.934
4510,S07,2025-02-08 22:00:00,19.83,47.7,2.253
4511,S07,2025-02-08 23:00:00,21.84C,49.54,0.787
4512,S07,2025-02-09 00:00:00,24.46,35.85,0.356
4513,S07,2025-02-09 01:00:00,25.94,54.44,0.643
4514,S07,2025-02-09 02:00:00,18.08,29.83,0.733
4515,S07,2025-02-09 03:00:00,20.25,39.91,1.909
4516,S07,2025-02-09 04:00:00,13.33,41.65,
4517,S07,2025-02-09 05:00:00,24.84C,45.31,0.675
4518,S07,2025-02-09 06:00:00,17.33,42.83,0.413
4519,S07,2025-02-09 07:00:00,23.95,46.63,1.069
4520,S07,2025-02-09 08:00:00,25.28C,49.9,1.047
4521,S07,2025-02-09 09:00:00,17.56C,64.23,1.514
4522,S07,2025-02-09 10:00:00,19.09,41.03,1.375
4523,S07,2025-02-09 11:00:00,24.03,51.36,4.487
4524,S07,2025-02-09 12:00:00,26.13,42.52,1.804
4525,S07,2025-02-09 13:00:00,20.58,44.37,2.716
4526,S07,2025-02-09 14:00:00,19.17,37.11,0.69
4527,S07,2025-02-09 15:00:00,23.5,,2.066
4528,S07,2025-02-09 16:00:00,26.42,57.84,0.989
4529,S07,2025-02-09 17:00:00,19.43,44.18,0.845
4530,S07,2025-02-09 18:00:00,20.54,,0.756
4531,S07,2025-02-09 19:00:00,26.55C,32.83,0.486
4532,S07,2025-02-09 20:00:00,23.81,50.1,1.846
4533,S07,2025-02-09 21:00:00,20.88,49.92,0.2
4534,S07,2025-02-09 22:00:00,23.51,48.63,2.027
4535,S07,2025-02-09 23:00:00,25.09,55.69,1.135
4536,S07,2025-02-10 00:00:00,23.29,,0.859
4537,S07,2025-02-10 01:00:00,21.24,39.15,0.11
4538,S07,2025-02-10 02:00:00,20.46,49.72,0.685
4539,S07,2025-02-10 03:00:00,15.6,49.29,1.032
4540,S07,2025-02-10 04:00:00,22.42,62.32,1.159
4541,S07,2025-02-10 05:00:00,22.49,41.09,2.583
4542,S07,2025-02-10 06:00:00,21.71,46.37,0.629
4543,S07,2025-02-10 07:00:00,21.31,58.52,1.355
4544,S07,2025-02-10 08:00:00,21.77,,1.235
4545,S07,2025-02-10 09:00:00,24.42,67.66,2.636
4546,S07,2025-02-10 10:00:00,20.58,67.03,1.396
4547,S07,2025-02-10 11:00:00,18.21,46.23,1.016
4548,S07,2025-02-10 12:00:00,24.7,52.31,0.98
4549,S07,2025-02-10 13:00:00,21.01,54.75,0.551
4550,S07,2025-02-10 14:00:00,21.44,39.28,1.546
4551,S07,2025-02-10 15:00:00,23.74C,37.1,0.867
4552,S07,2025-02-10 16:00:00,21.83,57.38,0.185
4553,S07,2025-02-10 17:00:00,22.53,54.82,2.217
4554,S07,2025-02-10 18:00:00,19.53,41.5,
4555,S07,2025-02-10 19:00:00,26.96,39.12,1.582
4556,S07,2025-02-10 20:00:00,19.16,33.54,4.204
4557,S07,2025-02-10 21:00:00,27.3,30.92,0.592
4558,S07,2025-02-10 22:00:00,19.68,53.99,0.275
4559,S07,2025-02-10 23:00:00,21.49,48.93,1.313
4560,S07,2025-02-11 00:00:00,18.91,43.85,0.434
4561,S07,2025-02-11 01:00:00,22.97,31.24,2.036
4562,S07,2025-02-11 02:00:00,21.08,36.76,1.72
4563,S07,2025-02-11 03:00:00,19.24,46.74,
4564,S07,2025-02-11 04:00:00,17.03,,2.504
4565,S07,2025-02-11 05:00:00,23.93,45.72,3.2
4566,S07,2025-02-11 06:00:00,21.18,39.29,0.802
4567,S07,2025-02-11 07:00:00,22.48,20.03,0.32
4568,S07,2025-02-11 08:00:00,20.81,50.05,2.962
4569,S07,2025-02-11 09:00:00,20.01,37.52,0.825
4570,S07,2025-02-11 10:00:00,23.67,23.93,0.968
4571,S07,2025-02-11 11:00:00,22.71,42.04,2.113
4572,S07,2025-02-11 12:00:00,25.41,30.02,1.627
4573,S07,2025-02-11 13:00:00,22.72,53.1,4.184
4574,S07,2025-02-11 14:00:00,18.03,40.46,1.693
4575,S07,2025-02-11 15:00:00,24.73,43.22,0.374
4576,S07,2025-02-11 16:00:00,22.74,54.85,0.792
4577,S07,2025-02-11 17:00:00,22.03,27.32,0.127
4578,S07,2025-02-11 18:00:00,13.56,,0.237
4579,S07,2025-02-11 19:00:00,20.44,54.09,0.624
4580,S07,2025-02-11 20:00:00,23.68,49.87,2.286
4581,S07,2025-02-11 21:00:00,21.44,34.69,1.387
4582,S07,2025-02-11 22:00:00,24.24,48.47,2.137
4583,S07,2025-02-11 23:00:00,25.43C,61.66,0.891
4584,S07,2025-02-12 00:00:00,20.13C,35.58,1.501
4585,S07,2025-02-12 01:00:00,17.51,39.18,0.953
4586,S07,2025-02-12 02:00:00,21.78,51.07,0.519
4587,S07,2025-02-12 03:00:00,21.72,44.66,1.594
4588,S07,2025-02-12 04:00:00,20.04,42.71,4.791
4589,S07,2025-02-12 05:00:00,15.24,61.87,4.697
4590,S07,2025-02-12 06:00:00,17.36,38.02,1.045
4591,S07,2025-02-12 07:00:00,23.63,53.62,1.071
4592,S07,2025-02-12 08:00:00,20.59,32.31,0.31
4593,S07,2025-02-12 09:00:00,16.13,16.17,0.758
4594,S07,2025-02-12 10:00:00,21.12,44.24,
4595,S07,2025-02-12 11:00:00,21.95,52.2,1.063
4596,S07,2025-02-12 12:00:00,23.88,40.32,0.626
4597,S07,2025-02-12 13:00:00,23.41,61.4,0.31
4598,S07,2025-02-12 14:00:00,23.39,45.25,0.218
4599,S07,2025-02-12 15:00:00,20.09,50.89,1.234
4600,S07,2025-02-12 16:00:00,17.52,47.8,0.755
4601,S07,2025-02-12 17:00:00,20.85,34.51,0.468
4602,S07,2025-02-12 18:00:00,26.96,57.21,0.5
4603,S07,2025-02-12 19:00:00,18.45,59.0,0.44
4604,S07,2025-02-12 20:00:00,25.83,58.59,
4605,S07,2025-02-12 21:00:00,18.78,57.15,0.805
4606,S07,2025-02-12 22:00:00,19.52,58.02,0.53
4607,S07,2025-02-12 23:00:00,23.89,54.05,0.417
4608,S07,2025-02-13 00:00:00,17.67,57.69,0.715
4609,S07,2025-02-13 01:00:00,19.54,48.22,0.142
4610,S07,2025-02-13 02:00:00,16.95,37.95,1.125
4611,S07,2025-02-13 03:00:00,20.96,50.02,2.45
4612,S07,2025-02-13 04:00:00,23.28,,0.604
4613,S07,2025-02-13 05:00:00,16.47,37.66,1.239
4614,S07,2025-02-13 06:00:00,22.65,44.72,0.418
4615,S07,2025-02-13 07:00:00,22.29,56.4,1.061
4616,S07,2025-02-13 08:00:00,23.67,41.46,0.503
4617,S07,2025-02-13 09:00:00,14.61,70.9,0.397
4618,S07,2025-02-13 10:00:00,24.3,51.36,2.215
4619,S07,2025-02-13 11:00:00,18.28,58.23,0.265
4620,S07,2025-02-13 12:00:00,21.14,54.26,0.715
4621,S07,2025-02-13 13:00:00,20.71,56.61,0.431
4622,S07,2025-02-13 14:00:00,19.13,47.42,2.582
4623,S07,2025-02-13 15:00:00,19.74,38.33,0.06
4624,S07,2025-02-13 16:00:00,20.3,32.18,0.811
4625,S07,2025-02-13 17:00:00,23.14,30.17,0.686
4626,S07,2025-02-13 18:00:00,24.97,37.01,1.06
4627,S07,2025-02-13 19:00:00,22.04,26.4,0.58
4628,S07,2025-02-13 20:00:00,25.43,42.08,0.56
4629,S07,2025-02-13 21:00:00,23.68,35.2,3.192
4630,S07,2025-02-13 22:00:00,26.82,38.46,0.746
4631,S07,2025-02-13 23:00:00,19.55,36.83,2.538
4632,S07,2025-02-14 00:00:00,20.51,52.64,0.901
4633,S07,2025-02-14 01:00:00,20.09,38.5,0.732
4634,S07,2025-02-14 02:00:00,20.77,37.07,0.42
4635,S07,2025-02-14 03:00:00,21.57,61.11,0.805
4636,S07,2025-02-14 04:00:00,23.09,41.75,0.858
4637,S07,2025-02-14 05:00:00,21.25,59.31,1.484
4638,S07,2025-02-14 06:00:00,22.52,40.81,0.57
4639,S07,2025-02-14 07:00:00,20.26,43.16,0.315
4640,S07,2025-02-14 08:00:00,20.82,47.43,0.376
4641,S07,2025-02-14 09:00:00,19.53,31.14,1.049
4642,S07,2025-02-14 10:00:00,24.78,60.22,0.317
4643,S07,2025-02-14 11:00:00,24.06,62.24,0.806
4644,S07,2025-02-14 12:00:00,25.7,40.69,0.561
4645,S07,2025-02-14 13:00:00,20.61,56.11,5.171
4646,S07,2025-02-14 14:00:00,21.63,47.57,1.911
4647,S07,2025-02-14 15:00:00,29.71,40.38,0.913
4648,S07,2025-02-14 16:00:00,25.68,61.34,0.543
4649,S07,2025-02-14 17:00:00,18.27,34.84,1.508
4650,S07,2025-02-14 18:00:00,24.96,44.58,0.254
4651,S07,2025-02-14 19:00:00,23.95,54.84,0.671
4652,S07,2025-02-14 20:00:00,22.04,42.77,1.117
4653,S07,2025-02-14 21:00:00,22.38,49.63,1.195
4654,S07,2025-02-14 22:00:00,20.82,32.13,2.091
4655,S07,2025-02-14 23:00:00,21.93,43.01,0.737
4656,S07,2025-02-15 00:00:00,17.75,46.1,2.752
4657,S07,2025-02-15 01:00:00,16.72,32.37,0.91
4658,S07,2025-02-15 02:00:00,19.21C,,1.325
4659,S07,2025-02-15 03:00:00,17.87,38.63,1.04
4660,S07,2025-02-15 04:00:00,22.8,42.31,0.444
4661,S07,2025-02-15 05:00:00,23.9,47.03,1.055
4662,S07,2025-02-15 06:00:00,20.5,41.66,2.427
4663,S07,2025-02-15 07:00:00,20.09,28.61,2.944
4664,S07,2025-02-15 08:00:00,23.16,45.47,0.983
4665,S07,2025-02-15 09:00:00,21.05,57.99,0.888
4666,S07,2025-02-15 10:00:00,27.59,45.12,0.142
4667,S07,2025-02-15 11:00:00,13.8C,41.14,2.346
4668,S07,2025-02-15 12:00:00,14.86,44.82,0.865
4669,S07,2025-02-15 13:00:00,18.71,51.05,1.159
4670,S07,2025-02-15 14:00:00,23.58,31.3,0.072
4671,S07,2025-02-15 15:00:00,24.64,60.82,0.311
4672,S07,2025-02-15 16:00:00,21.05,42.02,4.318
4673,S07,2025-02-15 17:00:00,22.67,64.02,0.655
4674,S07,2025-02-15 18:00:00,21.9,38.2,0.483
4675,S07,2025-02-15 19:00:00,24.39,35.14,0.218
4676,S07,2025-02-15 20:00:00,29.13,47.01,0.367
4677,S07,2025-02-15 21:00:00,16.42,54.91,0.978
4678,S07,2025-02-15 22:00:00,30.04,49.94,0.437
4679,S07,2025-02-15 23:00:00,26.7,47.08,0.636
4680,S07,2025-02-16 00:00:00,19.16,48.15,1.243
4681,S07,2025-02-16 01:00:00,21.72,47.23,
4682,S07,2025-02-16 02:00:00,20.32,56.09,0.802
4683,S07,2025-02-16 03:00:00,21.98,44.62,1.785
4684,S07,2025-02-16 04:00:00,22.13,51.97,
4685,S07,2025-02-16 05:00:00,23.18,39.61,0.85
4686,S07,2025-02-16 06:00:00,17.99,43.56,1.171
4687,S07,2025-02-16 07:00:00,22.99,37.68,1.837
4688,S07,2025-02-16 08:00:00,19.33C,42.39,1.189
4689,S07,2025-02-16 09:00:00,20.57,40.05,1.331
4690,S07,2025-02-16 10:00:00,23.99,30.22,1.598
4691,S07,2025-02-16 11:00:00,20.44,55.0,0.489
4692,S07,2025-02-16 12:00:00,22.82,48.97,0.675
4693,S07,2025-02-16 13:00:00,23.04,50.75,1.315
4694,S07,2025-02-16 14:00:00,22.53,68.03,0.446
4695,S07,2025-02-16 15:00:00,18.71,24.86,0.607
4696,S07,2025-02-16 16:00:00,23.99,49.33,0.708
4697,S07,2025-02-16 17:00:00,23.23,46.59,4.73
4698,S07,2025-02-16 18:00:00,29.52,56.27,4.003
4699,S07,2025-02-16 19:00:00,19.86,39.41,1.276
4700,S07,2025-02-16 20:00:00,26.31,40.36,1.074
4701,S07,2025-02-16 21:00:00,22.03,34.44,1.424
4702,S07,2025-02-16 22:00:00,22.54,52.16,0.347
4703,S07,2025-02-16 23:00:00,28.74,64.0,0.223
4704,S07,2025-02-17 00:00:00,19.75C,37.69,1.931
4705,S07,2025-02-17 01:00:00,22.71,46.75,0.963
4706,S07,2025-02-17 02:00:00,20.84,47.78,1.234
4707,S07,2025-02-17 03:00:00,17.9,38.72,0.631
4708,S07,2025-02-17 04:00:00,20.11,25.69,0.557
4709,S07,2025-02-17 05:00:00,19.6,54.13,0.613
4710,S07,2025-02-17 06:00:00,20.39,28.45,0.854
4711,S07,2025-02-17 07:00:00,26.82,55.99,0.166
4712,S07,2025-02-17 08:00:00,22.77,32.06,1.405
4713,S07,2025-02-17 09:00:00,16.32,54.7,2.553
4714,S07,2025-02-17 10:00:00,27.32,58.06,0.327
4715,S07,2025-02-17 11:00:00,22.96,40.09,0.74
4716,S07,2025-02-17 12:00:00,24.67,33.56,1.39
4717,S07,2025-02-17 13:00:00,26.82,43.46,
4718,S07,2025-02-17 14:00:00,19.81,,2.54
4719,S07,2025-02-17 15:00:00,23.43,33.26,0.341
4720,S07,2025-02-17 16:00:00,22.15,42.01,1.873
4721,S07,2025-02-17 17:00:00,21.69,53.86,1.776
4722,S07,2025-02-17 18:00:00,21.98,51.03,0.863
4723,S07,2025-02-17 19:00:00,23.35,56.7,3.1
4724,S07,2025-02-17 20:00:00,26.7,30.17,0.81
4725,S07,2025-02-17 21:00:00,25.68,36.27,0.137
4726,S07,2025-02-17 22:00:00,24.37C,43.79,2.198
4727,S07,2025-02-17 23:00:00,27.26,43.42,0.854
4728,S07,2025-02-18 00:00:00,13.25,53.43,1.063
4729,S07,2025-02-18 01:00:00,20.47,32.3,2.355
4730,S07,2025-02-18 02:00:00,21.58,60.45,0.736
4731,S07,2025-02-18 03:00:00,21.61,55.82,1.798
4732,S07,2025-02-18 04:00:00,25.07,52.24,0.684
4733,S07,2025-02-18 05:00:00,21.49,41.69,3.632
4734,S07,2025-02-18 06:00:00,25.24,29.31,0.99
4735,S07,2025-02-18 07:00:00,20.74,30.88,2.086
4736,S07,2025-02-18 08:00:00,23.5,54.03,1.06
4737,S07,2025-02-18 09:00:00,21.9,43.16,1.039
4738,S07,2025-02-18 10:00:00,20.98,62.85,0.391
4739,S07,2025-02-18 11:00:00,23.44,47.76,0.323
4740,S07,2025-02-18 12:00:00,23.76,31.28,0.868
4741,S07,2025-02-18 13:00:00,19.5,56.53,1.548
4742,S07,2025-02-18 14:00:00,25.18,42.48,2.933
4743,S07,2025-02-18 15:00:00,21.7C,45.77,0.343
4744,S07,2025-02-18 16:00:00,22.94,51.61,0.717
4745,S07,2025-02-18 17:00:00,14.73,30.62,1.159
4746,S07,2025-02-18 18:00:00,22.86,,1.222
4747,S07,2025-02-18 19:00:00,17.35,59.03,1.405
4748,S07,2025-02-18 20:00:00,25.83,30.62,0.62
4749,S07,2025-02-18 21:00:00,21.05,33.04,0.683
4750,S07,2025-02-18 22:00:00,22.21,31.66,1.809
4751,S07,2025-02-18 23:00:00,23.16,32.12,1.607
4752,S07,2025-02-19 00:00:00,16.24,40.22,0.39
4753,S07,2025-02-19 01:00:00,20.47,39.4,0.542
4754,S07,2025-02-19 02:00:00,16.86,33.75,1.231
4755,S07,2025-02-19 03:00:00,20.05,38.68,0.672
4756,S07,2025-02-19 04:00:00,23.41,47.75,1.156
4757,S07,2025-02-19 05:00:00,24.83C,23.11,3.411
4758,S07,2025-02-19 06:00:00,25.44C,40.17,0.285
4759,S07,2025-02-19 07:00:00,20.6,42.41,4.825
4760,S07,2025-02-19 08:00:00,18.56,,0.3
4761,S07,2025-02-19 09:00:00,23.04,56.11,0.553
4762,S07,2025-02-19 10:00:00,26.42,46.02,1.534
4763,S07,2025-02-19 11:00:00,19.25C,42.73,2.109
4764,S07,2025-02-19 12:00:00,26.1,49.74,0.824
4765,S07,2025-02-19 13:00:00,21.77,47.57,1.842
4766,S07,2025-02-19 14:00:00,14.4,41.59,1.411
4767,S07,2025-02-19 15:00:00,22.69,41.61,1.345
4768,S07,2025-02-19 16:00:00,28.27,,0.529
4769,S07,2025-02-19 17:00:00,24.94,48.29,0.694
4770,S07,2025-02-19 18:00:00,26.14,46.15,0.926
4771,S07,2025-02-19 19:00:00,24.28,33.95,0.464
4772,S07,2025-02-19 20:00:00,18.18,50.51,0.656
4773,S07,2025-02-19 21:00:00,16.3,59.29,1.358
4774,S07,2025-02-19 22:00:00,20.33,31.66,0.641
4775,S07,2025-02-19 23:00:00,22.52,62.37,0.237
4776,S07,2025-02-20 00:00:00,17.2,56.61,0.877
4777,S07,2025-02-20 01:00:00,17.95,54.75,1.537
4778,S07,2025-02-20 02:00:00,22.87C,43.1,2.053
4779,S07,2025-02-20 03:00:00,25.06,61.76,0.573
4780,S07,2025-02-20 04:00:00,15.74,41.99,0.315
4781,S07,2025-02-20 05:00:00,17.77,50.82,0.524
4782,S07,2025-02-20 06:00:00,20.82,39.27,0.204
4783,S07,2025-02-20 07:00:00,20.66,,1.34
4784,S07,2025-02-20 08:00:00,14.34,51.04,1.572
4785,S07,2025-02-20 09:00:00,30.41,58.43,0.854
4786,S07,2025-02-20 10:00:00,23.84,31.66,1.894
4787,S07,2025-02-20 11:00:00,22.95,44.31,1.161
4788,S07,2025-02-20 12:00:00,16.23C,38.04,1.562
4789,S07,2025-02-20 13:00:00,23.06,35.09,2.018
4790,S07,2025-02-20 14:00:00,18.78,40.84,0.566
4791,S07,2025-02-20 15:00:00,24.0,54.75,0.372
4792,S07,2025-02-20 16:00:00,23.5,,1.281
4793,S07,2025-02-20 17:00:00,22.89,49.47,2.037
4794,S07,2025-02-20 18:00:00,24.21,45.9,0.985
4795,S07,2025-02-20 19:00:00,21.31,51.94,1.79
4796,S07,2025-02-20 20:00:00,23.75,35.79,0.451
4797,S07,2025-02-20 21:00:00,16.13,46.84,0.858
4798,S07,2025-02-20 22:00:00,25.72,39.7,0.571
4799,S07,2025-02-20 23:00:00,23.11,47.33,1.106
4800,S07,2025-02-21 00:00:00,27.85,27.84,1.296
4801,S07,2025-02-21 01:00:00,20.68,49.72,0.31
4802,S07,2025-02-21 02:00:00,13.44C,42.18,0.767
4803,S07,2025-02-21 03:00:00,25.28,46.94,0.812
4804,S07,2025-02-21 04:00:00,18.6,47.22,0.306
4805,S07,2025-02-21 05:00:00,17.56,58.78,0.773
4806,S07,2025-02-21 06:00:00,20.98C,41.85,3.856
4807,S07,2025-02-21 07:00:00,25.13,29.26,1.852
4808,S07,2025-02-21 08:00:00,27.28,55.35,0.201
4809,S07,2025-02-21 09:00:00,20.39,53.47,1.461
4810,S07,2025-02-21 10:00:00,22.37,39.51,0.222
4811,S07,2025-02-21 11:00:00,22.54,55.47,1.366
4812,S07,2025-02-21 12:00:00,20.04,55.52,0.579
4813,S07,2025-02-21 13:00:00,20.63,33.11,0.229
4814,S07,2025-02-21 14:00:00,21.88,35.77,0.375
4815,S07,2025-02-21 15:00:00,22.28,32.55,0.754
4816,S07,2025-02-21 16:00:00,25.81,60.79,1.656
4817,S07,2025-02-21 17:00:00,16.94,26.84,0.168
4818,S07,2025-02-21 18:00:00,24.34,34.95,1.033
4819,S07,2025-02-21 19:00:00,24.18,48.52,0.979
4820,S07,2025-02-21 20:00:00,27.35,56.3,1.18
4821,S07,2025-02-21 21:00:00,22.19,56.07,0.729
4822,S07,2025-02-21 22:00:00,22.37,48.71,0.364
4823,S07,2025-02-21 23:00:00,23.96,51.41,3.634
4824,S07,2025-02-22 00:00:00,18.49,55.89,1.197
4825,S07,2025-02-22 01:00:00,18.55,49.51,
4826,S07,2025-02-22 02:00:00,18.48,42.75,0.409
4827,S07,2025-02-22 03:00:00,18.64,,0.283
4828,S07,2025-02-22 04:00:00,17.69,50.85,2.443
4829,S07,2025-02-22 05:00:00,19.1,51.31,1.372
4830,S07,2025-02-22 06:00:00,18.73,47.1,0.357
4831,S07,2025-02-22 07:00:00,19.01,36.55,1.019
4832,S07,2025-02-22 08:00:00,17.34,,0.295
4833,S07,2025-02-22 09:00:00,24.38,51.42,1.266
4834,S07,2025-02-22 10:00:00,22.6,34.13,2.604
4835,S07,2025-02-22 11:00:00,21.66,37.66,1.346
4836,S07,2025-02-22 12:00:00,18.7,49.33,0.349
4837,S07,2025-02-22 13:00:00,24.04,51.61,1.749
4838,S07,2025-02-22 14:00:00,21.53,42.76,0.613
4839,S07,2025-02-22 15:00:00,22.09,42.69,1.42
4840,S07,2025-02-22 16:00:00,22.83,45.81,2.405
4841,S07,2025-02-22 17:00:00,22.36,40.64,0.447
4842,S07,2025-02-22 18:00:00,25.82,40.22,1.834
4843,S07,2025-02-22 19:00:00,20.62,27.1,0.466
4844,S07,2025-02-22 20:00:00,21.17,42.67,0.184
4845,S07,2025-02-22 21:00:00,23.76,61.34,1.695
4846,S07,2025-02-22 22:00:00,22.85,38.13,0.895
4847,S07,2025-02-22 23:00:00,25.26C,39.16,
4848,S07,2025-02-23 00:00:00,22.92,49.73,2.286
4849,S07,2025-02-23 01:00:00,24.46,52.53,1.569
4850,S07,2025-02-23 02:00:00,23.34,67.33,0.63
4851,S07,2025-02-23 03:00:00,19.78,40.43,1.356
4852,S07,2025-02-23 04:00:00,20.28,49.96,2.477
4853,S07,2025-02-23 05:00:00,19.8,34.61,1.776
4854,S07,2025-02-23 06:00:00,24.54,,2.345
4855,S07,2025-02-23 07:00:00,20.54,38.13,0.45
4856,S07,2025-02-23 08:00:00,18.82,44.19,0.223
4857,S07,2025-02-23 09:00:00,18.4,49.84,0.884
4858,S07,2025-02-23 10:00:00,23.93C,47.63,0.973
4859,S07,2025-02-23 11:00:00,19.21,36.62,2.126
4860,S07,2025-02-23 12:00:00,14.04,45.09,1.519
4861,S07,2025-02-23 13:00:00,24.27,,1.074
4862,S07,2025-02-23 14:00:00,23.29,39.09,1.361
4863,S07,2025-02-23 15:00:00,24.74,33.33,0.716
4864,S07,2025-02-23 16:00:00,25.56,42.36,3.342
4865,S07,2025-02-23 17:00:00,24.28,48.37,1.828
4866,S07,2025-02-23 18:00:00,24.07,66.22,0.186
4867,S07,2025-02-23 19:00:00,23.21,37.85,2.446
4868,S07,2025-02-23 20:00:00,20.84,50.52,1.042
4869,S07,2025-02-23 21:00:00,17.0,47.53,1.292
4870,S07,2025-02-23 22:00:00,17.61,,0.879
4871,S07,2025-02-23 23:00:00,24.78,38.46,1.742
4872,S07,2025-02-24 00:00:00,22.61C,33.76,0.857
4873,S07,2025-02-24 01:00:00,20.46,46.42,0.761
4874,S07,2025-02-24 02:00:00,18.22,38.31,0.588
4875,S07,2025-02-24 03:00:00,22.58,44.41,
4876,S07,2025-02-24 04:00:00,20.73,53.91,1.356
4877,S07,2025-02-24 05:00:00,20.99,29.37,0.416
4878,S07,2025-02-24 06:00:00,20.03,59.27,0.389
4879,S07,2025-02-24 07:00:00,17.75,37.94,0.139
4880,S07,2025-02-24 08:00:00,18.39C,50.93,1.65
4881,S07,2025-02-24 09:00:00,22.72,48.78,1.082
4882,S07,2025-02-24 10:00:00,26.59,43.27,0.972
4883,S07,2025-02-24 11:00:00,27.15,49.5,0.823
4884,S07,2025-02-24 12:00:00,21.48,58.06,0.2
4885,S07,2025-02-24 13:00:00,23.53,45.48,0.991
4886,S07,2025-02-24 14:00:00,22.06,55.58,1.016
4887,S07,2025-02-24 15:00:00,22.94,64.17,0.835
4888,S07,2025-02-24 16:00:00,23.87,46.13,0.517
4889,S07,2025-02-24 17:00:00,25.5,,0.267
4890,S07,2025-02-24 18:00:00,19.51,41.09,1.451
4891,S07,2025-02-24 19:00:00,28.39,48.67,1.429
4892,S07,2025-02-24 20:00:00,22.86,54.56,1.32
4893,S07,2025-02-24 21:00:00,20.45,26.25,0.531
4894,S07,2025-02-24 22:00:00,30.48,43.22,2.368
4895,S07,2025-02-24 23:00:00,21.02,39.03,0.139
4896,S07,2025-02-25 00:00:00,20.13,61.91,1.319
4897,S07,2025-02-25 01:00:00,18.19,35.63,0.889
4898,S07,2025-02-25 02:00:00,24.09C,50.82,1.168
4899,S07,2025-02-25 03:00:00,12.66,45.76,0.261
4900,S07,2025-02-25 04:00:00,21.85,53.79,1.851
4901,S07,2025-02-25 05:00:00,16.22,62.17,1.825
4902,S07,2025-02-25 06:00:00,25.81,42.26,
4903,S07,2025-02-25 07:00:00,27.59,32.06,1.041
4904,S07,2025-02-25 08:00:00,24.03,58.52,2.101
4905,S07,2025-02-25 09:00:00,19.25,38.12,1.277
4906,S07,2025-02-25 10:00:00,25.24,46.51,2.311
4907,S07,2025-02-25 11:00:00,28.48,51.82,0.082
4908,S07,2025-02-25 12:00:00,22.81,30.0,4.232
4909,S07,2025-02-25 13:00:00,21.08,39.2,1.317
4910,S07,2025-02-25 14:00:00,26.75,47.23,1.882
4911,S07,2025-02-25 15:00:00,18.5,38.74,0.357
4912,S07,2025-02-25 16:00:00,21.77,62.99,0.14
4913,S07,2025-02-25 17:00:00,22.63,31.87,0.797
4914,S07,2025-02-25 18:00:00,23.31,53.16,2.311
4915,S07,2025-02-25 19:00:00,26.41,39.14,0.906
4916,S07,2025-02-25 20:00:00,22.8,45.71,2.304
4917,S07,2025-02-25 21:00:00,20.07,37.74,1.593
4918,S07,2025-02-25 22:00:00,19.33C,49.74,0.486
4919,S07,2025-02-25 23:00:00,23.25,56.04,2.14
4920,S07,2025-02-26 00:00:00,21.63,50.2,1.032
4921,S07,2025-02-26 01:00:00,23.28,,0.555
4922,S07,2025-02-26 02:00:00,22.4,22.51,2.003
4923,S07,2025-02-26 03:00:00,16.55C,47.15,0.889
4924,S07,2025-02-26 04:00:00,22.55,25.1,0.7
4925,S07,2025-02-26 05:00:00,19.0,54.71,1.222
4926,S07,2025-02-26 06:00:00,25.04,34.09,3.352
4927,S07,2025-02-26 07:00:00,20.37,26.5,0.768
4928,S07,2025-02-26 08:00:00,20.59,28.98,0.631
4929,S07,2025-02-26 09:00:00,19.92,44.92,1.352
4930,S07,2025-02-26 10:00:00,24.68,36.39,1.485
4931,S07,2025-02-26 11:00:00,21.56C,45.46,0.19
4932,S07,2025-02-26 12:00:00,30.3,32.09,
4933,S07,2025-02-26 13:00:00,25.7,,3.818
4934,S07,2025-02-26 14:00:00,18.83,59.73,0.11
4935,S07,2025-02-26 15:00:00,22.39,45.39,0.284
4936,S07,2025-02-26 16:00:00,25.78,34.57,2.812
4937,S07,2025-02-26 17:00:00,25.18,31.51,1.379
4938,S07,2025-02-26 18:00:00,24.79,36.56,1.081
4939,S07,2025-02-26 19:00:00,23.85,55.28,1.055
4940,S07,2025-02-26 20:00:00,18.63,38.1,1.419
4941,S07,2025-02-26 21:00:00,18.91,28.95,0.317
4942,S07,2025-02-26 22:00:00,25.99,70.6,0.594
4943,S07,2025-02-26 23:00:00,21.82,60.46,0.844
4944,S07,2025-02-27 00:00:00,20.32,,1.081
4945,S07,2025-02-27 01:00:00,22.33,37.9,2.065
4946,S07,2025-02-27 02:00:00,14.89,52.42,1.142
4947,S07,2025-02-27 03:00:00,15.04,35.43,1.018
4948,S07,2025-02-27 04:00:00,22.46,39.7,2.842
4949,S07,2025-02-27 05:00:00,19.25,50.71,0.189
4950,S07,2025-02-27 06:00:00,20.11,33.14,0.92
4951,S07,2025-02-27 07:00:00,24.72,44.34,0.542
4952,S07,2025-02-27 08:00:00,20.65,31.4,1.799
4953,S07,2025-02-27 09:00:00,21.42,53.33,0.32
4954,S07,2025-02-27 10:00:00,22.62,40.48,1.882
4955,S07,2025-02-27 11:00:00,16.7,45.95,1.384
4956,S07,2025-02-27 12:00:00,27.25,46.69,1.51
4957,S07,2025-02-27 13:00:00,23.41,35.98,0.369
4958,S07,2025-02-27 14:00:00,20.7C,38.35,0.34
4959,S07,2025-02-27 15:00:00,25.9,36.3,0.592
4960,S07,2025-02-27 16:00:00,19.85,19.49,0.772
4961,S07,2025-02-27 17:00:00,20.71,46.13,0.258
4962,S07,2025-02-27 18:00:00,19.24,53.26,1.084
4963,S07,2025-02-27 19:00:00,22.39,55.33,1.996
4964,S07,2025-02-27 20:00:00,20.99,43.76,1.654
4965,S07,2025-02-27 21:00:00,24.16,52.65,1.103
4966,S07,2025-02-27 22:00:00,21.51,35.3,0.44
4967,S07,2025-02-27 23:00:00,24.45,41.86,0.981
4968,S07,2025-02-28 00:00:00,21.53,,1.96
4969,S07,2025-02-28 01:00:00,21.54,,0.499
4970,S07,2025-02-28 02:00:00,21.64,49.02,1.02
4971,S07,2025-02-28 03:00:00,20.91,,2.707
4972,S07,2025-02-28 04:00:00,18.34,,1.349
4973,S07,2025-02-28 05:00:00,15.0,68.06,0.512
4974,S07,2025-02-28 06:00:00,22.17,53.22,0.226
4975,S07,2025-02-28 07:00:00,17.05,45.7,1.618
4976,S07,2025-02-28 08:00:00,22.43,57.55,1.038
4977,S07,2025-02-28 09:00:00,21.41,52.25,2.013
4978,S07,2025-02-28 10:00:00,21.56,39.62,1.143
4979,S07,2025-02-28 11:00:00,21.87,74.17,0.966
4980,S07,2025-02-28 12:00:00,23.73,54.75,1.304
4981,S07,2025-02-28 13:00:00,19.23,54.7,2.032
4982,S07,2025-02-28 14:00:00,23.25C,55.77,0.703
4983,S07,2025-02-28 15:00:00,25.69,36.47,0.329
4984,S07,2025-02-28 16:00:00,24.97,43.4,1.901
4985,S07,2025-02-28 17:00:00,26.07,52.86,0.782
4986,S07,2025-02-28 18:00:00,22.07,41.69,0.436
4987,S07,2025-02-28 19:00:00,22.81,45.37,0.547
4988,S07,2025-02-28 20:00:00,28.82,40.02,1.178
4989,S07,2025-02-28 21:00:00,24.87,39.91,0.403
4990,S07,2025-02-28 22:00:00,24.28,56.88,0.424
4991,S07,2025-02-28 23:00:00,26.65,,1.095
4992,S07,2025-03-01 00:00:00,17.59,59.12,0.578
4993,S07,2025-03-01 01:00:00,19.95,51.35,1.311
4994,S07,2025-03-01 02:00:00,21.83,29.86,2.992
4995,S07,2025-03-01 03:00:00,20.47,36.78,0.371
4996,S07,2025-03-01 04:00:00,25.33,37.94,2.485
4997,S07,2025-03-01 05:00:00,22.27,58.74,0.684
4998,S07,2025-03-01 06:00:00,23.75,42.38,0.666
4999,S07,2025-03-01 07:00:00,18.78,53.53,2.623
5000,S07,2025-03-01 08:00:00,21.37,57.59,
5001,S07,2025-03-01 09:00:00,21.48,47.99,0.242
5002,S07,2025-03-01 10:00:00,23.26,37.34,0.648
5003,S07,2025-03-01 11:00:00,23.32,46.34,3.248
5004,S07,2025-03-01 12:00:00,22.01,53.31,0.285
5005,S07,2025-03-01 13:00:00,23.9,44.23,1.247
5006,S07,2025-03-01 14:00:00,28.58,52.62,
5007,S07,2025-03-01 15:00:00,22.55,38.23,0.465
5008,S07,2025-03-01 16:00:00,20.66,31.45,1.429
5009,S07,2025-03-01 17:00:00,26.38,40.09,0.777
5010,S07,2025-03-01 18:00:00,27.36,47.46,1.0
5011,S07,2025-03-01 19:00:00,23.63,29.61,0.58
5012,S07,2025-03-01 20:00:00,26.11C,47.27,1.517
5013,S07,2025-03-01 21:00:00,17.26,38.92,0.511
5014,S07,2025-03-01 22:00:00,24.94,29.79,0.34
5015,S07,2025-03-01 23:00:00,23.13,47.74,2.299
5016,S07,2025-03-02 00:00:00,26.83,59.08,0.928
5017,S07,2025-03-02 01:00:00,21.07,30.42,0.335
5018,S07,2025-03-02 02:00:00,26.03,69.3,0.612
5019,S07,2025-03-02 03:00:00,20.14,45.77,0.662
5020,S07,2025-03-02 04:00:00,20.02,,
5021,S07,2025-03-02 05:00:00,19.4,47.8,1.552
5022,S07,2025-03-02 06:00:00,17.64C,26.18,1.835
5023,S07,2025-03-02 07:00:00,19.6,46.45,1.271
5024,S07,2025-03-02 08:00:00,24.74C,45.24,0.605
5025,S07,2025-03-02 09:00:00,17.02,20.07,0.558
5026,S07,2025-03-02 10:00:00,22.03,23.85,0.925
5027,S07,2025-03-02 11:00:00,25.23,32.42,1.083
5028,S07,2025-03-02 12:00:00,22.82C,39.57,1.141
5029,S07,2025-03-02 13:00:00,23.76,46.8,4.126
5030,S07,2025-03-02 14:00:00,23.38,40.63,0.046
5031,S07,2025-03-02 15:00:00,24.06C,34.34,0.591
5032,S07,2025-03-02 16:00:00,16.94,49.53,
5033,S07,2025-03-02 17:00:00,27.29,48.02,0.656
5034,S07,2025-03-02 18:00:00,24.03,43.51,0.698
5035,S07,2025-03-02 19:00:00,21.46,38.85,2.722
5036,S07,2025-03-02 20:00:00,22.38,31.9,1.506
5037,S07,2025-03-02 21:00:00,23.0,41.71,0.888
5038,S07,2025-03-02 22:00:00,25.6,58.94,0.15
5039,S07,2025-03-02 23:00:00,20.21,49.02,
5040,S08,2025-02-01 00:00:00,16.52,54.86,1.702
5041,S08,2025-02-01 01:00:00,16.52,29.17,2.312
5042,S08,2025-02-01 02:00:00,23.26,46.29,1.298
5043,S08,2025-02-01 03:00:00,18.01,31.39,1.309
5044,S08,2025-02-01 04:00:00,21.25,49.18,2.367
5045,S08,2025-02-01 05:00:00,17.62,47.49,1.003
5046,S08,2025-02-01 06:00:00,20.99,47.72,3.049
5047,S08,2025-02-01 07:00:00,19.86,56.53,0.581
5048,S08,2025-02-01 08:00:00,19.3,40.21,0.334
5049,S08,2025-02-01 09:00:00,25.0,56.08,0.77
5050,S08,2025-02-01 10:00:00,22.09,45.47,1.514
5051,S08,2025-02-01 11:00:00,19.09,37.73,1.574
5052,S08,2025-02-01 12:00:00,29.24,41.23,0.503
5053,S08,2025-02-01 13:00:00,19.44,51.79,0.396
5054,S08,2025-02-01 14:00:00,18.9C,38.46,1.627
5055,S08,2025-02-01 15:00:00,17.54,51.37,1.909
5056,S08,2025-02-01 16:00:00,27.51,46.7,0.106
5057,S08,2025-02-01 17:00:00,23.47,37.8,1.632
5058,S08,2025-02-01 18:00:00,24.01C,18.58,2.087
5059,S08,2025-02-01 19:00:00,26.44,44.12,0.945
5060,S08,2025-02-01 20:00:00,23.69C,53.35,1.122
5061,S08,2025-02-01 21:00:00,25.62,39.0,3.16
5062,S08,2025-02-01 22:00:00,28.63,52.09,2.964
5063,S08,2025-02-01 23:00:00,24.53,35.24,1.99
5064,S08,2025-02-02 00:00:00,22.74,56.03,1.63
5065,S08,2025-02-02 01:00:00,21.11C,60.99,1.281
5066,S08,2025-02-02 02:00:00,21.07,47.12,0.201
5067,S08,2025-02-02 03:00:00,25.05,49.54,0.333
5068,S08,2025-02-02 04:00:00,22.69,31.2,1.949
5069,S08,2025-02-02 05:00:00,21.93,59.45,1.217
5070,S08,2025-02-02 06:00:00,15.6,37.69,1.037
5071,S08,2025-02-02 07:00:00,18.74,51.06,1.413
5072,S08,2025-02-02 08:00:00,19.5,65.53,0.252
5073,S08,2025-02-02 09:00:00,21.65,48.74,1.086
5074,S08,2025-02-02 10:00:00,22.97,47.83,1.709
5075,S08,2025-02-02 11:00:00,22.48,49.77,0.367
5076,S08,2025-02-02 12:00:00,21.68,38.85,2.713
5077,S08,2025-02-02 13:00:00,23.33,38.92,0.077
5078,S08,2025-02-02 14:00:00,23.52,57.03,0.054
5079,S08,2025-02-02 15:00:00,25.28C,37.54,1.981
5080,S08,2025-02-02 16:00:00,17.46,41.49,0.965
5081,S08,2025-02-02 17:00:00,25.94C,,1.414
5082,S08,2025-02-02 18:00:00,28.88,46.79,1.266
5083,S08,2025-02-02 19:00:00,26.6,34.66,0.947
5084,S08,2025-02-02 20:00:00,22.07,42.92,
5085,S08,2025-02-02 21:00:00,20.82,42.1,1.209
5086,S08,2025-02-02 22:00:00,23.47,44.24,0.301
5087,S08,2025-02-02 23:00:00,27.81,37.74,2.156
5088,S08,2025-02-03 00:00:00,21.17,41.93,0.493
5089,S08,2025-02-03 01:00:00,14.5,,0.594
5090,S08,2025-02-03 02:00:00,10.8,54.28,0.49
5091,S08,2025-02-03 03:00:00,21.39,50.9,0.831
5092,S08,2025-02-03 04:00:00,28.03C,50.21,1.993
5093,S08,2025-02-03 05:00:00,16.32,28.55,1.423
5094,S08,2025-02-03 06:00:00,19.32,42.75,0.812
5095,S08,2025-02-03 07:00:00,21.41,47.76,0.417
5096,S08,2025-02-03 08:00:00,22.41,47.61,1.768
5097,S08,2025-02-03 09:00:00,24.24,50.64,0.725
5098,S08,2025-02-03 10:00:00,17.01,32.04,0.499
5099,S08,2025-02-03 11:00:00,22.23,49.15,0.375
5100,S08,2025-02-03 12:00:00,20.08,39.4,1.538
5101,S08,2025-02-03 13:00:00,24.67,47.84,2.677
5102,S08,2025-02-03 14:00:00,23.49,61.64,0.924
5103,S08,2025-02-03 15:00:00,25.81,50.41,2.117
5104,S08,2025-02-03 16:00:00,18.96,44.51,0.276
5105,S08,2025-02-03 17:00:00,19.44,36.23,1.623
5106,S08,2025-02-03 18:00:00,20.78,54.5,0.181
5107,S08,2025-02-03 19:00:00,21.64,25.3,0.696
5108,S08,2025-02-03 20:00:00,21.06,37.01,1.373
5109,S08,2025-02-03 21:00:00,19.58,20.41,2.014
5110,S08,2025-02-03 22:00:00,21.74,42.9,1.028
5111,S08,2025-02-03 23:00:00,18.76,36.76,0.286
5112,S08,2025-02-04 00:00:00,23.13,39.32,0.232
5113,S08,2025-02-04 01:00:00,18.85,34.5,0.846
5114,S08,2025-02-04 02:00:00,16.66,64.41,2.937
5115,S08,2025-02-04 03:00:00,21.12,52.71,1.409
5116,S08,2025-02-04 04:00:00,15.93,52.09,1.306
5117,S08,2025-02-04 05:00:00,21.99,37.91,0.926
5118,S08,2025-02-04 06:00:00,19.99,52.51,1.028
5119,S08,2025-02-04 07:00:00,26.37,44.46,2.182
5120,S08,2025-02-04 08:00:00,22.95C,41.26,2.419
5121,S08,2025-02-04 09:00:00,19.16,29.31,0.944
5122,S08,2025-02-04 10:00:00,24.31,45.54,1.29
5123,S08,2025-02-04 11:00:00,22.16,18.74,0.089
5124,S08,2025-02-04 12:00:00,23.92,36.89,0.742
5125,S08,2025-02-04 13:00:00,12.87,21.77,1.317
5126,S08,2025-02-04 14:00:00,20.87,48.36,1.613
5127,S08,2025-02-04 15:00:00,21.04,50.13,
5128,S08,2025-02-04 16:00:00,26.38,53.15,1.806
5129,S08,2025-02-04 17:00:00,19.44,30.66,0.987
5130,S08,2025-02-04 18:00:00,23.87,54.97,0.253
5131,S08,2025-02-04 19:00:00,22.45,64.32,0.61
5132,S08,2025-02-04 20:00:00,18.98,39.19,1.274
5133,S08,2025-02-04 21:00:00,21.57,35.38,0.722
5134,S08,2025-02-04 22:00:00,25.05,38.34,0.415
5135,S08,2025-02-04 23:00:00,22.96,38.49,1.477
5136,S08,2025-02-05 00:00:00,19.59,53.17,4.115
5137,S08,2025-02-05 01:00:00,20.03,38.49,0.79
5138,S08,2025-02-05 02:00:00,20.67,48.43,1.125
5139,S08,2025-02-05 03:00:00,21.49,44.18,0.776
5140,S08,2025-02-05 04:00:00,20.47,34.9,1.09
5141,S08,2025-02-05 05:00:00,16.44,44.77,
5142,S08,2025-02-05 06:00:00,20.36,44.68,0.443
5143,S08,2025-02-05 07:00:00,21.41,45.81,
5144,S08,2025-02-05 08:00:00,26.2,47.34,0.7
5145,S08,2025-02-05 09:00:00,18.43,41.24,1.438
5146,S08,2025-02-05 10:00:00,26.27,48.54,0.608
5147,S08,2025-02-05 11:00:00,20.12,27.03,0.243
5148,S08,2025-02-05 12:00:00,26.65,39.17,0.491
5149,S08,2025-02-05 13:00:00,15.87,,0.29
5150,S08,2025-02-05 14:00:00,21.33,47.52,0.875
5151,S08,2025-02-05 15:00:00,15.29,41.4,2.139
5152,S08,2025-02-05 16:00:00,18.12,,1.051
5153,S08,2025-02-05 17:00:00,21.29C,38.1,0.428
5154,S08,2025-02-05 18:00:00,24.19,42.83,2.18
5155,S08,2025-02-05 19:00:00,20.57,25.92,1.635
5156,S08,2025-02-05 20:00:00,23.77,40.57,0.232
5157,S08,2025-02-05 21:00:00,20.73C,42.13,0.435
5158,S08,2025-02-05 22:00:00,28.16,22.8,0.189
5159,S08,2025-02-05 23:00:00,21.75,26.72,0.516
5160,S08,2025-02-06 00:00:00,25.92,42.95,2.367
5161,S08,2025-02-06 01:00:00,25.58,40.84,0.866
5162,S08,2025-02-06 02:00:00,17.62,62.5,1.662
5163,S08,2025-02-06 03:00:00,22.07,64.45,0.569
5164,S08,2025-02-06 04:00:00,19.25,14.36,0.196
5165,S08,2025-02-06 05:00:00,25.18,37.25,0.379
5166,S08,2025-02-06 06:00:00,21.91,56.05,0.982
5167,S08,2025-02-06 07:00:00,26.55,47.65,1.245
5168,S08,2025-02-06 08:00:00,20.69,58.55,1.603
5169,S08,2025-02-06 09:00:00,20.51,56.7,2.071
5170,S08,2025-02-06 10:00:00,19.21,43.06,0.497
5171,S08,2025-02-06 11:00:00,22.09,55.63,0.5
5172,S08,2025-02-06 12:00:00,23.09,43.68,1.059
5173,S08,2025-02-06 13:00:00,22.19,31.91,1.396
5174,S08,2025-02-06 14:00:00,23.04,45.8,1.094
5175,S08,2025-02-06 15:00:00,24.56,57.33,1.011
5176,S08,2025-02-06 16:00:00,22.22,52.84,0.744
5177,S08,2025-02-06 17:00:00,20.67,40.61,1.027
5178,S08,2025-02-06 18:00:00,19.74,58.9,0.558
5179,S08,2025-02-06 19:00:00,21.21,57.95,0.699
5180,S08,2025-02-06 20:00:00,22.04,58.13,0.426
5181,S08,2025-02-06 21:00:00,26.25,25.67,1.815
5182,S08,2025-02-06 22:00:00,26.1,36.21,0.599
5183,S08,2025-02-06 23:00:00,21.34,38.35,1.213
5184,S08,2025-02-07 00:00:00,21.85,37.56,0.809
5185,S08,2025-02-07 01:00:00,17.51,23.53,0.679
5186,S08,2025-02-07 02:00:00,22.86,38.75,3.021
5187,S08,2025-02-07 03:00:00,15.68,55.86,
5188,S08,2025-02-07 04:00:00,23.61,34.33,1.311
5189,S08,2025-02-07 05:00:00,20.29,66.13,0.17
5190,S08,2025-02-07 06:00:00,21.71,34.47,1.385
5191,S08,2025-02-07 07:00:00,20.81,48.39,1.164
5192,S08,2025-02-07 08:00:00,18.14,42.39,1.062
5193,S08,2025-02-07 09:00:00,21.82,32.35,0.342
5194,S08,2025-02-07 10:00:00,21.62,46.9,0.529
5195,S08,2025-02-07 11:00:00,24.01,46.06,1.065
5196,S08,2025-02-07 12:00:00,23.77,43.61,1.206
5197,S08,2025-02-07 13:00:00,25.74,56.45,0.087
5198,S08,2025-02-07 14:00:00,23.87,52.31,0.423
5199,S08,2025-02-07 15:00:00,18.94,29.01,1.016
5200,S08,2025-02-07 16:00:00,24.84,57.65,1.135
5201,S08,2025-02-07 17:00:00,19.06,35.5,2.1
5202,S08,2025-02-07 18:00:00,20.67,25.58,1.269
5203,S08,2025-02-07 19:00:00,23.17,52.81,1.139
5204,S08,2025-02-07 20:00:00,20.62,55.92,2.755
5205,S08,2025-02-07 21:00:00,22.09,35.61,0.395
5206,S08,2025-02-07 22:00:00,26.44,44.99,1.985
5207,S08,2025-02-07 23:00:00,21.74,37.53,0.886
5208,S08,2025-02-08 00:00:00,17.43,50.8,1.263
5209,S08,2025-02-08 01:00:00,16.41,39.63,1.3
5210,S08,2025-02-08 02:00:00,28.9,47.06,1.213
5211,S08,2025-02-08 03:00:00,19.23,32.04,0.916
5212,S08,2025-02-08 04:00:00,20.83,50.16,0.249
5213,S08,2025-02-08 05:00:00,21.02,45.08,0.744
5214,S08,2025-02-08 06:00:00,24.37,70.24,1.798
5215,S08,2025-02-08 07:00:00,19.48,57.97,1.949
5216,S08,2025-02-08 08:00:00,18.64,38.98,0.497
5217,S08,2025-02-08 09:00:00,20.34,31.94,0.923
5218,S08,2025-02-08 10:00:00,19.3,51.75,2.377
5219,S08,2025-02-08 11:00:00,17.5,35.95,1.043
5220,S08,2025-02-08 12:00:00,16.32,52.1,0.728
5221,S08,2025-02-08 13:00:00,22.22,55.13,0.247
5222,S08,2025-02-08 14:00:00,20.97,59.6,1.345
5223,S08,2025-02-08 15:00:00,26.56,59.71,3.631
5224,S08,2025-02-08 16:00:00,20.99C,56.76,1.761
5225,S08,2025-02-08 17:00:00,21.62,44.51,0.385
5226,S08,2025-02-08 18:00:00,26.47,44.22,1.682
5227,S08,2025-02-08 19:00:00,17.95,46.62,1.118
5228,S08,2025-02-08 20:00:00,25.49,60.8,1.144
5229,S08,2025-02-08 21:00:00,20.82,40.95,0.647
5230,S08,2025-02-08 22:00:00,20.04,44.74,1.481
5231,S08,2025-02-08 23:00:00,24.71,53.17,0.862
5232,S08,2025-02-09 00:00:00,20.51C,32.57,0.94
5233,S08,2025-02-09 01:00:00,16.89,40.83,1.592
5234,S08,2025-02-09 02:00:00,21.18,45.03,1.615
5235,S08,2025-02-09 03:00:00,25.23,40.58,0.741
5236,S08,2025-02-09 04:00:00,23.2,39.26,0.633
5237,S08,2025-02-09 05:00:00,21.25C,48.59,1.128
5238,S08,2025-02-09 06:00:00,19.38,35.22,0.293
5239,S08,2025-02-09 07:00:00,20.94,50.08,0.931
5240,S08,2025-02-09 08:00:00,22.77,41.47,0.45
5241,S08,2025-02-09 09:00:00,20.83,28.68,1.76
5242,S08,2025-02-09 10:00:00,23.01,16.76,2.073
5243,S08,2025-02-09 11:00:00,24.71,34.1,0.48
5244,S08,2025-02-09 12:00:00,17.52C,48.94,0.114
5245,S08,2025-02-09 13:00:00,22.6,42.47,0.283
5246,S08,2025-02-09 14:00:00,23.75,,1.787
5247,S08,2025-02-09 15:00:00,21.6,43.68,0.809
5248,S08,2025-02-09 16:00:00,20.62,48.12,0.412
5249,S08,2025-02-09 17:00:00,27.21,41.72,2.545
5250,S08,2025-02-09 18:00:00,22.59,34.31,0.882
5251,S08,2025-02-09 19:00:00,22.74,57.61,0.699
5252,S08,2025-02-09 20:00:00,21.53,43.85,0.612
5253,S08,2025-02-09 21:00:00,22.4,48.87,1.087
5254,S08,2025-02-09 22:00:00,22.55C,38.13,0.996
5255,S08,2025-02-09 23:00:00,23.3,45.99,0.303
5256,S08,2025-02-10 00:00:00,15.67,54.67,1.855
5257,S08,2025-02-10 01:00:00,15.48,35.33,1.102
5258,S08,2025-02-10 02:00:00,18.58,42.33,0.385
5259,S08,2025-02-10 03:00:00,19.58,40.94,1.068
5260,S08,2025-02-10 04:00:00,19.02,32.91,0.352
5261,S08,2025-02-10 05:00:00,23.01,61.35,0.483
5262,S08,2025-02-10 06:00:00,20.93,32.53,0.162
5263,S08,2025-02-10 07:00:00,23.33,49.32,0.982
5264,S08,2025-02-10 08:00:00,22.01,37.12,1.262
5265,S08,2025-02-10 09:00:00,14.8,42.67,0.545
5266,S08,2025-02-10 10:00:00,23.05,39.4,0.374
5267,S08,2025-02-10 11:00:00,26.1,37.66,1.257
5268,S08,2025-02-10 12:00:00,22.37,43.53,0.343
5269,S08,2025-02-10 13:00:00,21.9C,21.07,
5270,S08,2025-02-10 14:00:00,18.8C,35.07,1.104
5271,S08,2025-02-10 15:00:00,23.1,45.98,0.379
5272,S08,2025-02-10 16:00:00,19.44,60.26,1.613
5273,S08,2025-02-10 17:00:00,17.46,44.09,0.393
5274,S08,2025-02-10 18:00:00,23.5,35.01,0.65
5275,S08,2025-02-10 19:00:00,25.46,52.85,0.909
5276,S08,2025-02-10 20:00:00,22.28,48.36,0.859
5277,S08,2025-02-10 21:00:00,22.76,32.57,0.357
5278,S08,2025-02-10 22:00:00,21.42,36.57,1.435
5279,S08,2025-02-10 23:00:00,28.34,31.66,0.858
5280,S08,2025-02-11 00:00:00,21.26,54.72,0.269
5281,S08,2025-02-11 01:00:00,19.26,32.5,0.558
5282,S08,2025-02-11 02:00:00,19.54,31.81,2.01
5283,S08,2025-02-11 03:00:00,20.98,45.26,3.575
5284,S08,2025-02-11 04:00:00,24.0,53.11,0.41
5285,S08,2025-02-11 05:00:00,19.25,37.46,0.837
5286,S08,2025-02-11 06:00:00,18.38,50.76,0.785
5287,S08,2025-02-11 07:00:00,22.09,30.14,1.033
5288,S08,2025-02-11 08:00:00,20.94,50.91,0.895
5289,S08,2025-02-11 09:00:00,17.09,45.14,0.948
5290,S08,2025-02-11 10:00:00,21.23,43.81,1.05
5291,S08,2025-02-11 11:00:00,20.83,21.86,2.717
5292,S08,2025-02-11 12:00:00,20.69,53.05,0.608
5293,S08,2025-02-11 13:00:00,22.49,43.65,1.356
5294,S08,2025-02-11 14:00:00,22.91,45.24,0.706
5295,S08,2025-02-11 15:00:00,27.35C,32.63,0.245
5296,S08,2025-02-11 16:00:00,24.37,57.39,
5297,S08,2025-02-11 17:00:00,25.16,39.11,2.654
5298,S08,2025-02-11 18:00:00,21.46,47.39,0.268
5299,S08,2025-02-11 19:00:00,22.96,41.92,2.461
5300,S08,2025-02-11 20:00:00,21.11C,40.57,1.839
5301,S08,2025-02-11 21:00:00,21.18,50.05,0.364
5302,S08,2025-02-11 22:00:00,25.88,48.47,0.846
5303,S08,2025-02-11 23:00:00,30.02,56.36,0.265
5304,S08,2025-02-12 00:00:00,22.18,38.43,0.549
5305,S08,2025-02-12 01:00:00,21.46,51.6,0.62
5306,S08,2025-02-12 02:00:00,21.99,34.11,1.057
5307,S08,2025-02-12 03:00:00,22.93C,44.63,0.589
5308,S08,2025-02-12 04:00:00,20.47,27.08,1.059
5309,S08,2025-02-12 05:00:00,20.68,,2.58
5310,S08,2025-02-12 06:00:00,22.87,42.0,1.808
5311,S08,2025-02-12 07:00:00,25.94,36.88,1.295
5312,S08,2025-02-12 08:00:00,21.54,36.94,1.306
5313,S08,2025-02-12 09:00:00,16.52,41.91,2.198
5314,S08,2025-02-12 10:00:00,23.93,55.13,1.125
5315,S08,2025-02-12 11:00:00,22.36,42.82,
5316,S08,2025-02-12 12:00:00,19.56,44.46,0.543
5317,S08,2025-02-12 13:00:00,19.58,,1.616
5318,S08,2025-02-12 14:00:00,12.8,57.58,1.004
5319,S08,2025-02-12 15:00:00,20.06,54.99,0.345
5320,S08,2025-02-12 16:00:00,21.86,49.34,1.3
5321,S08,2025-02-12 17:00:00,24.17,27.28,0.246
5322,S08,2025-02-12 18:00:00,22.65,50.43,1.298
5323,S08,2025-02-12 19:00:00,20.02,38.03,4.961
5324,S08,2025-02-12 20:00:00,21.88,48.79,1.198
5325,S08,2025-02-12 21:00:00,23.39,36.67,0.605
5326,S08,2025-02-12 22:00:00,25.16,49.89,1.224
5327,S08,2025-02-12 23:00:00,24.42,40.3,1.372
5328,S08,2025-02-13 00:00:00,22.64,39.88,0.353
5329,S08,2025-02-13 01:00:00,14.55,46.48,2.783
5330,S08,2025-02-13 02:00:00,21.02,30.16,0.32
5331,S08,2025-02-13 03:00:00,21.43,55.75,1.365
5332,S08,2025-02-13 04:00:00,17.91,44.05,0.324
5333,S08,2025-02-13 05:00:00,21.47,42.96,0.838
5334,S08,2025-02-13 06:00:00,19.48,35.15,1.224
5335,S08,2025-02-13 07:00:00,17.56,51.0,1.651
5336,S08,2025-02-13 08:00:00,17.48,33.67,1.613
5337,S08,2025-02-13 09:00:00,23.08,55.07,3.947
5338,S08,2025-02-13 10:00:00,23.35,35.87,2.488
5339,S08,2025-02-13 11:00:00,25.02,44.92,1.665
5340,S08,2025-02-13 12:00:00,24.17,36.89,0.352
5341,S08,2025-02-13 13:00:00,23.54,44.7,0.441
5342,S08,2025-02-13 14:00:00,19.07,52.15,1.537
5343,S08,2025-02-13 15:00:00,21.8,38.13,2.177
5344,S08,2025-02-13 16:00:00,21.74C,32.61,2.015
5345,S08,2025-02-13 17:00:00,28.68,41.91,1.008
5346,S08,2025-02-13 18:00:00,20.27,36.22,1.696
5347,S08,2025-02-13 19:00:00,19.17,46.31,1.326
5348,S08,2025-02-13 20:00:00,20.17,32.03,1.834
5349,S08,2025-02-13 21:00:00,26.31,38.77,1.131
5350,S08,2025-02-13 22:00:00,21.58C,51.53,0.661
5351,S08,2025-02-13 23:00:00,25.8,45.66,0.127
5352,S08,2025-02-14 00:00:00,18.65C,33.91,2.551
5353,S08,2025-02-14 01:00:00,23.39,40.97,1.305
5354,S08,2025-02-14 02:00:00,15.89,46.05,1.213
5355,S08,2025-02-14 03:00:00,19.29C,51.57,0.13
5356,S08,2025-02-14 04:00:00,22.55,34.62,0.645
5357,S08,2025-02-14 05:00:00,20.23,45.58,0.484
5358,S08,2025-02-14 06:00:00,18.4,,1.032
5359,S08,2025-02-14 07:00:00,25.49,28.4,0.355
5360,S08,2025-02-14 08:00:00,17.19,54.24,1.105
5361,S08,2025-02-14 09:00:00,18.99,50.24,1.168
5362,S08,2025-02-14 10:00:00,25.05,50.87,0.408
5363,S08,2025-02-14 11:00:00,26.9,53.12,1.379
5364,S08,2025-02-14 12:00:00,21.95,41.73,0.563
5365,S08,2025-02-14 13:00:00,18.39,57.24,2.005
5366,S08,2025-02-14 14:00:00,18.46,52.83,0.342
5367,S08,2025-02-14 15:00:00,19.86,,0.195
5368,S08,2025-02-14 16:00:00,22.3,40.06,4.256
5369,S08,2025-02-14 17:00:00,26.69,28.24,2.545
5370,S08,2025-02-14 18:00:00,25.57,24.39,0.267
5371,S08,2025-02-14 19:00:00,25.89,50.85,0.289
5372,S08,2025-02-14 20:00:00,21.7,49.95,0.734
5373,S08,2025-02-14 21:00:00,25.54,36.04,2.704
5374,S08,2025-02-14 22:00:00,25.85C,50.39,1.749
5375,S08,2025-02-14 23:00:00,26.15,44.0,2.202
5376,S08,2025-02-15 00:00:00,20.14C,29.75,1.312
5377,S08,2025-02-15 01:00:00,19.12,50.01,0.411
5378,S08,2025-02-15 02:00:00,23.79,49.3,0.376
5379,S08,2025-02-15 03:00:00,25.3,,1.915
5380,S08,2025-02-15 04:00:00,20.13C,36.93,4.259
5381,S08,2025-02-15 05:00:00,22.0,30.08,0.408
5382,S08,2025-02-15 06:00:00,24.35,48.09,1.18
5383,S08,2025-02-15 07:00:00,25.79,55.54,0.083
5384,S08,2025-02-15 08:00:00,26.63,77.81,1.232
5385,S08,2025-02-15 09:00:00,21.66,24.17,1.998
5386,S08,2025-02-15 10:00:00,25.5,40.01,0.148
5387,S08,2025-02-15 11:00:00,18.31,54.0,0.941
5388,S08,2025-02-15 12:00:00,15.49,50.31,2.066
5389,S08,2025-02-15 13:00:00,20.9,55.14,0.783
5390,S08,2025-02-15 14:00:00,23.36,31.63,0.561
5391,S08,2025-02-15 15:00:00,18.0,32.21,2.585
5392,S08,2025-02-15 16:00:00,22.18,51.31,0.749
5393,S08,2025-02-15 17:00:00,23.28,,1.429
5394,S08,2025-02-15 18:00:00,22.85,,0.771
5395,S08,2025-02-15 19:00:00,23.87,28.49,0.319
5396,S08,2025-02-15 20:00:00,26.54,45.8,1.246
5397,S08,2025-02-15 21:00:00,22.59,41.9,0.55
5398,S08,2025-02-15 22:00:00,22.14,59.5,0.782
5399,S08,2025-02-15 23:00:00,25.28,41.76,2.449
5400,S08,2025-02-16 00:00:00,23.37,58.06,3.278
5401,S08,2025-02-16 01:00:00,19.07,47.67,2.765
5402,S08,2025-02-16 02:00:00,24.56,41.06,
5403,S08,2025-02-16 03:00:00,22.86,29.91,1.551
5404,S08,2025-02-16 04:00:00,19.68,50.3,4.028
5405,S08,2025-02-16 05:00:00,20.86,38.54,0.995
5406,S08,2025-02-16 06:00:00,18.77,62.43,2.747
5407,S08,2025-02-16 07:00:00,23.29,43.6,0.567
5408,S08,2025-02-16 08:00:00,21.71,49.95,1.667
5409,S08,2025-02-16 09:00:00,27.44,51.43,0.391
5410,S08,2025-02-16 10:00:00,14.06,19.39,1.245
5411,S08,2025-02-16 11:00:00,18.25,38.13,1.511
5412,S08,2025-02-16 12:00:00,20.49,46.38,1.144
5413,S08,2025-02-16 13:00:00,23.71,49.47,1.801
5414,S08,2025-02-16 14:00:00,21.23,43.97,0.279
5415,S08,2025-02-16 15:00:00,20.34C,59.54,0.769
5416,S08,2025-02-16 16:00:00,23.86,54.56,0.502
5417,S08,2025-02-16 17:00:00,21.5,53.95,1.575
5418,S08,2025-02-16 18:00:00,23.62,57.82,2.259
5419,S08,2025-02-16 19:00:00,25.71,30.73,2.652
5420,S08,2025-02-16 20:00:00,26.1,54.48,1.483
5421,S08,2025-02-16 21:00:00,18.75,,0.642
5422,S08,2025-02-16 22:00:00,21.32,,0.131
5423,S08,2025-02-16 23:00:00,24.96,52.58,0.544
5424,S08,2025-02-17 00:00:00,19.68,59.14,0.298
5425,S08,2025-02-17 01:00:00,18.08,54.94,0.214
5426,S08,2025-02-17 02:00:00,22.3,51.21,2.047
5427,S08,2025-02-17 03:00:00,20.92C,41.13,0.781
5428,S08,2025-02-17 04:00:00,22.16,64.69,0.574
5429,S08,2025-02-17 05:00:00,23.62,51.23,0.885
5430,S08,2025-02-17 06:00:00,20.01C,41.36,5.354
5431,S08,2025-02-17 07:00:00,24.3,34.51,0.602
5432,S08,2025-02-17 08:00:00,21.96C,44.55,2.228
5433,S08,2025-02-17 09:00:00,22.36,28.34,0.58
5434,S08,2025-02-17 10:00:00,24.76C,54.57,1.383
5435,S08,2025-02-17 11:00:00,17.13,55.21,0.427
5436,S08,2025-02-17 12:00:00,17.16,42.07,1.581
5437,S08,2025-02-17 13:00:00,18.8,29.97,1.009
5438,S08,2025-02-17 14:00:00,24.86,38.26,1.702
5439,S08,2025-02-17 15:00:00,22.84,62.47,0.77
5440,S08,2025-02-17 16:00:00,20.99,61.16,1.011
5441,S08,2025-02-17 17:00:00,19.71,51.63,0.991
5442,S08,2025-02-17 18:00:00,17.92,61.24,2.437
5443,S08,2025-02-17 19:00:00,23.94,55.01,0.597
5444,S08,2025-02-17 20:00:00,23.15,40.53,0.881
5445,S08,2025-02-17 21:00:00,24.5C,38.18,0.839
5446,S08,2025-02-17 22:00:00,26.2,52.15,2.281
5447,S08,2025-02-17 23:00:00,24.51,56.82,0.393
5448,S08,2025-02-18 00:00:00,24.2,23.85,1.43
5449,S08,2025-02-18 01:00:00,19.17,45.38,0.323
5450,S08,2025-02-18 02:00:00,24.94,35.1,1.389
5451,S08,2025-02-18 03:00:00,21.92C,26.7,2.422
5452,S08,2025-02-18 04:00:00,19.24,38.54,0.786
5453,S08,2025-02-18 05:00:00,21.5,45.64,1.068
5454,S08,2025-02-18 06:00:00,27.48,47.99,0.771
5455,S08,2025-02-18 07:00:00,17.58,46.71,2.551
5456,S08,2025-02-18 08:00:00,19.64,51.41,1.643
5457,S08,2025-02-18 09:00:00,20.32,41.3,0.707
5458,S08,2025-02-18 10:00:00,22.21,34.03,0.325
5459,S08,2025-02-18 11:00:00,22.04,65.8,0.653
5460,S08,2025-02-18 12:00:00,27.49,66.77,2.499
5461,S08,2025-02-18 13:00:00,21.56,33.18,0.608
5462,S08,2025-02-18 14:00:00,24.25,35.05,0.788
5463,S08,2025-02-18 15:00:00,20.97,32.43,0.307
5464,S08,2025-02-18 16:00:00,19.34,45.88,1.806
5465,S08,2025-02-18 17:00:00,22.3,44.88,1.697
5466,S08,2025-02-18 18:00:00,22.18,36.79,0.584
5467,S08,2025-02-18 19:00:00,25.03,46.61,0.679
5468,S08,2025-02-18 20:00:00,27.06C,47.6,0.963
5469,S08,2025-02-18 21:00:00,22.02,49.88,2.746
5470,S08,2025-02-18 22:00:00,26.68,44.66,0.57
5471,S08,2025-02-18 23:00:00,20.67,,1.035
5472,S08,2025-02-19 00:00:00,25.31,45.7,0.652
5473,S08,2025-02-19 01:00:00,16.04,24.99,0.953
5474,S08,2025-02-19 02:00:00,18.99,42.24,1.661
5475,S08,2025-02-19 03:00:00,21.36,26.84,
5476,S08,2025-02-19 04:00:00,19.68,47.45,0.521
5477,S08,2025-02-19 05:00:00,17.62,49.54,1.205
5478,S08,2025-02-19 06:00:00,23.12,44.68,1.927
5479,S08,2025-02-19 07:00:00,18.29,,1.27
5480,S08,2025-02-19 08:00:00,24.18,64.26,0.597
5481,S08,2025-02-19 09:00:00,17.25C,59.23,1.716
5482,S08,2025-02-19 10:00:00,24.69,57.15,1.361
5483,S08,2025-02-19 11:00:00,24.23,46.18,1.556
5484,S08,2025-02-19 12:00:00,23.48,54.48,0.404
5485,S08,2025-02-19 13:00:00,25.16,43.57,1.326
5486,S08,2025-02-19 14:00:00,21.66,53.81,0.274
5487,S08,2025-02-19 15:00:00,22.24,27.14,1.583
5488,S08,2025-02-19 16:00:00,25.92,50.88,1.306
5489,S08,2025-02-19 17:00:00,19.66,28.89,1.433
5490,S08,2025-02-19 18:00:00,22.06,45.24,1.125
5491,S08,2025-02-19 19:00:00,22.36,47.73,1.623
5492,S08,2025-02-19 20:00:00,22.47,59.38,1.215
5493,S08,2025-02-19 21:00:00,22.47,43.83,0.449
5494,S08,2025-02-19 22:00:00,16.3,38.9,1.358
5495,S08,2025-02-19 23:00:00,23.52,51.07,0.81
5496,S08,2025-02-20 00:00:00,20.92,,1.083
5497,S08,2025-02-20 01:00:00,23.88,48.75,0.299
5498,S08,2025-02-20 02:00:00,22.71,41.76,3.673
5499,S08,2025-02-20 03:00:00,18.82,,1.512
5500,S08,2025-02-20 04:00:00,19.9,34.27,1.135
5501,S08,2025-02-20 05:00:00,18.11,45.71,0.337
5502,S08,2025-02-20 06:00:00,19.94,39.01,1.853
5503,S08,2025-02-20 07:00:00,19.36,53.49,1.655
5504,S08,2025-02-20 08:00:00,24.47,36.72,0.566
5505,S08,2025-02-20 09:00:00,22.55,58.66,1.301
5506,S08,2025-02-20 10:00:00,23.33,61.54,0.657
5507,S08,2025-02-20 11:00:00,20.65,45.64,0.765
5508,S08,2025-02-20 12:00:00,21.43,,0.119
5509,S08,2025-02-20 13:00:00,23.53,49.84,2.86
5510,S08,2025-02-20 14:00:00,19.87,41.46,
5511,S08,2025-02-20 15:00:00,23.86,46.3,1.364
5512,S08,2025-02-20 16:00:00,25.04,50.48,1.159
5513,S08,2025-02-20 17:00:00,20.95,50.41,0.432
5514,S08,2025-02-20 18:00:00,22.79,48.43,0.734
5515,S08,2025-02-20 19:00:00,20.46,28.1,1.029
5516,S08,2025-02-20 20:00:00,27.94,45.5,4.219
5517,S08,2025-02-20 21:00:00,24.57,37.12,0.587
5518,S08,2025-02-20 22:00:00,26.6,48.79,0.696
5519,S08,2025-02-20 23:00:00,22.94,17.93,1.624
5520,S08,2025-02-21 00:00:00,17.57,35.33,1.355
5521,S08,2025-02-21 01:00:00,20.01,38.68,
5522,S08,2025-02-21 02:00:00,24.48,28.32,1.216
5523,S08,2025-02-21 03:00:00,25.35,47.45,0.902
5524,S08,2025-02-21 04:00:00,23.04,51.55,1.646
5525,S08,2025-02-21 05:00:00,20.87,52.25,2.459
5526,S08,2025-02-21 06:00:00,22.25,42.51,
5527,S08,2025-02-21 07:00:00,24.39,38.85,2.377
5528,S08,2025-02-21 08:00:00,18.39,56.55,2.208
5529,S08,2025-02-21 09:00:00,24.13,38.2,0.254
5530,S08,2025-02-21 10:00:00,19.31,61.69,0.452
5531,S08,2025-02-21 11:00:00,22.62,52.88,1.646
5532,S08,2025-02-21 12:00:00,24.14,41.21,0.857
5533,S08,2025-02-21 13:00:00,22.99,59.21,0.805
5534,S08,2025-02-21 14:00:00,22.61,57.49,1.405
5535,S08,2025-02-21 15:00:00,26.24,25.79,1.573
5536,S08,2025-02-21 16:00:00,21.47,46.18,0.804
5537,S08,2025-02-21 17:00:00,21.77,42.15,0.603
5538,S08,2025-02-21 18:00:00,20.24,43.08,2.006
5539,S08,2025-02-21 19:00:00,23.63,63.21,0.924
5540,S08,2025-02-21 20:00:00,25.44,57.92,1.899
5541,S08,2025-02-21 21:00:00,23.07,67.66,2.118
5542,S08,2025-02-21 22:00:00,17.98,55.79,0.676
5543,S08,2025-02-21 23:00:00,24.97,45.56,1.632
5544,S08,2025-02-22 00:00:00,22.08C,37.95,0.916
5545,S08,2025-02-22 01:00:00,17.9,50.85,1.211
5546,S08,2025-02-22 02:00:00,19.87,52.45,1.795
5547,S08,2025-02-22 03:00:00,20.78,,0.922
5548,S08,2025-02-22 04:00:00,18.6,41.41,0.89
5549,S08,2025-02-22 05:00:00,21.77,53.81,1.079
5550,S08,2025-02-22 06:00:00,21.39,46.91,1.67
5551,S08,2025-02-22 07:00:00,17.92,65.5,1.04
5552,S08,2025-02-22 08:00:00,13.43,40.63,1.353
5553,S08,2025-02-22 09:00:00,18.89,52.25,0.728
5554,S08,2025-02-22 10:00:00,25.83,,1.377
5555,S08,2025-02-22 11:00:00,25.37,69.79,1.346
5556,S08,2025-02-22 12:00:00,21.1,43.78,1.682
5557,S08,2025-02-22 13:00:00,19.05,40.24,0.737
5558,S08,2025-02-22 14:00:00,26.53,48.5,1.069
5559,S08,2025-02-22 15:00:00,24.5,43.4,0.731
5560,S08,2025-02-22 16:00:00,26.24,59.92,0.416
5561,S08,2025-02-22 17:00:00,28.16,55.12,1.277
5562,S08,2025-02-22 18:00:00,24.2,50.42,0.955
5563,S08,2025-02-22 19:00:00,23.32,,0.891
5564,S08,2025-02-22 20:00:00,21.0,22.3,0.721
5565,S08,2025-02-22 21:00:00,23.78C,33.81,1.221
5566,S08,2025-02-22 22:00:00,20.63,,0.405
5567,S08,2025-02-22 23:00:00,26.78,,1.117
5568,S08,2025-02-23 00:00:00,19.57,53.26,
5569,S08,2025-02-23 01:00:00,24.96,62.98,0.526
5570,S08,2025-02-23 02:00:00,19.52,39.68,0.54
5571,S08,2025-02-23 03:00:00,21.95,34.98,1.214
5572,S08,2025-02-23 04:00:00,18.53,46.95,1.202
5573,S08,2025-02-23 05:00:00,23.52,62.83,2.73
5574,S08,2025-02-23 06:00:00,18.71,43.53,0.146
5575,S08,2025-02-23 07:00:00,25.06,37.21,1.691
5576,S08,2025-02-23 08:00:00,23.02,49.86,1.316
5577,S08,2025-02-23 09:00:00,16.2,32.12,3.857
5578,S08,2025-02-23 10:00:00,17.68,34.48,0.215
5579,S08,2025-02-23 11:00:00,22.56,48.33,1.473
5580,S08,2025-02-23 12:00:00,21.85,33.61,1.233
5581,S08,2025-02-23 13:00:00,27.99,44.34,0.668
5582,S08,2025-02-23 14:00:00,19.73,43.13,1.052
5583,S08,2025-02-23 15:00:00,21.85,33.62,1.364
5584,S08,2025-02-23 16:00:00,22.61,50.92,0.548
5585,S08,2025-02-23 17:00:00,23.44,65.84,0.339
5586,S08,2025-02-23 18:00:00,27.95,,0.851
5587,S08,2025-02-23 19:00:00,22.81C,38.06,0.698
5588,S08,2025-02-23 20:00:00,18.56,40.95,0.098
5589,S08,2025-02-23 21:00:00,27.97,51.46,2.405
5590,S08,2025-02-23 22:00:00,24.76,42.19,2.823
5591,S08,2025-02-23 23:00:00,19.32C,40.05,3.007
5592,S08,2025-02-24 00:00:00,18.27C,37.92,0.683
5593,S08,2025-02-24 01:00:00,19.47,46.08,
5594,S08,2025-02-24 02:00:00,20.9,47.25,1.245
5595,S08,2025-02-24 03:00:00,23.03,42.87,1.083
5596,S08,2025-02-24 04:00:00,20.12,51.26,0.61
5597,S08,2025-02-24 05:00:00,19.45,53.47,1.394
5598,S08,2025-02-24 06:00:00,18.28,59.82,3.536
5599,S08,2025-02-24 07:00:00,20.79,48.54,0.729
5600,S08,2025-02-24 08:00:00,21.64,49.45,2.124
5601,S08,2025-02-24 09:00:00,22.94,50.25,1.277
5602,S08,2025-02-24 10:00:00,15.4,41.84,1.354
5603,S08,2025-02-24 11:00:00,19.27C,53.95,0.791
5604,S08,2025-02-24 12:00:00,23.42,27.25,0.76
5605,S08,2025-02-24 13:00:00,27.12,51.39,0.694
5606,S08,2025-02-24 14:00:00,24.98,40.08,0.93
5607,S08,2025-02-24 15:00:00,15.78,47.73,3.923
5608,S08,2025-02-24 16:00:00,16.94,59.08,1.012
5609,S08,2025-02-24 17:00:00,24.42,57.45,1.679
5610,S08,2025-02-24 18:00:00,23.04,64.32,1.528
5611,S08,2025-02-24 19:00:00,23.25,17.68,0.35
5612,S08,2025-02-24 20:00:00,29.01,54.51,2.324
5613,S08,2025-02-24 21:00:00,20.26,43.38,1.01
5614,S08,2025-02-24 22:00:00,27.05,58.33,0.751
5615,S08,2025-02-24 23:00:00,23.99,39.06,1.702
5616,S08,2025-02-25 00:00:00,18.48,50.77,0.617
5617,S08,2025-02-25 01:00:00,14.24,38.74,1.422
5618,S08,2025-02-25 02:00:00,17.07,41.52,1.298
5619,S08,2025-02-25 03:00:00,25.13,31.44,0.861
5620,S08,2025-02-25 04:00:00,21.08,46.37,0.585
5621,S08,2025-02-25 05:00:00,23.33,39.94,1.425
5622,S08,2025-02-25 06:00:00,22.82,40.6,0.697
5623,S08,2025-02-25 07:00:00,20.8,63.3,1.035
5624,S08,2025-02-25 08:00:00,23.88,37.02,1.895
5625,S08,2025-02-25 09:00:00,22.5,56.74,0.464
5626,S08,2025-02-25 10:00:00,21.17,42.82,0.64
5627,S08,2025-02-25 11:00:00,20.92,42.92,0.799
5628,S08,2025-02-25 12:00:00,19.88,47.46,1.051
5629,S08,2025-02-25 13:00:00,23.0,41.21,1.657
5630,S08,2025-02-25 14:00:00,21.76,71.97,0.425
5631,S08,2025-02-25 15:00:00,25.72,36.41,4.195
5632,S08,2025-02-25 16:00:00,21.7,42.11,1.229
5633,S08,2025-02-25 17:00:00,20.09,46.38,0.244
5634,S08,2025-02-25 18:00:00,17.44,56.63,0.635
5635,S08,2025-02-25 19:00:00,25.29,52.47,0.417
5636,S08,2025-02-25 20:00:00,30.54,51.07,2.872
5637,S08,2025-02-25 21:00:00,23.26,42.27,2.403
5638,S08,2025-02-25 22:00:00,17.0,47.06,0.271
5639,S08,2025-02-25 23:00:00,26.4,58.02,0.723
5640,S08,2025-02-26 00:00:00,18.25,59.87,0.426
5641,S08,2025-02-26 01:00:00,22.41,36.47,0.786
5642,S08,2025-02-26 02:00:00,21.59,22.86,1.458
5643,S08,2025-02-26 03:00:00,22.76,56.32,0.374
5644,S08,2025-02-26 04:00:00,21.17,47.61,0.206
5645,S08,2025-02-26 05:00:00,20.16,49.62,1.219
5646,S08,2025-02-26 06:00:00,24.26,35.52,1.065
5647,S08,2025-02-26 07:00:00,20.41,49.67,2.1
5648,S08,2025-02-26 08:00:00,24.86,50.78,1.505
5649,S08,2025-02-26 09:00:00,19.8,60.41,0.717
5650,S08,2025-02-26 10:00:00,22.15,69.73,1.118
5651,S08,2025-02-26 11:00:00,19.67,48.43,1.44
5652,S08,2025-02-26 12:00:00,24.74,48.26,2.044
5653,S08,2025-02-26 13:00:00,20.18,46.41,1.26
5654,S08,2025-02-26 14:00:00,19.91,48.16,
5655,S08,2025-02-26 15:00:00,25.24,22.77,0.651
5656,S08,2025-02-26 16:00:00,23.6,41.6,0.682
5657,S08,2025-02-26 17:00:00,22.5,41.61,0.62
5658,S08,2025-02-26 18:00:00,19.99,63.16,1.051
5659,S08,2025-02-26 19:00:00,22.91,,1.547
5660,S08,2025-02-26 20:00:00,24.37,39.07,0.05
5661,S08,2025-02-26 21:00:00,25.3,40.35,1.692
5662,S08,2025-02-26 22:00:00,21.42,38.44,0.803
5663,S08,2025-02-26 23:00:00,25.11,,2.763
5664,S08,2025-02-27 00:00:00,14.63,51.37,0.792
5665,S08,2025-02-27 01:00:00,20.52,54.74,4.886
5666,S08,2025-02-27 02:00:00,17.82,41.82,1.512
5667,S08,2025-02-27 03:00:00,22.73,25.48,0.299
5668,S08,2025-02-27 04:00:00,19.53C,45.45,0.522
5669,S08,2025-02-27 05:00:00,27.67,54.11,0.391
5670,S08,2025-02-27 06:00:00,21.54,42.53,1.099
5671,S08,2025-02-27 07:00:00,22.18,33.12,0.603
5672,S08,2025-02-27 08:00:00,14.74,43.11,1.566
5673,S08,2025-02-27 09:00:00,17.47,,1.004
5674,S08,2025-02-27 10:00:00,24.65,48.5,3.467
5675,S08,2025-02-27 11:00:00,19.83,51.98,0.529
5676,S08,2025-02-27 12:00:00,25.23,37.79,1.266
5677,S08,2025-02-27 13:00:00,20.02,47.45,1.701
5678,S08,2025-02-27 14:00:00,24.04,35.24,0.843
5679,S08,2025-02-27 15:00:00,20.05,50.41,5.179
5680,S08,2025-02-27 16:00:00,23.83,28.11,1.291
5681,S08,2025-02-27 17:00:00,24.67,29.2,0.444
5682,S08,2025-02-27 18:00:00,25.49,64.99,1.449
5683,S08,2025-02-27 19:00:00,20.84,41.42,1.31
5684,S08,2025-02-27 20:00:00,19.34C,54.3,1.084
5685,S08,2025-02-27 21:00:00,24.93,39.9,3.0
5686,S08,2025-02-27 22:00:00,24.11,54.59,0.645
5687,S08,2025-02-27 23:00:00,25.57,34.39,1.147
5688,S08,2025-02-28 00:00:00,16.61,33.74,1.714
5689,S08,2025-02-28 01:00:00,22.49,57.28,0.175
5690,S08,2025-02-28 02:00:00,19.95,51.51,0.69
5691,S08,2025-02-28 03:00:00,17.46,23.22,0.841
5692,S08,2025-02-28 04:00:00,19.42,36.47,0.109
5693,S08,2025-02-28 05:00:00,23.6,,0.142
5694,S08,2025-02-28 06:00:00,21.55,61.74,1.816
5695,S08,2025-02-28 07:00:00,21.65,47.08,1.226
5696,S08,2025-02-28 08:00:00,21.61,45.88,2.918
5697,S08,2025-02-28 09:00:00,20.37,32.2,1.424
5698,S08,2025-02-28 10:00:00,25.27C,58.63,0.405
5699,S08,2025-02-28 11:00:00,21.9,54.77,
5700,S08,2025-02-28 12:00:00,17.73,26.13,1.012
5701,S08,2025-02-28 13:00:00,17.89,48.38,0.358
5702,S08,2025-02-28 14:00:00,20.65,16.72,2.736
5703,S08,2025-02-28 15:00:00,21.31,44.56,0.766
5704,S08,2025-02-28 16:00:00,24.73,36.35,1.766
5705,S08,2025-02-28 17:00:00,15.07,47.51,0.331
5706,S08,2025-02-28 18:00:00,25.13,29.7,1.584
5707,S08,2025-02-28 19:00:00,26.49,49.78,1.559
5708,S08,2025-02-28 20:00:00,21.78,32.15,1.07
5709,S08,2025-02-28 21:00:00,27.02,41.61,1.254
5710,S08,2025-02-28 22:00:00,21.48,36.19,0.806
5711,S08,2025-02-28 23:00:00,23.15C,34.64,0.934
5712,S08,2025-03-01 00:00:00,18.73,56.62,2.147
5713,S08,2025-03-01 01:00:00,25.06,45.53,1.68
5714,S08,2025-03-01 02:00:00,23.9,57.79,1.432
5715,S08,2025-03-01 03:00:00,23.88,43.54,0.764
5716,S08,2025-03-01 04:00:00,17.43,48.47,1.648
5717,S08,2025-03-01 05:00:00,21.24,58.99,1.175
5718,S08,2025-03-01 06:00:00,17.74,43.26,0.184
5719,S08,2025-03-01 07:00:00,21.71,40.19,0.702
5720,S08,2025-03-01 08:00:00,23.06,35.53,2.468
5721,S08,2025-03-01 09:00:00,25.62,39.25,1.317
5722,S08,2025-03-01 10:00:00,21.28,53.68,0.83
5723,S08,2025-03-01 11:00:00,22.54,48.62,0.939
5724,S08,2025-03-01 12:00:00,21.59,44.02,1.386
5725,S08,2025-03-01 13:00:00,18.99,47.93,0.529
5726,S08,2025-03-01 14:00:00,27.23C,52.88,1.633
5727,S08,2025-03-01 15:00:00,23.6,52.81,1.249
5728,S08,2025-03-01 16:00:00,26.91,,0.455
5729,S08,2025-03-01 17:00:00,25.26,35.72,1.376
5730,S08,2025-03-01 18:00:00,19.14,62.23,0.569
5731,S08,2025-03-01 19:00:00,21.22C,,
5732,S08,2025-03-01 20:00:00,25.26,52.04,0.278
5733,S08,2025-03-01 21:00:00,25.91,39.48,1.632
5734,S08,2025-03-01 22:00:00,25.56C,32.42,0.841
5735,S08,2025-03-01 23:00:00,23.68,36.72,1.402
5736,S08,2025-03-02 00:00:00,22.78,55.15,1.672
5737,S08,2025-03-02 01:00:00,17.44,40.21,0.365
5738,S08,2025-03-02 02:00:00,19.78,55.31,1.651
5739,S08,2025-03-02 03:00:00,17.22,49.92,1.954
5740,S08,2025-03-02 04:00:00,23.77C,32.11,1.027
5741,S08,2025-03-02 05:00:00,22.08,36.35,0.331
5742,S08,2025-03-02 06:00:00,23.22C,46.95,2.223
5743,S08,2025-03-02 07:00:00,20.48,60.46,0.892
5744,S08,2025-03-02 08:00:00,13.83C,52.42,0.49
5745,S08,2025-03-02 09:00:00,19.2,22.45,0.537
5746,S08,2025-03-02 10:00:00,22.16,50.21,1.139
5747,S08,2025-03-02 11:00:00,22.02,42.31,1.102
5748,S08,2025-03-02 12:00:00,24.75,46.9,1.113
5749,S08,2025-03-02 13:00:00,25.5,53.5,0.889
5750,S08,2025-03-02 14:00:00,20.63C,34.57,0.062
5751,S08,2025-03-02 15:00:00,24.8,55.4,1.127
5752,S08,2025-03-02 16:00:00,17.43,42.85,0.138
5753,S08,2025-03-02 17:00:00,24.75,34.72,0.985
5754,S08,2025-03-02 18:00:00,16.59,50.38,0.321
5755,S08,2025-03-02 19:00:00,24.56,35.43,0.119
5756,S08,2025-03-02 20:00:00,16.38C,35.73,1.16
5757,S08,2025-03-02 21:00:00,24.83,37.17,0.448
5758,S08,2025-03-02 22:00:00,28.27,50.13,1.282
5759,S08,2025-03-02 23:00:00,23.15,55.17,0.407
5760,S09,2025-02-01 00:00:00,22.31,39.86,1.855
5761,S09,2025-02-01 01:00:00,23.69,64.53,1.265
5762,S09,2025-02-01 02:00:00,12.42,43.33,0.36
5763,S09,2025-02-01 03:00:00,14.86,50.19,
5764,S09,2025-02-01 04:00:00,20.85,47.99,1.204
5765,S09,2025-02-01 05:00:00,17.66,44.52,1.368
5766,S09,2025-02-01 06:00:00,19.88,33.09,0.419
5767,S09,2025-02-01 07:00:00,29.45,46.0,1.795
5768,S09,2025-02-01 08:00:00,27.01,38.69,0.979
5769,S09,2025-02-01 09:00:00,23.52,36.7,1.094
5770,S09,2025-02-01 10:00:00,19.69,33.95,0.539
5771,S09,2025-02-01 11:00:00,23.53,47.29,0.768
5772,S09,2025-02-01 12:00:00,23.11,40.05,3.041
5773,S09,2025-02-01 13:00:00,21.71,45.39,1.796
5774,S09,2025-02-01 14:00:00,27.36,38.64,0.588
5775,S09,2025-02-01 15:00:00,16.72,31.41,1.09
5776,S09,2025-02-01 16:00:00,27.45,33.92,1.61
5777,S09,2025-02-01 17:00:00,21.54,57.18,0.769
5778,S09,2025-02-01 18:00:00,26.93,50.6,1.092
5779,S09,2025-02-01 19:00:00,22.71,47.62,0.24
5780,S09,2025-02-01 20:00:00,21.53,50.72,1.426
5781,S09,2025-02-01 21:00:00,21.39,32.87,1.587
5782,S09,2025-02-01 22:00:00,24.36,53.21,0.619
5783,S09,2025-02-01 23:00:00,24.8,28.46,0.813
5784,S09,2025-02-02 00:00:00,29.47,38.56,0.765
5785,S09,2025-02-02 01:00:00,25.27,38.0,3.177
5786,S09,2025-02-02 02:00:00,20.46,38.95,0.458
5787,S09,2025-02-02 03:00:00,17.03,26.34,0.236
5788,S09,2025-02-02 04:00:00,21.18,54.78,0.708
5789,S09,2025-02-02 05:00:00,22.79,27.05,1.015
5790,S09,2025-02-02 06:00:00,16.02,52.71,1.026
5791,S09,2025-02-02 07:00:00,21.37,48.1,1.346
5792,S09,2025-02-02 08:00:00,25.43,46.7,2.218
5793,S09,2025-02-02 09:00:00,20.24,41.82,0.479
5794,S09,2025-02-02 10:00:00,16.91C,39.1,0.992
5795,S09,2025-02-02 11:00:00,24.26,36.26,1.805
5796,S09,2025-02-02 12:00:00,27.02C,58.15,1.356
5797,S09,2025-02-02 13:00:00,21.63,39.81,2.616
5798,S09,2025-02-02 14:00:00,22.92,36.11,3.345
5799,S09,2025-02-02 15:00:00,26.14,53.32,0.481
5800,S09,2025-02-02 16:00:00,24.37,64.83,0.828
5801,S09,2025-02-02 17:00:00,20.77,31.73,0.934
5802,S09,2025-02-02 18:00:00,21.99,43.13,1.841
5803,S09,2025-02-02 19:00:00,22.93C,42.76,0.352
5804,S09,2025-02-02 20:00:00,23.35,33.43,0.222
5805,S09,2025-02-02 21:00:00,27.07,32.2,0.75
5806,S09,2025-02-02 22:00:00,20.51,49.18,1.458
5807,S09,2025-02-02 23:00:00,25.0,42.83,1.192
5808,S09,2025-02-03 00:00:00,19.88,51.2,1.942
5809,S09,2025-02-03 01:00:00,14.15,29.51,0.364
5810,S09,2025-02-03 02:00:00,22.89,31.87,0.445
5811,S09,2025-02-03 03:00:00,21.23,35.44,0.244
5812,S09,2025-02-03 04:00:00,16.99,,1.277
5813,S09,2025-02-03 05:00:00,15.65,,0.482
5814,S09,2025-02-03 06:00:00,24.13,39.85,0.337
5815,S09,2025-02-03 07:00:00,26.54,23.8,1.5
5816,S09,2025-02-03 08:00:00,21.82,35.58,0.374
5817,S09,2025-02-03 09:00:00,21.01,59.75,
5818,S09,2025-02-03 10:00:00,24.07,36.27,0.783
5819,S09,2025-02-03 11:00:00,19.98,47.19,0.522
5820,S09,2025-02-03 12:00:00,20.54,38.8,0.655
5821,S09,2025-02-03 13:00:00,25.21C,47.33,0.717
5822,S09,2025-02-03 14:00:00,18.93,51.91,
5823,S09,2025-02-03 15:00:00,26.11,25.82,0.501
5824,S09,2025-02-03 16:00:00,23.65,41.14,0.231
5825,S09,2025-02-03 17:00:00,26.9C,57.65,1.102
5826,S09,2025-02-03 18:00:00,17.35,35.51,0.327
5827,S09,2025-02-03 19:00:00,27.17,36.29,0.418
5828,S09,2025-02-03 20:00:00,23.05,45.06,2.147
5829,S09,2025-02-03 21:00:00,25.44,48.94,0.954
5830,S09,2025-02-03 22:00:00,21.14,29.12,0.386
5831,S09,2025-02-03 23:00:00,20.64,53.86,0.261
5832,S09,2025-02-04 00:00:00,23.88,43.7,1.077
5833,S09,2025-02-04 01:00:00,21.97,44.86,0.431
5834,S09,2025-02-04 02:00:00,22.34,46.76,1.467
5835,S09,2025-02-04 03:00:00,22.89,42.42,1.188
5836,S09,2025-02-04 04:00:00,22.82,54.41,2.894
5837,S09,2025-02-04 05:00:00,16.25,43.0,0.548
5838,S09,2025-02-04 06:00:00,20.31,48.07,0.748
5839,S09,2025-02-04 07:00:00,20.35,43.39,0.854
5840,S09,2025-02-04 08:00:00,27.74,47.33,2.304
5841,S09,2025-02-04 09:00:00,25.82,45.75,0.755
5842,S09,2025-02-04 10:00:00,19.14,32.29,1.157
5843,S09,2025-02-04 11:00:00,17.43C,52.21,1.256
5844,S09,2025-02-04 12:00:00,24.37,,0.772
5845,S09,2025-02-04 13:00:00,24.09,50.64,1.239
5846,S09,2025-02-04 14:00:00,26.71,47.4,2.506
5847,S09,2025-02-04 15:00:00,19.07,34.07,0.575
5848,S09,2025-02-04 16:00:00,27.91,44.8,2.254
5849,S09,2025-02-04 17:00:00,23.54,41.02,0.653
5850,S09,2025-02-04 18:00:00,27.05,46.5,0.825
5851,S09,2025-02-04 19:00:00,24.1,35.9,1.201
5852,S09,2025-02-04 20:00:00,22.11,54.72,0.867
5853,S09,2025-02-04 21:00:00,21.1,46.09,2.214
5854,S09,2025-02-04 22:00:00,27.89,54.88,0.339
5855,S09,2025-02-04 23:00:00,13.94,38.93,3.866
5856,S09,2025-02-05 00:00:00,23.74,37.76,2.165
5857,S09,2025-02-05 01:00:00,22.67,48.27,1.678
5858,S09,2025-02-05 02:00:00,18.55,30.98,1.918
5859,S09,2025-02-05 03:00:00,23.21C,,0.386
5860,S09,2025-02-05 04:00:00,20.59,58.71,0.847
5861,S09,2025-02-05 05:00:00,17.13,38.74,0.451
5862,S09,2025-02-05 06:00:00,20.39,45.52,1.724
5863,S09,2025-02-05 07:00:00,23.22,30.67,0.388
5864,S09,2025-02-05 08:00:00,21.7,54.15,0.196
5865,S09,2025-02-05 09:00:00,19.35,32.95,2.312
5866,S09,2025-02-05 10:00:00,23.96,32.68,1.072
5867,S09,2025-02-05 11:00:00,24.28,46.7,0.481
5868,S09,2025-02-05 12:00:00,25.9,34.26,1.15
5869,S09,2025-02-05 13:00:00,22.96C,25.19,1.092
5870,S09,2025-02-05 14:00:00,27.06,33.81,1.98
5871,S09,2025-02-05 15:00:00,20.37,46.97,0.868
5872,S09,2025-02-05 16:00:00,21.37,39.93,0.727
5873,S09,2025-02-05 17:00:00,18.45,48.89,0.214
5874,S09,2025-02-05 18:00:00,22.78,51.72,4.099
5875,S09,2025-02-05 19:00:00,23.31,49.82,1.678
5876,S09,2025-02-05 20:00:00,23.19,58.43,1.103
5877,S09,2025-02-05 21:00:00,19.46,45.59,3.197
5878,S09,2025-02-05 22:00:00,26.7,57.19,0.394
5879,S09,2025-02-05 23:00:00,18.47C,41.49,0.727
5880,S09,2025-02-06 00:00:00,17.34,57.65,0.322
5881,S09,2025-02-06 01:00:00,11.24,53.36,0.389
5882,S09,2025-02-06 02:00:00,23.75C,,0.55
5883,S09,2025-02-06 03:00:00,23.14,75.19,0.423
5884,S09,2025-02-06 04:00:00,20.22C,48.07,0.127
5885,S09,2025-02-06 05:00:00,21.99,51.08,1.406
5886,S09,2025-02-06 06:00:00,17.28,54.23,1.493
5887,S09,2025-02-06 07:00:00,17.92C,,2.774
5888,S09,2025-02-06 08:00:00,18.39,51.58,2.05
5889,S09,2025-02-06 09:00:00,22.54,52.0,0.863
5890,S09,2025-02-06 10:00:00,20.5,44.79,0.794
5891,S09,2025-02-06 11:00:00,22.39,39.15,1.071
5892,S09,2025-02-06 12:00:00,18.7,31.84,0.787
5893,S09,2025-02-06 13:00:00,17.97,45.84,1.904
5894,S09,2025-02-06 14:00:00,23.61,,2.044
5895,S09,2025-02-06 15:00:00,23.34,30.61,0.886
5896,S09,2025-02-06 16:00:00,23.96,60.1,0.172
5897,S09,2025-02-06 17:00:00,20.79,,0.725
5898,S09,2025-02-06 18:00:00,23.74,47.03,0.918
5899,S09,2025-02-06 19:00:00,18.23,32.97,3.174
5900,S09,2025-02-06 20:00:00,19.81,44.5,2.104
5901,S09,2025-02-06 21:00:00,24.36,45.79,3.287
5902,S09,2025-02-06 22:00:00,20.57,40.33,0.471
5903,S09,2025-02-06 23:00:00,19.87,59.38,1.046
5904,S09,2025-02-07 00:00:00,17.29,54.73,0.087
5905,S09,2025-02-07 01:00:00,25.5,,0.632
5906,S09,2025-02-07 02:00:00,19.19,49.03,0.498
5907,S09,2025-02-07 03:00:00,21.62,28.54,0.274
5908,S09,2025-02-07 04:00:00,20.32,49.72,1.332
5909,S09,2025-02-07 05:00:00,28.51,51.97,1.146
5910,S09,2025-02-07 06:00:00,20.82,58.85,2.845
5911,S09,2025-02-07 07:00:00,24.56,20.3,3.489
5912,S09,2025-02-07 08:00:00,24.39,60.47,0.528
5913,S09,2025-02-07 09:00:00,22.96,35.86,1.989
5914,S09,2025-02-07 10:00:00,21.82,52.31,0.701
5915,S09,2025-02-07 11:00:00,17.24,35.35,1.428
5916,S09,2025-02-07 12:00:00,23.85C,45.76,1.038
5917,S09,2025-02-07 13:00:00,29.03,50.28,1.234
5918,S09,2025-02-07 14:00:00,24.1,42.78,0.79
5919,S09,2025-02-07 15:00:00,28.91,,0.978
5920,S09,2025-02-07 16:00:00,24.98,40.52,1.276
5921,S09,2025-02-07 17:00:00,25.76C,38.24,3.511
5922,S09,2025-02-07 18:00:00,21.59,37.2,1.374
5923,S09,2025-02-07 19:00:00,22.8,30.06,0.593
5924,S09,2025-02-07 20:00:00,24.85,44.92,1.077
5925,S09,2025-02-07 21:00:00,27.01,39.21,1.228
5926,S09,2025-02-07 22:00:00,20.48C,60.32,1.233
5927,S09,2025-02-07 23:00:00,19.38,40.21,3.375
5928,S09,2025-02-08 00:00:00,20.01,57.0,1.656
5929,S09,2025-02-08 01:00:00,20.17,18.53,1.757
5930,S09,2025-02-08 02:00:00,22.1,49.55,1.818
5931,S09,2025-02-08 03:00:00,26.1,48.05,0.248
5932,S09,2025-02-08 04:00:00,19.22,56.22,1.743
5933,S09,2025-02-08 05:00:00,26.9,62.91,0.883
5934,S09,2025-02-08 06:00:00,23.02,49.46,1.595
5935,S09,2025-02-08 07:00:00,21.49,61.58,0.418
5936,S09,2025-02-08 08:00:00,16.35,41.72,1.724
5937,S09,2025-02-08 09:00:00,26.32,39.97,
5938,S09,2025-02-08 10:00:00,27.36,55.69,0.764
5939,S09,2025-02-08 11:00:00,23.5C,48.05,1.01
5940,S09,2025-02-08 12:00:00,23.74,56.27,5.421
5941,S09,2025-02-08 13:00:00,20.99,36.51,1.215
5942,S09,2025-02-08 14:00:00,16.47,42.04,0.177
5943,S09,2025-02-08 15:00:00,20.12,47.86,1.759
5944,S09,2025-02-08 16:00:00,18.24C,44.95,2.783
5945,S09,2025-02-08 17:00:00,18.62,54.23,0.862
5946,S09,2025-02-08 18:00:00,20.4,74.08,0.225
5947,S09,2025-02-08 19:00:00,21.35,43.49,0.422
5948,S09,2025-02-08 20:00:00,24.88,59.49,1.464
5949,S09,2025-02-08 21:00:00,27.48,42.85,0.823
5950,S09,2025-02-08 22:00:00,22.91,30.56,0.752
5951,S09,2025-02-08 23:00:00,26.19,,1.527
5952,S09,2025-02-09 00:00:00,19.18,35.59,1.343
5953,S09,2025-02-09 01:00:00,19.45,24.43,0.846
5954,S09,2025-02-09 02:00:00,21.61,43.25,1.08
5955,S09,2025-02-09 03:00:00,18.76,51.76,1.623
5956,S09,2025-02-09 04:00:00,21.6,22.66,1.266
5957,S09,2025-02-09 05:00:00,19.48,41.0,0.381
5958,S09,2025-02-09 06:00:00,18.45,32.38,1.925
5959,S09,2025-02-09 07:00:00,19.21C,57.69,0.762
5960,S09,2025-02-09 08:00:00,26.11,57.85,0.762
5961,S09,2025-02-09 09:00:00,22.33,48.34,0.533
5962,S09,2025-02-09 10:00:00,20.31,45.68,0.497
5963,S09,2025-02-09 11:00:00,22.4,40.67,2.488
5964,S09,2025-02-09 12:00:00,19.65,43.87,0.017
5965,S09,2025-02-09 13:00:00,20.69,61.02,0.174
5966,S09,2025-02-09 14:00:00,21.18,51.46,0.48
5967,S09,2025-02-09 15:00:00,17.27,47.69,0.791
5968,S09,2025-02-09 16:00:00,22.07C,63.47,1.506
5969,S09,2025-02-09 17:00:00,24.06,47.15,0.952
5970,S09,2025-02-09 18:00:00,23.7,48.4,0.505
5971,S09,2025-02-09 19:00:00,22.57,40.56,0.687
5972,S09,2025-02-09 20:00:00,26.42,28.93,0.748
5973,S09,2025-02-09 21:00:00,20.79,45.92,1.44
5974,S09,2025-02-09 22:00:00,26.87,40.87,3.28
5975,S09,2025-02-09 23:00:00,26.6,53.68,3.777
5976,S09,2025-02-10 00:00:00,20.8,30.96,1.436
5977,S09,2025-02-10 01:00:00,24.96,31.61,2.266
5978,S09,2025-02-10 02:00:00,18.05,44.88,0.582
5979,S09,2025-02-10 03:00:00,21.38,37.11,0.589
5980,S09,2025-02-10 04:00:00,20.33,39.2,1.672
5981,S09,2025-02-10 05:00:00,18.58,44.71,1.056
5982,S09,2025-02-10 06:00:00,20.09,34.55,
5983,S09,2025-02-10 07:00:00,22.46,43.09,1.055
5984,S09,2025-02-10 08:00:00,22.6,63.3,0.274
5985,S09,2025-02-10 09:00:00,23.44,45.35,0.498
5986,S09,2025-02-10 10:00:00,19.65C,41.13,1.015
5987,S09,2025-02-10 11:00:00,21.52,46.49,0.896
5988,S09,2025-02-10 12:00:00,21.62,37.21,2.691
5989,S09,2025-02-10 13:00:00,20.12,48.89,0.587
5990,S09,2025-02-10 14:00:00,22.23,53.82,1.782
5991,S09,2025-02-10 15:00:00,15.95,38.98,2.484
5992,S09,2025-02-10 16:00:00,19.03,39.58,0.417
5993,S09,2025-02-10 17:00:00,21.2,49.34,0.446
5994,S09,2025-02-10 18:00:00,21.72,27.38,2.763
5995,S09,2025-02-10 19:00:00,24.97,57.8,1.366
5996,S09,2025-02-10 20:00:00,21.47,36.95,
5997,S09,2025-02-10 21:00:00,28.41,25.53,1.512
5998,S09,2025-02-10 22:00:00,19.01,45.15,3.038
5999,S09,2025-02-10 23:00:00,29.17,33.56,1.183
6000,S09,2025-02-11 00:00:00,17.28,30.52,0.341
6001,S09,2025-02-11 01:00:00,16.83,34.28,0.509
6002,S09,2025-02-11 02:00:00,18.19,44.19,1.201
6003,S09,2025-02-11 03:00:00,18.71,,0.823
6004,S09,2025-02-11 04:00:00,19.85,,1.24
6005,S09,2025-02-11 05:00:00,19.49,43.87,1.199
6006,S09,2025-02-11 06:00:00,22.41,34.65,0.448
6007,S09,2025-02-11 07:00:00,23.54,41.44,1.877
6008,S09,2025-02-11 08:00:00,18.13,50.08,0.885
6009,S09,2025-02-11 09:00:00,25.21,47.14,0.376
6010,S09,2025-02-11 10:00:00,22.38,55.74,1.235
6011,S09,2025-02-11 11:00:00,21.79,34.61,0.351
6012,S09,2025-02-11 12:00:00,24.49,44.68,0.438
6013,S09,2025-02-11 13:00:00,21.8,48.55,0.73
6014,S09,2025-02-11 14:00:00,26.58,38.01,0.677
6015,S09,2025-02-11 15:00:00,18.74,35.98,
6016,S09,2025-02-11 16:00:00,26.2,28.97,0.478
6017,S09,2025-02-11 17:00:00,21.26,29.87,1.208
6018,S09,2025-02-11 18:00:00,25.05,,2.955
6019,S09,2025-02-11 19:00:00,21.64,37.97,1.717
6020,S09,2025-02-11 20:00:00,28.16,45.15,0.782
6021,S09,2025-02-11 21:00:00,24.45,46.04,0.638
6022,S09,2025-02-11 22:00:00,25.71,40.23,0.699
6023,S09,2025-02-11 23:00:00,20.4,45.93,0.432
6024,S09,2025-02-12 00:00:00,15.69,49.27,
6025,S09,2025-02-12 01:00:00,21.03,36.83,0.933
6026,S09,2025-02-12 02:00:00,25.02,56.58,1.296
6027,S09,2025-02-12 03:00:00,21.1,46.0,0.337
6028,S09,2025-02-12 04:00:00,16.34,40.32,0.741
6029,S09,2025-02-12 05:00:00,26.03,41.95,0.741
6030,S09,2025-02-12 06:00:00,19.52C,56.48,0.501
6031,S09,2025-02-12 07:00:00,23.49,60.36,0.592
6032,S09,2025-02-12 08:00:00,18.9,38.83,1.536
6033,S09,2025-02-12 09:00:00,19.37,48.87,0.419
6034,S09,2025-02-12 10:00:00,22.53,38.71,1.362
6035,S09,2025-02-12 11:00:00,13.87,34.53,3.116
6036,S09,2025-02-12 12:00:00,18.95,44.12,0.491
6037,S09,2025-02-12 13:00:00,20.82,48.78,1.892
6038,S09,2025-02-12 14:00:00,21.0,64.03,1.268
6039,S09,2025-02-12 15:00:00,17.47,35.47,1.102
6040,S09,2025-02-12 16:00:00,25.81,33.38,0.622
6041,S09,2025-02-12 17:00:00,21.98,23.89,0.459
6042,S09,2025-02-12 18:00:00,22.26,30.86,1.98
6043,S09,2025-02-12 19:00:00,17.22,50.5,2.412
6044,S09,2025-02-12 20:00:00,22.77,49.78,2.143
6045,S09,2025-02-12 21:00:00,25.11,62.62,1.073
6046,S09,2025-02-12 22:00:00,25.87,53.9,1.45
6047,S09,2025-02-12 23:00:00,25.26,43.02,1.278
6048,S09,2025-02-13 00:00:00,19.77,51.09,1.402
6049,S09,2025-02-13 01:00:00,19.44,58.71,0.193
6050,S09,2025-02-13 02:00:00,20.81C,28.61,0.784
6051,S09,2025-02-13 03:00:00,22.42,25.13,1.628
6052,S09,2025-02-13 04:00:00,19.88,47.94,1.24
6053,S09,2025-02-13 05:00:00,20.06,49.71,0.372
6054,S09,2025-02-13 06:00:00,22.01,25.9,0.32
6055,S09,2025-02-13 07:00:00,20.25,40.4,1.229
6056,S09,2025-02-13 08:00:00,21.93,32.38,3.17
6057,S09,2025-02-13 09:00:00,21.7,47.88,0.405
6058,S09,2025-02-13 10:00:00,18.69,58.6,0.714
6059,S09,2025-02-13 11:00:00,26.09,53.64,0.503
6060,S09,2025-02-13 12:00:00,23.75,57.24,1.533
6061,S09,2025-02-13 13:00:00,19.18,,3.91
6062,S09,2025-02-13 14:00:00,19.19,37.91,0.903
6063,S09,2025-02-13 15:00:00,20.73,55.06,1.801
6064,S09,2025-02-13 16:00:00,20.55,38.63,1.262
6065,S09,2025-02-13 17:00:00,19.54C,45.77,0.714
6066,S09,2025-02-13 18:00:00,23.27,51.02,0.267
6067,S09,2025-02-13 19:00:00,21.79,33.67,
6068,S09,2025-02-13 20:00:00,20.08,22.73,0.661
6069,S09,2025-02-13 21:00:00,27.61,56.85,1.715
6070,S09,2025-02-13 22:00:00,22.16,43.45,1.271
6071,S09,2025-02-13 23:00:00,24.29,53.13,0.363
6072,S09,2025-02-14 00:00:00,15.91,49.43,1.493
6073,S09,2025-02-14 01:00:00,16.74,28.43,0.087
6074,S09,2025-02-14 02:00:00,17.17,47.36,1.041
6075,S09,2025-02-14 03:00:00,23.09C,38.89,1.037
6076,S09,2025-02-14 04:00:00,22.61,42.12,0.408
6077,S09,2025-02-14 05:00:00,19.91,39.13,3.014
6078,S09,2025-02-14 06:00:00,19.87,44.51,1.975
6079,S09,2025-02-14 07:00:00,21.87,47.95,1.436
6080,S09,2025-02-14 08:00:00,18.49,36.73,1.549
6081,S09,2025-02-14 09:00:00,20.48,51.42,4.559
6082,S09,2025-02-14 10:00:00,24.16,64.25,0.334
6083,S09,2025-02-14 11:00:00,18.84,43.24,2.104
6084,S09,2025-02-14 12:00:00,23.56,59.75,0.28
6085,S09,2025-02-14 13:00:00,21.49,43.55,0.373
6086,S09,2025-02-14 14:00:00,22.49,40.77,2.152
6087,S09,2025-02-14 15:00:00,21.65,35.98,0.738
6088,S09,2025-02-14 16:00:00,24.76,57.64,0.551
6089,S09,2025-02-14 17:00:00,24.96,43.4,1.151
6090,S09,2025-02-14 18:00:00,24.16,36.73,0.242
6091,S09,2025-02-14 19:00:00,17.85,55.39,1.169
6092,S09,2025-02-14 20:00:00,23.2,41.92,1.496
6093,S09,2025-02-14 21:00:00,26.49,,0.106
6094,S09,2025-02-14 22:00:00,20.14,27.05,1.149
6095,S09,2025-02-14 23:00:00,18.74,36.57,2.036
6096,S09,2025-02-15 00:00:00,19.18,41.29,2.632
6097,S09,2025-02-15 01:00:00,22.37C,50.72,0.252
6098,S09,2025-02-15 02:00:00,16.36,50.12,1.174
6099,S09,2025-02-15 03:00:00,21.27C,46.95,0.726
6100,S09,2025-02-15 04:00:00,19.58,39.24,2.725
6101,S09,2025-02-15 05:00:00,20.46,58.21,1.276
6102,S09,2025-02-15 06:00:00,21.93,42.65,1.168
6103,S09,2025-02-15 07:00:00,20.35,42.46,1.181
6104,S09,2025-02-15 08:00:00,19.35,30.23,2.357
6105,S09,2025-02-15 09:00:00,21.68,53.27,
6106,S09,2025-02-15 10:00:00,25.9,54.01,2.075
6107,S09,2025-02-15 11:00:00,23.27,56.98,0.39
6108,S09,2025-02-15 12:00:00,23.69,37.99,1.014
6109,S09,2025-02-15 13:00:00,19.05,58.03,1.948
6110,S09,2025-02-15 14:00:00,20.42,48.86,1.588
6111,S09,2025-02-15 15:00:00,18.18,25.04,0.905
6112,S09,2025-02-15 16:00:00,25.0,46.48,1.551
6113,S09,2025-02-15 17:00:00,25.38,39.82,1.122
6114,S09,2025-02-15 18:00:00,23.84,50.64,0.869
6115,S09,2025-02-15 19:00:00,25.03,35.0,0.618
6116,S09,2025-02-15 20:00:00,21.63,31.7,2.233
6117,S09,2025-02-15 21:00:00,21.94,41.44,1.096
6118,S09,2025-02-15 22:00:00,26.76,69.23,
6119,S09,2025-02-15 23:00:00,22.15,40.44,0.173
6120,S09,2025-02-16 00:00:00,22.92C,38.55,0.6
6121,S09,2025-02-16 01:00:00,24.96,35.55,1.341
6122,S09,2025-02-16 02:00:00,16.79,28.86,0.328
6123,S09,2025-02-16 03:00:00,17.75,35.69,1.876
6124,S09,2025-02-16 04:00:00,25.53,51.76,0.945
6125,S09,2025-02-16 05:00:00,23.6,,0.724
6126,S09,2025-02-16 06:00:00,25.43,38.07,4.726
6127,S09,2025-02-16 07:00:00,25.97C,40.04,0.544
6128,S09,2025-02-16 08:00:00,20.26,50.15,0.562
6129,S09,2025-02-16 09:00:00,27.27,43.63,2.334
6130,S09,2025-02-16 10:00:00,25.56C,40.65,0.414
6131,S09,2025-02-16 11:00:00,24.66,64.48,0.791
6132,S09,2025-02-16 12:00:00,22.74,60.37,1.224
6133,S09,2025-02-16 13:00:00,20.88,50.73,0.922
6134,S09,2025-02-16 14:00:00,19.82C,,
6135,S09,2025-02-16 15:00:00,17.98,44.94,0.406
6136,S09,2025-02-16 16:00:00,19.89,24.69,1.876
6137,S09,2025-02-16 17:00:00,20.25,26.33,
6138,S09,2025-02-16 18:00:00,23.25,35.78,2.051
6139,S09,2025-02-16 19:00:00,20.76,43.24,1.625
6140,S09,2025-02-16 20:00:00,17.76,48.72,1.22
6141,S09,2025-02-16 21:00:00,23.64,40.76,1.907
6142,S09,2025-02-16 22:00:00,17.21,29.46,1.435
6143,S09,2025-02-16 23:00:00,22.41,42.76,1.424
6144,S09,2025-02-17 00:00:00,22.0,42.8,0.621
6145,S09,2025-02-17 01:00:00,15.57,50.15,1.297
6146,S09,2025-02-17 02:00:00,16.68,53.63,0.81
6147,S09,2025-02-17 03:00:00,20.25,50.16,1.004
6148,S09,2025-02-17 04:00:00,24.53,,0.431
6149,S09,2025-02-17 05:00:00,20.33,49.79,0.404
6150,S09,2025-02-17 06:00:00,19.53,45.09,1.762
6151,S09,2025-02-17 07:00:00,21.8,54.75,0.393
6152,S09,2025-02-17 08:00:00,15.96,48.46,0.228
6153,S09,2025-02-17 09:00:00,16.81,28.76,1.272
6154,S09,2025-02-17 10:00:00,23.5,,0.822
6155,S09,2025-02-17 11:00:00,23.99,50.83,0.93
6156,S09,2025-02-17 12:00:00,23.53,34.99,2.757
6157,S09,2025-02-17 13:00:00,22.31C,,0.686
6158,S09,2025-02-17 14:00:00,23.4,32.69,2.085
6159,S09,2025-02-17 15:00:00,16.98,65.25,1.674
6160,S09,2025-02-17 16:00:00,19.11,21.82,1.083
6161,S09,2025-02-17 17:00:00,21.33,48.59,2.597
6162,S09,2025-02-17 18:00:00,25.55,37.95,0.51
6163,S09,2025-02-17 19:00:00,23.39,,0.237
6164,S09,2025-02-17 20:00:00,23.06,51.46,0.937
6165,S09,2025-02-17 21:00:00,19.76,51.99,0.222
6166,S09,2025-02-17 22:00:00,23.65,53.74,0.733
6167,S09,2025-02-17 23:00:00,24.57,57.32,
6168,S09,2025-02-18 00:00:00,21.7,34.24,2.21
6169,S09,2025-02-18 01:00:00,19.76,42.91,0.308
6170,S09,2025-02-18 02:00:00,26.39C,41.85,1.616
6171,S09,2025-02-18 03:00:00,16.99C,45.47,1.023
6172,S09,2025-02-18 04:00:00,23.3,24.36,0.508
6173,S09,2025-02-18 05:00:00,16.95,56.32,2.5
6174,S09,2025-02-18 06:00:00,17.12,50.01,1.029
6175,S09,2025-02-18 07:00:00,23.22,53.16,0.746
6176,S09,2025-02-18 08:00:00,20.05,49.73,1.142
6177,S09,2025-02-18 09:00:00,19.14,37.65,1.163
6178,S09,2025-02-18 10:00:00,21.68C,35.7,2.258
6179,S09,2025-02-18 11:00:00,29.35,38.16,1.312
6180,S09,2025-02-18 12:00:00,20.06,28.73,0.31
6181,S09,2025-02-18 13:00:00,21.03,36.11,2.272
6182,S09,2025-02-18 14:00:00,25.87,41.26,0.99
6183,S09,2025-02-18 15:00:00,20.66,45.84,1.666
6184,S09,2025-02-18 16:00:00,29.67,38.23,0.319
6185,S09,2025-02-18 17:00:00,18.82,62.89,1.016
6186,S09,2025-02-18 18:00:00,22.17,38.4,0.128
6187,S09,2025-02-18 19:00:00,25.9,46.61,0.905
6188,S09,2025-02-18 20:00:00,22.43,46.86,1.269
6189,S09,2025-02-18 21:00:00,21.79,29.41,0.746
6190,S09,2025-02-18 22:00:00,19.19,47.72,1.592
6191,S09,2025-02-18 23:00:00,23.17,26.31,0.666
6192,S09,2025-02-19 00:00:00,22.69,38.84,0.081
6193,S09,2025-02-19 01:00:00,19.47,37.58,0.382
6194,S09,2025-02-19 02:00:00,17.44,39.28,1.394
6195,S09,2025-02-19 03:00:00,24.55,49.36,2.062
6196,S09,2025-02-19 04:00:00,23.25,57.97,0.285
6197,S09,2025-02-19 05:00:00,22.59,46.86,2.0
6198,S09,2025-02-19 06:00:00,20.34,51.91,0.404
6199,S09,2025-02-19 07:00:00,18.58,39.05,1.943
6200,S09,2025-02-19 08:00:00,24.72C,35.68,0.807
6201,S09,2025-02-19 09:00:00,21.64C,45.99,0.647
6202,S09,2025-02-19 10:00:00,20.47,34.68,1.486
6203,S09,2025-02-19 11:00:00,21.19,46.52,0.444
6204,S09,2025-02-19 12:00:00,23.04,55.17,0.228
6205,S09,2025-02-19 13:00:00,24.56,57.87,2.59
6206,S09,2025-02-19 14:00:00,22.12,59.09,0.877
6207,S09,2025-02-19 15:00:00,21.19,34.28,1.443
6208,S09,2025-02-19 16:00:00,19.1,51.52,0.72
6209,S09,2025-02-19 17:00:00,21.79,47.3,0.702
6210,S09,2025-02-19 18:00:00,22.14,42.94,1.657
6211,S09,2025-02-19 19:00:00,23.88,35.21,0.454
6212,S09,2025-02-19 20:00:00,23.0,46.87,1.186
6213,S09,2025-02-19 21:00:00,21.62,57.93,0.416
6214,S09,2025-02-19 22:00:00,23.02,46.57,0.445
6215,S09,2025-02-19 23:00:00,25.37,44.2,0.212
6216,S09,2025-02-20 00:00:00,19.77,60.78,1.365
6217,S09,2025-02-20 01:00:00,19.69,44.01,0.21
6218,S09,2025-02-20 02:00:00,19.62,46.05,0.821
6219,S09,2025-02-20 03:00:00,19.52,62.25,0.888
6220,S09,2025-02-20 04:00:00,21.68C,64.94,1.317
6221,S09,2025-02-20 05:00:00,22.65,,2.374
6222,S09,2025-02-20 06:00:00,20.1,44.4,0.834
6223,S09,2025-02-20 07:00:00,20.55,40.8,0.779
6224,S09,2025-02-20 08:00:00,22.42,38.22,2.078
6225,S09,2025-02-20 09:00:00,23.66,41.06,0.696
6226,S09,2025-02-20 10:00:00,25.66,54.23,1.511
6227,S09,2025-02-20 11:00:00,17.76,61.47,1.062
6228,S09,2025-02-20 12:00:00,24.4,37.8,0.48
6229,S09,2025-02-20 13:00:00,20.59C,44.09,1.524
6230,S09,2025-02-20 14:00:00,24.02,49.05,1.293
6231,S09,2025-02-20 15:00:00,25.05,,2.329
6232,S09,2025-02-20 16:00:00,27.95,38.38,1.316
6233,S09,2025-02-20 17:00:00,21.14,33.41,2.072
6234,S09,2025-02-20 18:00:00,25.81,28.29,0.467
6235,S09,2025-02-20 19:00:00,15.74,46.58,0.789
6236,S09,2025-02-20 20:00:00,23.25,48.35,0.106
6237,S09,2025-02-20 21:00:00,16.71,45.47,1.807
6238,S09,2025-02-20 22:00:00,21.26C,51.96,1.551
6239,S09,2025-02-20 23:00:00,20.2,42.36,3.148
6240,S09,2025-02-21 00:00:00,15.77,42.7,1.679
6241,S09,2025-02-21 01:00:00,20.16,23.03,1.609
6242,S09,2025-02-21 02:00:00,17.11,61.0,1.315
6243,S09,2025-02-21 03:00:00,17.09,34.24,0.855
6244,S09,2025-02-21 04:00:00,18.3,53.2,2.718
6245,S09,2025-02-21 05:00:00,19.25,60.45,4.689
6246,S09,2025-02-21 06:00:00,22.47,46.98,3.588
6247,S09,2025-02-21 07:00:00,19.78,50.93,1.047
6248,S09,2025-02-21 08:00:00,18.49,46.39,1.609
6249,S09,2025-02-21 09:00:00,16.34,,1.049
6250,S09,2025-02-21 10:00:00,23.25,,0.754
6251,S09,2025-02-21 11:00:00,22.54,31.04,1.056
6252,S09,2025-02-21 12:00:00,23.67,43.6,0.66
6253,S09,2025-02-21 13:00:00,20.0,28.01,1.669
6254,S09,2025-02-21 14:00:00,25.71,49.42,0.864
6255,S09,2025-02-21 15:00:00,23.93,46.75,0.763
6256,S09,2025-02-21 16:00:00,29.18,54.92,0.689
6257,S09,2025-02-21 17:00:00,21.51,38.08,1.045
6258,S09,2025-02-21 18:00:00,25.23,32.16,1.802
6259,S09,2025-02-21 19:00:00,27.7,47.46,0.854
6260,S09,2025-02-21 20:00:00,22.36,41.21,0.743
6261,S09,2025-02-21 21:00:00,23.13,41.05,1.022
6262,S09,2025-02-21 22:00:00,21.88,35.1,
6263,S09,2025-02-21 23:00:00,22.7,36.99,0.801
6264,S09,2025-02-22 00:00:00,22.44,51.29,0.283
6265,S09,2025-02-22 01:00:00,20.81,43.44,1.803
6266,S09,2025-02-22 02:00:00,17.25,46.47,0.565
6267,S09,2025-02-22 03:00:00,27.83C,63.3,1.105
6268,S09,2025-02-22 04:00:00,18.56,56.16,0.575
6269,S09,2025-02-22 05:00:00,24.27,45.58,1.144
6270,S09,2025-02-22 06:00:00,21.14,55.66,1.382
6271,S09,2025-02-22 07:00:00,23.16,37.44,0.609
6272,S09,2025-02-22 08:00:00,23.01,36.03,0.84
6273,S09,2025-02-22 09:00:00,23.84C,46.46,2.1
6274,S09,2025-02-22 10:00:00,23.98,48.48,1.624
6275,S09,2025-02-22 11:00:00,26.88,,1.143
6276,S09,2025-02-22 12:00:00,19.91,63.17,2.726
6277,S09,2025-02-22 13:00:00,18.19,31.92,1.667
6278,S09,2025-02-22 14:00:00,17.3,53.04,1.103
6279,S09,2025-02-22 15:00:00,16.32,49.45,2.299
6280,S09,2025-02-22 16:00:00,24.0,52.27,1.492
6281,S09,2025-02-22 17:00:00,17.48,40.1,1.125
6282,S09,2025-02-22 18:00:00,18.03,36.39,2.702
6283,S09,2025-02-22 19:00:00,23.66,42.35,0.37
6284,S09,2025-02-22 20:00:00,22.24,43.27,0.542
6285,S09,2025-02-22 21:00:00,23.51,31.44,0.435
6286,S09,2025-02-22 22:00:00,15.41,50.53,1.117
6287,S09,2025-02-22 23:00:00,19.72,36.15,1.159
6288,S09,2025-02-23 00:00:00,15.49,29.72,2.225
6289,S09,2025-02-23 01:00:00,20.12,48.02,1.159
6290,S09,2025-02-23 02:00:00,20.22,44.33,1.166
6291,S09,2025-02-23 03:00:00,21.67,31.57,0.393
6292,S09,2025-02-23 04:00:00,24.27,39.31,0.25
6293,S09,2025-02-23 05:00:00,31.08,37.84,0.898
6294,S09,2025-02-23 06:00:00,19.37,35.99,3.646
6295,S09,2025-02-23 07:00:00,23.17,32.39,1.74
6296,S09,2025-02-23 08:00:00,23.94,43.47,0.558
6297,S09,2025-02-23 09:00:00,21.07,48.93,0.487
6298,S09,2025-02-23 10:00:00,18.59,38.6,1.867
6299,S09,2025-02-23 11:00:00,24.27,52.7,0.279
6300,S09,2025-02-23 12:00:00,24.51,46.89,1.659
6301,S09,2025-02-23 13:00:00,23.66,57.59,0.413
6302,S09,2025-02-23 14:00:00,20.01,47.43,1.413
6303,S09,2025-02-23 15:00:00,15.68,,2.434
6304,S09,2025-02-23 16:00:00,19.36,47.17,1.139
6305,S09,2025-02-23 17:00:00,26.19,45.75,1.878
6306,S09,2025-02-23 18:00:00,26.3,31.77,1.245
6307,S09,2025-02-23 19:00:00,19.89,36.14,1.22
6308,S09,2025-02-23 20:00:00,23.81,49.99,0.847
6309,S09,2025-02-23 21:00:00,27.09,37.18,0.954
6310,S09,2025-02-23 22:00:00,27.32,51.74,0.872
6311,S09,2025-02-23 23:00:00,20.77C,30.9,0.512
6312,S09,2025-02-24 00:00:00,19.53C,45.79,0.826
6313,S09,2025-02-24 01:00:00,20.03,40.28,1.742
6314,S09,2025-02-24 02:00:00,17.09,34.16,0.613
6315,S09,2025-02-24 03:00:00,25.72,38.87,2.79
6316,S09,2025-02-24 04:00:00,15.42,37.77,0.31
6317,S09,2025-02-24 05:00:00,22.05,62.92,0.73
6318,S09,2025-02-24 06:00:00,24.05,51.77,1.562
6319,S09,2025-02-24 07:00:00,22.5C,41.04,0.618
6320,S09,2025-02-24 08:00:00,23.52,60.63,2.323
6321,S09,2025-02-24 09:00:00,14.75,45.07,0.93
6322,S09,2025-02-24 10:00:00,21.77C,,0.532
6323,S09,2025-02-24 11:00:00,22.66,52.97,0.502
6324,S09,2025-02-24 12:00:00,22.77,47.47,0.683
6325,S09,2025-02-24 13:00:00,18.13,43.14,1.497
6326,S09,2025-02-24 14:00:00,21.51,37.74,3.094
6327,S09,2025-02-24 15:00:00,19.92C,41.48,1.845
6328,S09,2025-02-24 16:00:00,26.69,39.1,1.096
6329,S09,2025-02-24 17:00:00,20.72,34.21,2.467
6330,S09,2025-02-24 18:00:00,22.44,38.86,0.35
6331,S09,2025-02-24 19:00:00,22.45,37.8,0.302
6332,S09,2025-02-24 20:00:00,22.51,32.93,0.489
6333,S09,2025-02-24 21:00:00,28.36,35.9,1.375
6334,S09,2025-02-24 22:00:00,27.79,52.4,0.39
6335,S09,2025-02-24 23:00:00,24.73,53.98,0.815
6336,S09,2025-02-25 00:00:00,19.15,45.69,1.1
6337,S09,2025-02-25 01:00:00,18.98,,0.491
6338,S09,2025-02-25 02:00:00,14.9,39.45,1.154
6339,S09,2025-02-25 03:00:00,20.83,44.93,
6340,S09,2025-02-25 04:00:00,21.7,53.4,
6341,S09,2025-02-25 05:00:00,20.39,38.17,0.567
6342,S09,2025-02-25 06:00:00,18.29,33.21,0.228
6343,S09,2025-02-25 07:00:00,24.76,35.41,3.427
6344,S09,2025-02-25 08:00:00,23.67,42.93,1.958
6345,S09,2025-02-25 09:00:00,22.0,48.14,0.898
6346,S09,2025-02-25 10:00:00,26.39,57.34,0.739
6347,S09,2025-02-25 11:00:00,22.59,26.02,3.049
6348,S09,2025-02-25 12:00:00,27.43,38.09,0.347
6349,S09,2025-02-25 13:00:00,21.6,45.45,0.914
6350,S09,2025-02-25 14:00:00,22.75,31.86,1.318
6351,S09,2025-02-25 15:00:00,20.67,38.79,2.254
6352,S09,2025-02-25 16:00:00,25.31,28.02,1.865
6353,S09,2025-02-25 17:00:00,21.31,40.67,0.804
6354,S09,2025-02-25 18:00:00,24.11,52.56,1.215
6355,S09,2025-02-25 19:00:00,23.45,60.45,2.221
6356,S09,2025-02-25 20:00:00,20.98,38.08,1.949
6357,S09,2025-02-25 21:00:00,29.95,43.27,1.596
6358,S09,2025-02-25 22:00:00,26.78,56.47,0.685
6359,S09,2025-02-25 23:00:00,22.96,52.32,0.532
6360,S09,2025-02-26 00:00:00,22.75,50.1,2.218
6361,S09,2025-02-26 01:00:00,21.41,,0.339
6362,S09,2025-02-26 02:00:00,19.23,42.51,1.093
6363,S09,2025-02-26 03:00:00,26.15,35.33,0.976
6364,S09,2025-02-26 04:00:00,23.32,41.14,1.766
6365,S09,2025-02-26 05:00:00,22.81,51.96,1.281
6366,S09,2025-02-26 06:00:00,22.7C,44.54,1.005
6367,S09,2025-02-26 07:00:00,23.31,51.65,1.093
6368,S09,2025-02-26 08:00:00,23.74,51.15,1.444
6369,S09,2025-02-26 09:00:00,22.36,47.32,0.239
6370,S09,2025-02-26 10:00:00,22.36,49.78,0.823
6371,S09,2025-02-26 11:00:00,22.3,30.54,1.029
6372,S09,2025-02-26 12:00:00,17.59,39.39,0.755
6373,S09,2025-02-26 13:00:00,21.7,49.13,0.539
6374,S09,2025-02-26 14:00:00,26.04,40.38,0.677
6375,S09,2025-02-26 15:00:00,27.13,33.76,0.309
6376,S09,2025-02-26 16:00:00,23.3,44.01,0.556
6377,S09,2025-02-26 17:00:00,20.47,33.56,0.752
6378,S09,2025-02-26 18:00:00,26.01,54.41,0.369
6379,S09,2025-02-26 19:00:00,20.75,49.51,0.561
6380,S09,2025-02-26 20:00:00,20.23,42.76,2.113
6381,S09,2025-02-26 21:00:00,19.27,49.52,0.988
6382,S09,2025-02-26 22:00:00,17.49,40.77,1.443
6383,S09,2025-02-26 23:00:00,29.34,57.15,0.783
6384,S09,2025-02-27 00:00:00,20.4,37.35,1.381
6385,S09,2025-02-27 01:00:00,11.92,56.9,1.081
6386,S09,2025-02-27 02:00:00,18.12,44.86,0.685
6387,S09,2025-02-27 03:00:00,15.62,46.25,3.342
6388,S09,2025-02-27 04:00:00,23.4,38.23,0.852
6389,S09,2025-02-27 05:00:00,19.03,,0.728
6390,S09,2025-02-27 06:00:00,18.86,49.93,0.439
6391,S09,2025-02-27 07:00:00,23.15,44.11,0.407
6392,S09,2025-02-27 08:00:00,26.2,41.87,0.809
6393,S09,2025-02-27 09:00:00,19.24,63.21,1.921
6394,S09,2025-02-27 10:00:00,21.51,35.89,0.556
6395,S09,2025-02-27 11:00:00,18.9,39.53,0.406
6396,S09,2025-02-27 12:00:00,24.72,33.32,0.541
6397,S09,2025-02-27 13:00:00,22.84,26.88,1.556
6398,S09,2025-02-27 14:00:00,22.62C,46.63,2.531
6399,S09,2025-02-27 15:00:00,19.97,47.62,1.035
6400,S09,2025-02-27 16:00:00,26.97,36.62,1.204
6401,S09,2025-02-27 17:00:00,21.81C,33.07,0.649
6402,S09,2025-02-27 18:00:00,26.34,49.8,0.554
6403,S09,2025-02-27 19:00:00,26.64,37.1,0.871
6404,S09,2025-02-27 20:00:00,19.72,61.87,1.243
6405,S09,2025-02-27 21:00:00,22.7,,0.586
6406,S09,2025-02-27 22:00:00,24.2,48.95,1.401
6407,S09,2025-02-27 23:00:00,20.37C,42.58,1.033
6408,S09,2025-02-28 00:00:00,19.85,50.38,2.287
6409,S09,2025-02-28 01:00:00,21.24,29.48,1.629
6410,S09,2025-02-28 02:00:00,15.53,52.17,0.483
6411,S09,2025-02-28 03:00:00,19.69,59.61,0.307
6412,S09,2025-02-28 04:00:00,21.69,29.79,1.557
6413,S09,2025-02-28 05:00:00,19.51,41.39,0.619
6414,S09,2025-02-28 06:00:00,19.29,52.38,0.337
6415,S09,2025-02-28 07:00:00,17.01,44.93,1.684
6416,S09,2025-02-28 08:00:00,21.38,41.38,2.289
6417,S09,2025-02-28 09:00:00,22.09,58.38,0.903
6418,S09,2025-02-28 10:00:00,21.32,47.6,0.474
6419,S09,2025-02-28 11:00:00,25.84,53.97,1.87
6420,S09,2025-02-28 12:00:00,21.96,40.7,1.627
6421,S09,2025-02-28 13:00:00,20.84,45.59,1.619
6422,S09,2025-02-28 14:00:00,27.42,32.91,0.861
6423,S09,2025-02-28 15:00:00,24.48,29.07,0.855
6424,S09,2025-02-28 16:00:00,25.83,35.6,0.359
6425,S09,2025-02-28 17:00:00,26.56,48.6,1.237
6426,S09,2025-02-28 18:00:00,21.33,54.77,2.246
6427,S09,2025-02-28 19:00:00,20.13,33.48,1.86
6428,S09,2025-02-28 20:00:00,28.1,55.95,0.43
6429,S09,2025-02-28 21:00:00,17.65,38.2,0.948
6430,S09,2025-02-28 22:00:00,21.9,31.8,0.84
6431,S09,2025-02-28 23:00:00,28.39,47.38,0.395
6432,S09,2025-03-01 00:00:00,18.2,48.37,0.92
6433,S09,2025-03-01 01:00:00,22.56,39.32,1.18
6434,S09,2025-03-01 02:00:00,18.09,45.78,0.054
6435,S09,2025-03-01 03:00:00,27.72,48.85,0.933
6436,S09,2025-03-01 04:00:00,20.56,49.5,0.079
6437,S09,2025-03-01 05:00:00,23.38,41.02,0.326
6438,S09,2025-03-01 06:00:00,17.13,38.49,2.339
6439,S09,2025-03-01 07:00:00,23.45,73.43,1.099
6440,S09,2025-03-01 08:00:00,23.46C,50.38,2.891
6441,S09,2025-03-01 09:00:00,20.19,35.78,0.341
6442,S09,2025-03-01 10:00:00,23.75,48.52,0.516
6443,S09,2025-03-01 11:00:00,21.23,,0.814
6444,S09,2025-03-01 12:00:00,23.2,51.63,1.003
6445,S09,2025-03-01 13:00:00,20.65,29.98,0.252
6446,S09,2025-03-01 14:00:00,20.95,41.87,0.043
6447,S09,2025-03-01 15:00:00,18.79,49.57,0.855
6448,S09,2025-03-01 16:00:00,23.93,53.63,1.524
6449,S09,2025-03-01 17:00:00,22.14,57.34,0.256
6450,S09,2025-03-01 18:00:00,20.82,46.68,0.485
6451,S09,2025-03-01 19:00:00,27.98,36.58,0.225
6452,S09,2025-03-01 20:00:00,23.28C,,0.63
6453,S09,2025-03-01 21:00:00,22.95,34.98,3.444
6454,S09,2025-03-01 22:00:00,21.36,45.38,0.015
6455,S09,2025-03-01 23:00:00,26.45,56.04,0.284
6456,S09,2025-03-02 00:00:00,20.68,44.05,2.02
6457,S09,2025-03-02 01:00:00,17.9,58.76,0.446
6458,S09,2025-03-02 02:00:00,19.78,50.64,1.989
6459,S09,2025-03-02 03:00:00,22.41,52.54,0.956
6460,S09,2025-03-02 04:00:00,21.14,57.96,1.924
6461,S09,2025-03-02 05:00:00,24.46,47.99,3.407
6462,S09,2025-03-02 06:00:00,24.19,31.71,3.021
6463,S09,2025-03-02 07:00:00,27.83,54.9,5.101
6464,S09,2025-03-02 08:00:00,19.48,51.98,1.081
6465,S09,2025-03-02 09:00:00,21.45,47.68,1.296
6466,S09,2025-03-02 10:00:00,21.01,48.35,0.927
6467,S09,2025-03-02 11:00:00,21.17,40.34,1.259
6468,S09,2025-03-02 12:00:00,22.24,37.8,1.241
6469,S09,2025-03-02 13:00:00,21.14,51.92,0.67
6470,S09,2025-03-02 14:00:00,25.02,37.13,1.974
6471,S09,2025-03-02 15:00:00,18.82,53.19,0.417
6472,S09,2025-03-02 16:00:00,22.8,,2.669
6473,S09,2025-03-02 17:00:00,24.67,40.73,0.756
6474,S09,2025-03-02 18:00:00,25.93,35.57,0.813
6475,S09,2025-03-02 19:00:00,23.06,40.52,0.777
6476,S09,2025-03-02 20:00:00,24.18,46.62,1.039
6477,S09,2025-03-02 21:00:00,23.57,46.24,0.107
6478,S09,2025-03-02 22:00:00,25.03,47.28,0.08
6479,S09,2025-03-02 23:00:00,23.19,,1.105
6480,S10,2025-02-01 00:00:00,22.39,41.68,2.26
6481,S10,2025-02-01 01:00:00,24.43,45.78,1.18
6482,S10,2025-02-01 02:00:00,26.77,39.52,0.367
6483,S10,2025-02-01 03:00:00,19.72,54.08,0.394
6484,S10,2025-02-01 04:00:00,23.38C,55.82,0.695
6485,S10,2025-02-01 05:00:00,21.84,51.07,2.157
6486,S10,2025-02-01 06:00:00,22.44,61.74,1.431
6487,S10,2025-02-01 07:00:00,20.01,40.37,0.435
6488,S10,2025-02-01 08:00:00,21.84,38.81,1.705
6489,S10,2025-02-01 09:00:00,23.31,45.02,1.713
6490,S10,2025-02-01 10:00:00,21.87,68.61,1.328
6491,S10,2025-02-01 11:00:00,20.75,51.63,1.12
6492,S10,2025-02-01 12:00:00,25.74,50.83,1.985
6493,S10,2025-02-01 13:00:00,22.63,46.34,1.361
6494,S10,2025-02-01 14:00:00,21.72,,1.129
6495,S10,2025-02-01 15:00:00,22.61,50.95,1.257
6496,S10,2025-02-01 16:00:00,22.06,58.36,
6497,S10,2025-02-01 17:00:00,20.62,53.86,0.429
6498,S10,2025-02-01 18:00:00,24.54,61.07,1.733
6499,S10,2025-02-01 19:00:00,22.46,29.49,1.664
6500,S10,2025-02-01 20:00:00,19.6C,43.07,1.229
6501,S10,2025-02-01 21:00:00,26.43,46.63,1.702
6502,S10,2025-02-01 22:00:00,22.55,,0.664
6503,S10,2025-02-01 23:00:00,19.44,40.79,1.621
6504,S10,2025-02-02 00:00:00,20.02,56.04,1.525
6505,S10,2025-02-02 01:00:00,18.3,51.75,1.427
6506,S10,2025-02-02 02:00:00,21.09,58.14,0.468
6507,S10,2025-02-02 03:00:00,17.17C,37.28,1.976
6508,S10,2025-02-02 04:00:00,19.59,58.8,0.526
6509,S10,2025-02-02 05:00:00,16.1,40.98,0.868
6510,S10,2025-02-02 06:00:00,17.02,54.04,1.337
6511,S10,2025-02-02 07:00:00,21.51,42.27,1.329
6512,S10,2025-02-02 08:00:00,19.7,56.77,1.016
6513,S10,2025-02-02 09:00:00,26.03,49.12,0.216
6514,S10,2025-02-02 10:00:00,19.5,43.19,1.003
6515,S10,2025-02-02 11:00:00,22.31,,3.036
6516,S10,2025-02-02 12:00:00,18.19,48.89,
6517,S10,2025-02-02 13:00:00,26.53,64.16,1.035
6518,S10,2025-02-02 14:00:00,22.39,39.05,0.846
6519,S10,2025-02-02 15:00:00,17.88,56.56,0.13
6520,S10,2025-02-02 16:00:00,23.26,49.93,3.773
6521,S10,2025-02-02 17:00:00,21.27,,0.845
6522,S10,2025-02-02 18:00:00,29.25,,1.419
6523,S10,2025-02-02 19:00:00,26.26,55.76,1.559
6524,S10,2025-02-02 20:00:00,20.86,45.26,0.878
6525,S10,2025-02-02 21:00:00,25.44,43.85,2.446
6526,S10,2025-02-02 22:00:00,24.91,40.54,0.602
6527,S10,2025-02-02 23:00:00,22.59,54.72,1.896
6528,S10,2025-02-03 00:00:00,19.21,58.72,0.352
6529,S10,2025-02-03 01:00:00,19.58,57.9,1.303
6530,S10,2025-02-03 02:00:00,17.61,50.93,0.426
6531,S10,2025-02-03 03:00:00,21.5C,47.71,0.9
6532,S10,2025-02-03 04:00:00,19.32,40.85,1.109
6533,S10,2025-02-03 05:00:00,20.67,51.46,0.136
6534,S10,2025-02-03 06:00:00,20.03,43.38,1.056
6535,S10,2025-02-03 07:00:00,19.11,40.49,0.551
6536,S10,2025-02-03 08:00:00,27.12,39.71,0.56
6537,S10,2025-02-03 09:00:00,22.42,34.61,1.41
6538,S10,2025-02-03 10:00:00,23.69,49.39,0.126
6539,S10,2025-02-03 11:00:00,29.84C,46.26,2.804
6540,S10,2025-02-03 12:00:00,21.89,59.59,2.02
6541,S10,2025-02-03 13:00:00,20.07,,0.488
6542,S10,2025-02-03 14:00:00,17.24,72.21,2.644
6543,S10,2025-02-03 15:00:00,18.24,49.82,0.443
6544,S10,2025-02-03 16:00:00,24.47,42.99,1.799
6545,S10,2025-02-03 17:00:00,18.65,54.33,0.304
6546,S10,2025-02-03 18:00:00,16.84,43.43,0.181
6547,S10,2025-02-03 19:00:00,23.17,58.04,0.216
6548,S10,2025-02-03 20:00:00,22.97C,38.73,1.362
6549,S10,2025-02-03 21:00:00,28.35,34.75,2.465
6550,S10,2025-02-03 22:00:00,19.2,69.56,0.448
6551,S10,2025-02-03 23:00:00,26.69,52.59,2.523
6552,S10,2025-02-04 00:00:00,13.32,50.86,0.094
6553,S10,2025-02-04 01:00:00,24.14,41.38,0.626
6554,S10,2025-02-04 02:00:00,21.34,40.61,0.983
6555,S10,2025-02-04 03:00:00,17.85,43.61,1.048
6556,S10,2025-02-04 04:00:00,24.45,49.67,1.566
6557,S10,2025-02-04 05:00:00,21.45,49.34,3.435
6558,S10,2025-02-04 06:00:00,22.87,30.15,0.684
6559,S10,2025-02-04 07:00:00,21.38,58.44,0.632
6560,S10,2025-02-04 08:00:00,24.8,52.51,0.235
6561,S10,2025-02-04 09:00:00,23.51,56.83,3.205
6562,S10,2025-02-04 10:00:00,18.89,34.24,0.191
6563,S10,2025-02-04 11:00:00,19.26,43.69,
6564,S10,2025-02-04 12:00:00,19.52,41.07,0.672
6565,S10,2025-02-04 13:00:00,24.49,45.82,2.862
6566,S10,2025-02-04 14:00:00,24.13,28.62,0.492
6567,S10,2025-02-04 15:00:00,23.31C,54.52,2.18
6568,S10,2025-02-04 16:00:00,21.95,,0.598
6569,S10,2025-02-04 17:00:00,21.05,20.56,1.407
6570,S10,2025-02-04 18:00:00,23.95C,51.58,0.683
6571,S10,2025-02-04 19:00:00,25.53,36.87,0.957
6572,S10,2025-02-04 20:00:00,25.52,55.98,0.432
6573,S10,2025-02-04 21:00:00,28.21C,28.32,0.965
6574,S10,2025-02-04 22:00:00,28.65,40.92,2.486
6575,S10,2025-02-04 23:00:00,22.6,31.92,0.748
6576,S10,2025-02-05 00:00:00,27.75,50.78,2.163
6577,S10,2025-02-05 01:00:00,24.85,34.39,0.546
6578,S10,2025-02-05 02:00:00,21.44,33.78,4.869
6579,S10,2025-02-05 03:00:00,21.79,38.34,
6580,S10,2025-02-05 04:00:00,22.48,37.61,1.221
6581,S10,2025-02-05 05:00:00,19.46,56.02,0.279
6582,S10,2025-02-05 06:00:00,19.16,41.22,0.518
6583,S10,2025-02-05 07:00:00,21.44,41.42,1.305
6584,S10,2025-02-05 08:00:00,20.37,46.12,1.417
6585,S10,2025-02-05 09:00:00,13.15C,46.66,0.385
6586,S10,2025-02-05 10:00:00,23.62,46.67,0.256
6587,S10,2025-02-05 11:00:00,16.26,41.11,0.33
6588,S10,2025-02-05 12:00:00,23.05,41.62,1.045
6589,S10,2025-02-05 13:00:00,21.16,41.24,2.374
6590,S10,2025-02-05 14:00:00,20.47,45.24,0.578
6591,S10,2025-02-05 15:00:00,24.75,44.53,0.662
6592,S10,2025-02-05 16:00:00,20.22,57.51,0.098
6593,S10,2025-02-05 17:00:00,19.92,33.94,1.35
6594,S10,2025-02-05 18:00:00,23.82,33.51,
6595,S10,2025-02-05 19:00:00,23.74,45.27,0.893
6596,S10,2025-02-05 20:00:00,21.16,47.16,0.476
6597,S10,2025-02-05 21:00:00,21.12,54.55,1.402
6598,S10,2025-02-05 22:00:00,21.36C,50.57,1.261
6599,S10,2025-02-05 23:00:00,24.66,49.26,
6600,S10,2025-02-06 00:00:00,21.52,64.28,1.725
6601,S10,2025-02-06 01:00:00,22.8,55.32,1.12
6602,S10,2025-02-06 02:00:00,20.2,38.04,1.656
6603,S10,2025-02-06 03:00:00,17.99,49.44,1.837
6604,S10,2025-02-06 04:00:00,22.95,37.41,2.138
6605,S10,2025-02-06 05:00:00,28.78,46.74,1.547
6606,S10,2025-02-06 06:00:00,25.9,40.65,0.933
6607,S10,2025-02-06 07:00:00,18.24,40.76,2.077
6608,S10,2025-02-06 08:00:00,23.69,36.86,0.339
6609,S10,2025-02-06 09:00:00,21.21C,45.63,1.362
6610,S10,2025-02-06 10:00:00,21.42,49.05,0.388
6611,S10,2025-02-06 11:00:00,21.09,50.06,1.423
6612,S10,2025-02-06 12:00:00,19.6,47.04,0.639
6613,S10,2025-02-06 13:00:00,17.68,44.48,0.64
6614,S10,2025-02-06 14:00:00,23.64,48.35,1.366
6615,S10,2025-02-06 15:00:00,19.47,56.52,3.524
6616,S10,2025-02-06 16:00:00,21.01,37.0,1.336
6617,S10,2025-02-06 17:00:00,21.64,30.99,0.58
6618,S10,2025-02-06 18:00:00,23.21,43.48,2.638
6619,S10,2025-02-06 19:00:00,21.79C,42.13,1.706
6620,S10,2025-02-06 20:00:00,22.79,55.22,2.028
6621,S10,2025-02-06 21:00:00,22.12,,1.118
6622,S10,2025-02-06 22:00:00,24.29,58.96,1.137
6623,S10,2025-02-06 23:00:00,24.75,32.45,0.772
6624,S10,2025-02-07 00:00:00,24.6,54.24,
6625,S10,2025-02-07 01:00:00,22.07,60.15,1.108
6626,S10,2025-02-07 02:00:00,18.85,52.68,1.149
6627,S10,2025-02-07 03:00:00,22.37C,60.62,0.543
6628,S10,2025-02-07 04:00:00,23.58,55.6,1.27
6629,S10,2025-02-07 05:00:00,19.32C,45.73,0.323
6630,S10,2025-02-07 06:00:00,19.52,58.52,2.489
6631,S10,2025-02-07 07:00:00,14.62,50.47,1.635
6632,S10,2025-02-07 08:00:00,25.89,32.66,1.359
6633,S10,2025-02-07 09:00:00,22.04,52.86,2.13
6634,S10,2025-02-07 10:00:00,25.77,36.54,0.447
6635,S10,2025-02-07 11:00:00,17.38,43.98,0.664
6636,S10,2025-02-07 12:00:00,15.09,26.96,0.753
6637,S10,2025-02-07 13:00:00,23.14,39.97,0.958
6638,S10,2025-02-07 14:00:00,19.88C,52.72,1.063
6639,S10,2025-02-07 15:00:00,23.02,43.06,1.515
6640,S10,2025-02-07 16:00:00,20.37,28.63,1.148
6641,S10,2025-02-07 17:00:00,25.25,35.13,0.685
6642,S10,2025-02-07 18:00:00,22.0,58.38,0.596
6643,S10,2025-02-07 19:00:00,22.64,43.16,0.693
6644,S10,2025-02-07 20:00:00,24.72,52.31,2.106
6645,S10,2025-02-07 21:00:00,22.11,64.05,0.724
6646,S10,2025-02-07 22:00:00,22.45,49.65,0.574
6647,S10,2025-02-07 23:00:00,27.43,49.03,2.631
6648,S10,2025-02-08 00:00:00,20.01,62.68,2.1
6649,S10,2025-02-08 01:00:00,21.1C,26.51,0.89
6650,S10,2025-02-08 02:00:00,22.08,50.2,1.12
6651,S10,2025-02-08 03:00:00,21.07,49.65,2.574
6652,S10,2025-02-08 04:00:00,22.42,52.86,0.13
6653,S10,2025-02-08 05:00:00,26.71,51.31,0.217
6654,S10,2025-02-08 06:00:00,24.43,43.18,0.21
6655,S10,2025-02-08 07:00:00,17.19,36.88,0.973
6656,S10,2025-02-08 08:00:00,14.97,60.37,0.298
6657,S10,2025-02-08 09:00:00,19.07,,0.649
6658,S10,2025-02-08 10:00:00,14.8,30.27,0.709
6659,S10,2025-02-08 11:00:00,13.94,37.95,0.457
6660,S10,2025-02-08 12:00:00,19.0,54.32,0.156
6661,S10,2025-02-08 13:00:00,19.39,51.89,1.179
6662,S10,2025-02-08 14:00:00,22.92,,0.297
6663,S10,2025-02-08 15:00:00,23.89,44.0,0.472
6664,S10,2025-02-08 16:00:00,29.13,44.18,0.893
6665,S10,2025-02-08 17:00:00,20.73,50.02,1.117
6666,S10,2025-02-08 18:00:00,21.19C,43.07,1.08
6667,S10,2025-02-08 19:00:00,23.79,44.42,0.347
6668,S10,2025-02-08 20:00:00,26.53,35.31,3.168
6669,S10,2025-02-08 21:00:00,22.66,57.32,0.717
6670,S10,2025-02-08 22:00:00,20.91C,37.4,4.835
6671,S10,2025-02-08 23:00:00,15.76,43.38,0.676
6672,S10,2025-02-09 00:00:00,22.77,45.68,2.177
6673,S10,2025-02-09 01:00:00,19.73,42.54,1.163
6674,S10,2025-02-09 02:00:00,25.19,33.58,1.352
6675,S10,2025-02-09 03:00:00,26.12,38.35,1.144
6676,S10,2025-02-09 04:00:00,26.51,42.17,4.115
6677,S10,2025-02-09 05:00:00,22.39,24.52,0.808
6678,S10,2025-02-09 06:00:00,23.78,47.57,0.949
6679,S10,2025-02-09 07:00:00,17.34,69.14,0.734
6680,S10,2025-02-09 08:00:00,22.73,38.45,0.635
6681,S10,2025-02-09 09:00:00,20.54,38.37,
6682,S10,2025-02-09 10:00:00,24.85,46.7,0.263
6683,S10,2025-02-09 11:00:00,20.3,39.48,1.897
6684,S10,2025-02-09 12:00:00,21.38,34.01,0.701
6685,S10,2025-02-09 13:00:00,19.74,44.34,1.079
6686,S10,2025-02-09 14:00:00,27.77,39.58,0.114
6687,S10,2025-02-09 15:00:00,22.84,39.77,0.372
6688,S10,2025-02-09 16:00:00,19.68,52.26,
6689,S10,2025-02-09 17:00:00,21.63,47.3,0.427
6690,S10,2025-02-09 18:00:00,19.12,49.69,3.064
6691,S10,2025-02-09 19:00:00,26.67,57.42,2.354
6692,S10,2025-02-09 20:00:00,26.9,50.09,0.667
6693,S10,2025-02-09 21:00:00,23.86,53.05,1.099
6694,S10,2025-02-09 22:00:00,24.42,45.05,1.244
6695,S10,2025-02-09 23:00:00,19.39,52.84,0.572
6696,S10,2025-02-10 00:00:00,24.88,59.71,0.4
6697,S10,2025-02-10 01:00:00,20.25,40.7,1.733
6698,S10,2025-02-10 02:00:00,26.63,48.0,1.468
6699,S10,2025-02-10 03:00:00,18.98,35.13,1.246
6700,S10,2025-02-10 04:00:00,22.23,42.97,0.51
6701,S10,2025-02-10 05:00:00,23.59,44.63,0.625
6702,S10,2025-02-10 06:00:00,23.5,50.72,1.738
6703,S10,2025-02-10 07:00:00,20.95,41.57,0.693
6704,S10,2025-02-10 08:00:00,24.65,59.34,0.175
6705,S10,2025-02-10 09:00:00,22.75,60.2,0.547
6706,S10,2025-02-10 10:00:00,21.81,53.39,0.477
6707,S10,2025-02-10 11:00:00,18.81,66.51,0.294
6708,S10,2025-02-10 12:00:00,25.85,36.97,2.34
6709,S10,2025-02-10 13:00:00,22.29,27.81,0.724
6710,S10,2025-02-10 14:00:00,23.76,41.18,3.071
6711,S10,2025-02-10 15:00:00,22.29C,37.19,0.504
6712,S10,2025-02-10 16:00:00,23.66,36.54,1.541
6713,S10,2025-02-10 17:00:00,21.69,40.65,1.039
6714,S10,2025-02-10 18:00:00,30.56,50.75,0.217
6715,S10,2025-02-10 19:00:00,28.48,57.23,0.334
6716,S10,2025-02-10 20:00:00,25.25,42.68,2.93
6717,S10,2025-02-10 21:00:00,24.23,53.9,0.616
6718,S10,2025-02-10 22:00:00,25.53,45.27,0.737
6719,S10,2025-02-10 23:00:00,21.15,46.98,1.691
6720,S10,2025-02-11 00:00:00,22.02,59.29,1.763
6721,S10,2025-02-11 01:00:00,20.11C,45.78,2.573
6722,S10,2025-02-11 02:00:00,19.28,49.16,0.753
6723,S10,2025-02-11 03:00:00,18.65,47.51,0.516
6724,S10,2025-02-11 04:00:00,18.83,37.19,0.401
6725,S10,2025-02-11 05:00:00,22.4,54.25,0.964
6726,S10,2025-02-11 06:00:00,21.19,68.79,0.455
6727,S10,2025-02-11 07:00:00,18.93,46.09,0.144
6728,S10,2025-02-11 08:00:00,22.66,55.24,1.305
6729,S10,2025-02-11 09:00:00,21.99,59.31,3.034
6730,S10,2025-02-11 10:00:00,21.44,48.61,1.034
6731,S10,2025-02-11 11:00:00,26.19,48.17,1.491
6732,S10,2025-02-11 12:00:00,21.25,43.38,1.796
6733,S10,2025-02-11 13:00:00,18.22,33.97,
6734,S10,2025-02-11 14:00:00,22.77,41.63,1.404
6735,S10,2025-02-11 15:00:00,19.54,52.15,2.063
6736,S10,2025-02-11 16:00:00,25.09,53.7,0.168
6737,S10,2025-02-11 17:00:00,24.46,37.34,2.65
6738,S10,2025-02-11 18:00:00,22.0,61.75,2.782
6739,S10,2025-02-11 19:00:00,24.56,30.03,1.093
6740,S10,2025-02-11 20:00:00,22.04,35.88,0.279
6741,S10,2025-02-11 21:00:00,22.01,47.67,1.642
6742,S10,2025-02-11 22:00:00,18.27,35.49,0.764
6743,S10,2025-02-11 23:00:00,17.5,42.53,0.744
6744,S10,2025-02-12 00:00:00,19.0,50.89,0.656
6745,S10,2025-02-12 01:00:00,25.55,36.06,0.712
6746,S10,2025-02-12 02:00:00,16.99,33.8,0.647
6747,S10,2025-02-12 03:00:00,20.42,,2.436
6748,S10,2025-02-12 04:00:00,18.86,60.75,1.343
6749,S10,2025-02-12 05:00:00,22.47,45.39,0.367
6750,S10,2025-02-12 06:00:00,18.67,57.33,1.905
6751,S10,2025-02-12 07:00:00,20.93,29.55,0.219
6752,S10,2025-02-12 08:00:00,22.58,38.41,1.137
6753,S10,2025-02-12 09:00:00,20.06,56.67,2.962
6754,S10,2025-02-12 10:00:00,21.25,,0.716
6755,S10,2025-02-12 11:00:00,21.22,45.13,0.491
6756,S10,2025-02-12 12:00:00,23.53,35.04,1.22
6757,S10,2025-02-12 13:00:00,23.99,28.92,2.017
6758,S10,2025-02-12 14:00:00,24.49C,53.98,2.26
6759,S10,2025-02-12 15:00:00,23.71,54.5,0.376
6760,S10,2025-02-12 16:00:00,19.68,46.74,1.68
6761,S10,2025-02-12 17:00:00,21.54,50.99,1.071
6762,S10,2025-02-12 18:00:00,24.4,45.01,1.073
6763,S10,2025-02-12 19:00:00,23.18,40.81,2.741
6764,S10,2025-02-12 20:00:00,25.73,39.23,0.71
6765,S10,2025-02-12 21:00:00,19.64,,0.696
6766,S10,2025-02-12 22:00:00,20.89,37.78,1.036
6767,S10,2025-02-12 23:00:00,21.18,58.47,0.777
6768,S10,2025-02-13 00:00:00,21.05C,49.46,2.781
6769,S10,2025-02-13 01:00:00,18.48C,46.11,0.991
6770,S10,2025-02-13 02:00:00,17.88,59.11,1.842
6771,S10,2025-02-13 03:00:00,21.63,51.66,0.139
6772,S10,2025-02-13 04:00:00,19.58,,0.498
6773,S10,2025-02-13 05:00:00,17.78,48.06,0.798
6774,S10,2025-02-13 06:00:00,22.29,51.26,0.59
6775,S10,2025-02-13 07:00:00,20.91,39.32,1.099
6776,S10,2025-02-13 08:00:00,22.79,,1.896
6777,S10,2025-02-13 09:00:00,23.17C,36.22,1.695
6778,S10,2025-02-13 10:00:00,19.93,40.12,0.652
6779,S10,2025-02-13 11:00:00,20.97,44.63,1.36
6780,S10,2025-02-13 12:00:00,21.59,39.89,1.372
6781,S10,2025-02-13 13:00:00,24.07,49.55,
6782,S10,2025-02-13 14:00:00,22.15,49.47,1.39
6783,S10,2025-02-13 15:00:00,25.43,64.55,1.668
6784,S10,2025-02-13 16:00:00,20.97,47.37,0.634
6785,S10,2025-02-13 17:00:00,22.71,50.89,1.373
6786,S10,2025-02-13 18:00:00,26.61,40.54,1.444
6787,S10,2025-02-13 19:00:00,18.97,45.75,1.433
6788,S10,2025-02-13 20:00:00,19.51,46.85,0.993
6789,S10,2025-02-13 21:00:00,25.31,56.02,1.163
6790,S10,2025-02-13 22:00:00,25.63,48.2,1.283
6791,S10,2025-02-13 23:00:00,26.44,44.46,1.222
6792,S10,2025-02-14 00:00:00,22.6,39.36,0.963
6793,S10,2025-02-14 01:00:00,23.29,47.02,
6794,S10,2025-02-14 02:00:00,19.03,54.81,0.573
6795,S10,2025-02-14 03:00:00,20.67,33.47,1.483
6796,S10,2025-02-14 04:00:00,22.37,58.17,1.8
6797,S10,2025-02-14 05:00:00,17.43,46.63,1.645
6798,S10,2025-02-14 06:00:00,17.4,34.88,1.032
6799,S10,2025-02-14 07:00:00,19.51,,0.301
6800,S10,2025-02-14 08:00:00,24.2,55.01,0.467
6801,S10,2025-02-14 09:00:00,23.69,55.48,1.459
6802,S10,2025-02-14 10:00:00,17.94,38.07,1.499
6803,S10,2025-02-14 11:00:00,20.18,43.6,0.692
6804,S10,2025-02-14 12:00:00,20.36,60.37,1.04
6805,S10,2025-02-14 13:00:00,22.31,53.52,4.201
6806,S10,2025-02-14 14:00:00,22.82,63.44,3.055
6807,S10,2025-02-14 15:00:00,22.41,56.33,1.6
6808,S10,2025-02-14 16:00:00,19.89,43.55,1.929
6809,S10,2025-02-14 17:00:00,25.83,48.68,0.619
6810,S10,2025-02-14 18:00:00,25.82,40.14,0.621
6811,S10,2025-02-14 19:00:00,19.99,48.95,1.758
6812,S10,2025-02-14 20:00:00,22.65,56.41,0.511
6813,S10,2025-02-14 21:00:00,26.35,52.42,0.425
6814,S10,2025-02-14 22:00:00,24.45,41.59,0.636
6815,S10,2025-02-14 23:00:00,24.94,34.07,1.203
6816,S10,2025-02-15 00:00:00,18.88,47.34,0.488
6817,S10,2025-02-15 01:00:00,24.38,23.71,0.728
6818,S10,2025-02-15 02:00:00,17.35,44.83,0.61
6819,S10,2025-02-15 03:00:00,23.23,59.85,0.612
6820,S10,2025-02-15 04:00:00,25.81,45.87,0.78
6821,S10,2025-02-15 05:00:00,18.76,28.68,1.026
6822,S10,2025-02-15 06:00:00,24.89,44.74,1.697
6823,S10,2025-02-15 07:00:00,23.6,40.07,2.191
6824,S10,2025-02-15 08:00:00,19.54,53.63,0.478
6825,S10,2025-02-15 09:00:00,21.97,29.36,1.068
6826,S10,2025-02-15 10:00:00,25.73,46.9,
6827,S10,2025-02-15 11:00:00,20.56,39.31,0.383
6828,S10,2025-02-15 12:00:00,20.7,55.54,0.417
6829,S10,2025-02-15 13:00:00,13.95,49.66,1.248
6830,S10,2025-02-15 14:00:00,17.53,37.76,1.099
6831,S10,2025-02-15 15:00:00,21.33,53.46,1.81
6832,S10,2025-02-15 16:00:00,22.19,43.06,0.367
6833,S10,2025-02-15 17:00:00,24.41,56.7,0.87
6834,S10,2025-02-15 18:00:00,25.37C,50.88,0.773
6835,S10,2025-02-15 19:00:00,28.64,53.92,0.626
6836,S10,2025-02-15 20:00:00,25.19,43.34,1.781
6837,S10,2025-02-15 21:00:00,31.7,42.51,1.69
6838,S10,2025-02-15 22:00:00,25.67,41.35,1.181
6839,S10,2025-02-15 23:00:00,27.52,47.25,0.244
6840,S10,2025-02-16 00:00:00,17.91C,24.99,2.348
6841,S10,2025-02-16 01:00:00,21.66,60.82,0.952
6842,S10,2025-02-16 02:00:00,23.28,46.56,1.336
6843,S10,2025-02-16 03:00:00,23.4,46.5,0.18
6844,S10,2025-02-16 04:00:00,19.55,31.35,0.874
6845,S10,2025-02-16 05:00:00,20.86,33.97,0.505
6846,S10,2025-02-16 06:00:00,17.53C,34.9,1.161
6847,S10,2025-02-16 07:00:00,22.25,52.08,1.484
6848,S10,2025-02-16 08:00:00,18.42C,37.77,0.091
6849,S10,2025-02-16 09:00:00,24.36,37.5,0.962
6850,S10,2025-02-16 10:00:00,22.45,,0.549
6851,S10,2025-02-16 11:00:00,23.92,37.77,1.978
6852,S10,2025-02-16 12:00:00,23.73,27.61,2.057
6853,S10,2025-02-16 13:00:00,23.47,19.27,0.691
6854,S10,2025-02-16 14:00:00,24.67,44.79,0.377
6855,S10,2025-02-16 15:00:00,22.69,61.82,1.763
6856,S10,2025-02-16 16:00:00,18.0,51.59,0.615
6857,S10,2025-02-16 17:00:00,26.43C,50.47,1.693
6858,S10,2025-02-16 18:00:00,20.82,34.93,1.593
6859,S10,2025-02-16 19:00:00,25.71,61.26,3.947
6860,S10,2025-02-16 20:00:00,24.79,39.56,4.7
6861,S10,2025-02-16 21:00:00,24.48,56.91,0.277
6862,S10,2025-02-16 22:00:00,24.0,68.83,2.029
6863,S10,2025-02-16 23:00:00,24.48,,0.309
6864,S10,2025-02-17 00:00:00,20.81,31.32,1.184
6865,S10,2025-02-17 01:00:00,20.44,47.24,1.916
6866,S10,2025-02-17 02:00:00,20.18,39.28,0.886
6867,S10,2025-02-17 03:00:00,21.53,44.86,3.37
6868,S10,2025-02-17 04:00:00,22.56,54.62,1.967
6869,S10,2025-02-17 05:00:00,19.75,62.56,0.281
6870,S10,2025-02-17 06:00:00,21.82,56.34,0.596
6871,S10,2025-02-17 07:00:00,17.44,44.59,1.641
6872,S10,2025-02-17 08:00:00,19.08,50.18,0.608
6873,S10,2025-02-17 09:00:00,16.63,38.96,1.725
6874,S10,2025-02-17 10:00:00,20.95,48.87,0.271
6875,S10,2025-02-17 11:00:00,22.95,43.43,1.381
6876,S10,2025-02-17 12:00:00,24.01,54.94,1.241
6877,S10,2025-02-17 13:00:00,18.31,54.7,1.033
6878,S10,2025-02-17 14:00:00,24.64,48.81,0.745
6879,S10,2025-02-17 15:00:00,19.53C,,0.769
6880,S10,2025-02-17 16:00:00,21.44,42.9,0.579
6881,S10,2025-02-17 17:00:00,21.33C,58.51,1.196
6882,S10,2025-02-17 18:00:00,27.4,53.53,1.475
6883,S10,2025-02-17 19:00:00,23.55,55.79,3.523
6884,S10,2025-02-17 20:00:00,29.18C,,0.822
6885,S10,2025-02-17 21:00:00,26.17,51.75,0.569
6886,S10,2025-02-17 22:00:00,22.79,,0.729
6887,S10,2025-02-17 23:00:00,24.81,54.05,0.084
6888,S10,2025-02-18 00:00:00,24.09,69.48,1.823
6889,S10,2025-02-18 01:00:00,17.9,53.88,0.552
6890,S10,2025-02-18 02:00:00,19.15,51.43,0.648
6891,S10,2025-02-18 03:00:00,20.57,28.52,3.447
6892,S10,2025-02-18 04:00:00,19.92,41.05,0.706
6893,S10,2025-02-18 05:00:00,20.24,29.0,3.676
6894,S10,2025-02-18 06:00:00,25.98,40.08,1.06
6895,S10,2025-02-18 07:00:00,21.71,55.56,1.684
6896,S10,2025-02-18 08:00:00,20.53C,62.55,0.876
6897,S10,2025-02-18 09:00:00,20.47,44.79,0.926
6898,S10,2025-02-18 10:00:00,17.89,26.31,
6899,S10,2025-02-18 11:00:00,24.18,58.12,1.299
6900,S10,2025-02-18 12:00:00,20.25,55.16,3.428
6901,S10,2025-02-18 13:00:00,32.32,42.88,1.049
6902,S10,2025-02-18 14:00:00,23.64C,25.09,1.322
6903,S10,2025-02-18 15:00:00,20.83,56.58,0.344
6904,S10,2025-02-18 16:00:00,19.18,44.24,1.886
6905,S10,2025-02-18 17:00:00,21.44,47.19,1.071
6906,S10,2025-02-18 18:00:00,24.07,25.62,3.699
6907,S10,2025-02-18 19:00:00,21.4,37.35,1.013
6908,S10,2025-02-18 20:00:00,25.03,59.74,0.52
6909,S10,2025-02-18 21:00:00,25.34,35.69,2.059
6910,S10,2025-02-18 22:00:00,25.12,51.41,0.295
6911,S10,2025-02-18 23:00:00,25.14,43.84,0.489
6912,S10,2025-02-19 00:00:00,20.27,46.34,1.34
6913,S10,2025-02-19 01:00:00,18.5,51.59,0.333
6914,S10,2025-02-19 02:00:00,17.0C,37.17,0.359
6915,S10,2025-02-19 03:00:00,16.08,,0.108
6916,S10,2025-02-19 04:00:00,19.54C,45.96,0.48
6917,S10,2025-02-19 05:00:00,22.88,37.54,0.2
6918,S10,2025-02-19 06:00:00,21.09,48.21,1.204
6919,S10,2025-02-19 07:00:00,18.31,42.24,1.501
6920,S10,2025-02-19 08:00:00,24.0,32.8,0.751
6921,S10,2025-02-19 09:00:00,18.79,60.82,1.11
6922,S10,2025-02-19 10:00:00,18.39,53.76,0.203
6923,S10,2025-02-19 11:00:00,19.06,42.71,3.046
6924,S10,2025-02-19 12:00:00,20.11,49.97,1.776
6925,S10,2025-02-19 13:00:00,21.91,30.22,0.974
6926,S10,2025-02-19 14:00:00,18.77,43.98,0.529
6927,S10,2025-02-19 15:00:00,17.85,,0.898
6928,S10,2025-02-19 16:00:00,23.82,49.17,0.944
6929,S10,2025-02-19 17:00:00,23.47,33.7,1.173
6930,S10,2025-02-19 18:00:00,24.23,43.6,0.311
6931,S10,2025-02-19 19:00:00,25.17,48.16,1.185
6932,S10,2025-02-19 20:00:00,23.33,,1.708
6933,S10,2025-02-19 21:00:00,28.38,64.47,1.569
6934,S10,2025-02-19 22:00:00,22.9,40.0,0.367
6935,S10,2025-02-19 23:00:00,23.47C,26.92,0.198
6936,S10,2025-02-20 00:00:00,23.88,41.39,2.517
6937,S10,2025-02-20 01:00:00,21.45,58.05,1.438
6938,S10,2025-02-20 02:00:00,20.03,29.37,0.958
6939,S10,2025-02-20 03:00:00,20.6,63.15,
6940,S10,2025-02-20 04:00:00,17.45,53.81,0.72
6941,S10,2025-02-20 05:00:00,22.82,46.66,0.844
6942,S10,2025-02-20 06:00:00,20.46,48.39,2.767
6943,S10,2025-02-20 07:00:00,22.48,59.69,1.743
6944,S10,2025-02-20 08:00:00,25.15,34.61,0.06
6945,S10,2025-02-20 09:00:00,23.73,41.91,0.338
6946,S10,2025-02-20 10:00:00,22.43,39.92,
6947,S10,2025-02-20 11:00:00,22.94,51.11,0.794
6948,S10,2025-02-20 12:00:00,22.36,39.41,
6949,S10,2025-02-20 13:00:00,26.92C,40.21,1.334
6950,S10,2025-02-20 14:00:00,16.92,41.92,
6951,S10,2025-02-20 15:00:00,21.16,47.98,0.74
6952,S10,2025-02-20 16:00:00,20.28,53.04,0.408
6953,S10,2025-02-20 17:00:00,23.93,37.29,0.434
6954,S10,2025-02-20 18:00:00,22.37,44.56,
6955,S10,2025-02-20 19:00:00,23.33,45.05,2.533
6956,S10,2025-02-20 20:00:00,28.65,51.04,0.881
6957,S10,2025-02-20 21:00:00,24.13C,60.09,0.179
6958,S10,2025-02-20 22:00:00,25.93,39.24,0.713
6959,S10,2025-02-20 23:00:00,22.52,36.62,1.829
6960,S10,2025-02-21 00:00:00,18.28,41.77,1.526
6961,S10,2025-02-21 01:00:00,17.49,44.8,0.205
6962,S10,2025-02-21 02:00:00,24.55,54.67,0.639
6963,S10,2025-02-21 03:00:00,17.54,44.39,0.834
6964,S10,2025-02-21 04:00:00,19.48,52.99,0.172
6965,S10,2025-02-21 05:00:00,27.48,47.17,1.894
6966,S10,2025-02-21 06:00:00,22.21,61.36,1.112
6967,S10,2025-02-21 07:00:00,21.39,48.24,0.881
6968,S10,2025-02-21 08:00:00,20.78,61.4,0.91
6969,S10,2025-02-21 09:00:00,18.33,56.03,0.629
6970,S10,2025-02-21 10:00:00,22.8C,31.74,2.275
6971,S10,2025-02-21 11:00:00,24.77,45.31,0.902
6972,S10,2025-02-21 12:00:00,19.51,39.61,0.498
6973,S10,2025-02-21 13:00:00,20.8C,38.83,1.435
6974,S10,2025-02-21 14:00:00,27.01,46.62,1.183
6975,S10,2025-02-21 15:00:00,21.44,33.66,1.98
6976,S10,2025-02-21 16:00:00,24.75C,52.26,1.156
6977,S10,2025-02-21 17:00:00,29.24,64.34,1.111
6978,S10,2025-02-21 18:00:00,20.5,64.15,0.557
6979,S10,2025-02-21 19:00:00,22.85,48.2,1.1
6980,S10,2025-02-21 20:00:00,20.67,51.64,0.255
6981,S10,2025-02-21 21:00:00,17.05,38.15,0.366
6982,S10,2025-02-21 22:00:00,27.25,49.74,1.477
6983,S10,2025-02-21 23:00:00,25.39,41.02,
6984,S10,2025-02-22 00:00:00,19.43,44.37,3.392
6985,S10,2025-02-22 01:00:00,21.67,46.51,0.33
6986,S10,2025-02-22 02:00:00,18.86C,51.24,2.046
6987,S10,2025-02-22 03:00:00,16.6,44.03,1.815
6988,S10,2025-02-22 04:00:00,19.03,60.78,1.755
6989,S10,2025-02-22 05:00:00,18.84C,41.6,1.924
6990,S10,2025-02-22 06:00:00,18.29,55.31,2.122
6991,S10,2025-02-22 07:00:00,24.29,48.81,0.57
6992,S10,2025-02-22 08:00:00,19.0,42.66,0.86
6993,S10,2025-02-22 09:00:00,18.45,57.35,1.276
6994,S10,2025-02-22 10:00:00,22.22,48.75,1.197
6995,S10,2025-02-22 11:00:00,23.16,39.05,0.715
6996,S10,2025-02-22 12:00:00,26.72,54.48,0.65
6997,S10,2025-02-22 13:00:00,22.93,37.84,1.606
6998,S10,2025-02-22 14:00:00,18.4,46.87,1.436
6999,S10,2025-02-22 15:00:00,19.9,33.86,0.623
7000,S10,2025-02-22 16:00:00,25.29,49.82,0.319
7001,S10,2025-02-22 17:00:00,20.87,20.76,0.194
7002,S10,2025-02-22 18:00:00,24.24,33.54,2.089
7003,S10,2025-02-22 19:00:00,28.35,40.96,0.412
7004,S10,2025-02-22 20:00:00,19.02,50.06,0.109
7005,S10,2025-02-22 21:00:00,19.06,36.37,1.602
7006,S10,2025-02-22 22:00:00,22.9,56.79,0.558
7007,S10,2025-02-22 23:00:00,23.55,42.8,3.077
7008,S10,2025-02-23 00:00:00,22.7,42.28,1.993
7009,S10,2025-02-23 01:00:00,15.75,27.64,1.714
7010,S10,2025-02-23 02:00:00,22.2,54.96,1.295
7011,S10,2025-02-23 03:00:00,19.93,40.24,2.535
7012,S10,2025-02-23 04:00:00,15.95,42.25,0.864
7013,S10,2025-02-23 05:00:00,20.21,49.04,2.092
7014,S10,2025-02-23 06:00:00,22.45,56.12,2.137
7015,S10,2025-02-23 07:00:00,26.34,45.11,0.905
7016,S10,2025-02-23 08:00:00,19.57,56.29,0.607
7017,S10,2025-02-23 09:00:00,23.54,45.51,1.583
7018,S10,2025-02-23 10:00:00,17.88,41.87,2.951
7019,S10,2025-02-23 11:00:00,24.86,49.05,2.192
7020,S10,2025-02-23 12:00:00,22.24,65.93,0.176
7021,S10,2025-02-23 13:00:00,26.62,52.13,2.154
7022,S10,2025-02-23 14:00:00,18.43,39.4,0.37
7023,S10,2025-02-23 15:00:00,19.16,53.39,2.436
7024,S10,2025-02-23 16:00:00,17.71C,53.52,1.072
7025,S10,2025-02-23 17:00:00,27.81,42.59,2.121
7026,S10,2025-02-23 18:00:00,21.54,51.34,0.763
7027,S10,2025-02-23 19:00:00,17.81,50.39,1.169
7028,S10,2025-02-23 20:00:00,21.04,,1.581
7029,S10,2025-02-23 21:00:00,25.73,55.0,
7030,S10,2025-02-23 22:00:00,25.3,31.48,0.907
7031,S10,2025-02-23 23:00:00,24.85,52.32,0.352
7032,S10,2025-02-24 00:00:00,16.35,38.08,0.212
7033,S10,2025-02-24 01:00:00,19.81,41.12,0.408
7034,S10,2025-02-24 02:00:00,14.78,45.82,1.331
7035,S10,2025-02-24 03:00:00,16.28,41.66,0.626
7036,S10,2025-02-24 04:00:00,22.47,51.1,0.667
7037,S10,2025-02-24 05:00:00,23.47,,0.597
7038,S10,2025-02-24 06:00:00,20.39,64.37,0.464
7039,S10,2025-02-24 07:00:00,15.98,40.25,2.652
7040,S10,2025-02-24 08:00:00,18.6,44.46,1.215
7041,S10,2025-02-24 09:00:00,20.4,49.12,0.582
7042,S10,2025-02-24 10:00:00,26.23,41.33,0.564
7043,S10,2025-02-24 11:00:00,19.95,37.19,2.502
7044,S10,2025-02-24 12:00:00,17.75,42.79,2.035
7045,S10,2025-02-24 13:00:00,18.69,46.2,2.167
7046,S10,2025-02-24 14:00:00,19.76,66.7,0.796
7047,S10,2025-02-24 15:00:00,20.83,28.11,1.038
7048,S10,2025-02-24 16:00:00,21.81,44.35,1.546
7049,S10,2025-02-24 17:00:00,28.44,30.97,0.069
7050,S10,2025-02-24 18:00:00,21.16,67.33,1.145
7051,S10,2025-02-24 19:00:00,16.83,43.41,0.775
7052,S10,2025-02-24 20:00:00,26.09,54.08,1.175
7053,S10,2025-02-24 21:00:00,21.05,26.15,2.006
7054,S10,2025-02-24 22:00:00,21.23,50.28,0.47
7055,S10,2025-02-24 23:00:00,21.94,49.48,2.514
7056,S10,2025-02-25 00:00:00,21.04,52.54,0.367
7057,S10,2025-02-25 01:00:00,20.66,59.82,1.11
7058,S10,2025-02-25 02:00:00,21.78,52.69,0.686
7059,S10,2025-02-25 03:00:00,19.6,64.08,0.913
7060,S10,2025-02-25 04:00:00,20.9,47.36,2.233
7061,S10,2025-02-25 05:00:00,17.74,34.26,2.517
7062,S10,2025-02-25 06:00:00,17.95,52.29,0.418
7063,S10,2025-02-25 07:00:00,19.41,52.11,0.064
7064,S10,2025-02-25 08:00:00,20.01,38.56,3.013
7065,S10,2025-02-25 09:00:00,16.52,48.61,
7066,S10,2025-02-25 10:00:00,18.11,47.74,2.118
7067,S10,2025-02-25 11:00:00,25.34,37.85,0.851
7068,S10,2025-02-25 12:00:00,25.28,35.73,0.869
7069,S10,2025-02-25 13:00:00,26.76,62.68,2.722
7070,S10,2025-02-25 14:00:00,25.54,48.92,2.214
7071,S10,2025-02-25 15:00:00,24.94,50.63,0.512
7072,S10,2025-02-25 16:00:00,27.52,58.53,1.316
7073,S10,2025-02-25 17:00:00,24.54C,34.45,0.229
7074,S10,2025-02-25 18:00:00,21.88,41.06,1.314
7075,S10,2025-02-25 19:00:00,22.14,49.58,2.329
7076,S10,2025-02-25 20:00:00,24.08,56.93,
7077,S10,2025-02-25 21:00:00,24.53,49.47,2.207
7078,S10,2025-02-25 22:00:00,23.03,45.4,1.332
7079,S10,2025-02-25 23:00:00,22.62,45.88,1.635
7080,S10,2025-02-26 00:00:00,20.02,45.72,0.885
7081,S10,2025-02-26 01:00:00,18.0,52.28,1.282
7082,S10,2025-02-26 02:00:00,26.96,26.97,0.56
7083,S10,2025-02-26 03:00:00,22.11C,62.65,
7084,S10,2025-02-26 04:00:00,14.98,35.61,0.692
7085,S10,2025-02-26 05:00:00,23.46,45.9,1.267
7086,S10,2025-02-26 06:00:00,18.69,50.93,
7087,S10,2025-02-26 07:00:00,20.58C,34.24,0.223
7088,S10,2025-02-26 08:00:00,21.41,35.12,1.742
7089,S10,2025-02-26 09:00:00,24.13,44.34,0.126
7090,S10,2025-02-26 10:00:00,21.58,42.56,1.455
7091,S10,2025-02-26 11:00:00,22.67,48.01,0.27
7092,S10,2025-02-26 12:00:00,21.62,43.92,1.895
7093,S10,2025-02-26 13:00:00,28.89,50.79,0.642
7094,S10,2025-02-26 14:00:00,22.18,49.14,0.649
7095,S10,2025-02-26 15:00:00,19.87,37.63,1.165
7096,S10,2025-02-26 16:00:00,18.82,43.1,4.228
7097,S10,2025-02-26 17:00:00,22.79,48.16,2.127
7098,S10,2025-02-26 18:00:00,21.6,35.13,2.038
7099,S10,2025-02-26 19:00:00,23.58,30.32,1.66
7100,S10,2025-02-26 20:00:00,24.48,40.93,0.422
7101,S10,2025-02-26 21:00:00,20.0,40.32,2.567
7102,S10,2025-02-26 22:00:00,23.72,32.0,0.461
7103,S10,2025-02-26 23:00:00,21.56,34.77,0.542
7104,S10,2025-02-27 00:00:00,18.18,62.5,0.931
7105,S10,2025-02-27 01:00:00,17.6,50.59,0.295
7106,S10,2025-02-27 02:00:00,19.81C,45.83,1.347
7107,S10,2025-02-27 03:00:00,18.59,60.75,0.567
7108,S10,2025-02-27 04:00:00,18.77,61.17,0.961
7109,S10,2025-02-27 05:00:00,19.92,43.34,0.418
7110,S10,2025-02-27 06:00:00,17.33,67.38,0.727
7111,S10,2025-02-27 07:00:00,25.08,35.24,1.889
7112,S10,2025-02-27 08:00:00,23.24,25.25,3.545
7113,S10,2025-02-27 09:00:00,20.45,36.43,0.555
7114,S10,2025-02-27 10:00:00,22.57,52.59,0.754
7115,S10,2025-02-27 11:00:00,19.13,49.32,0.645
7116,S10,2025-02-27 12:00:00,22.29,68.86,0.12
7117,S10,2025-02-27 13:00:00,17.73,64.05,1.501
7118,S10,2025-02-27 14:00:00,22.11,46.86,0.998
7119,S10,2025-02-27 15:00:00,22.79,37.3,1.594
7120,S10,2025-02-27 16:00:00,21.53,33.78,
7121,S10,2025-02-27 17:00:00,24.86,54.11,2.012
7122,S10,2025-02-27 18:00:00,20.55,36.76,0.67
7123,S10,2025-02-27 19:00:00,23.41,46.71,0.222
7124,S10,2025-02-27 20:00:00,24.8,42.67,1.209
7125,S10,2025-02-27 21:00:00,24.87,51.12,1.778
7126,S10,2025-02-27 22:00:00,23.43,68.14,0.753
7127,S10,2025-02-27 23:00:00,28.45,48.18,1.09
7128,S10,2025-02-28 00:00:00,22.48,64.3,0.67
7129,S10,2025-02-28 01:00:00,22.23,42.78,1.502
7130,S10,2025-02-28 02:00:00,18.4,32.48,1.806
7131,S10,2025-02-28 03:00:00,20.87,55.54,1.281
7132,S10,2025-02-28 04:00:00,19.24,15.77,1.385
7133,S10,2025-02-28 05:00:00,26.87,51.45,
7134,S10,2025-02-28 06:00:00,22.18,38.72,1.166
7135,S10,2025-02-28 07:00:00,19.05,40.5,0.83
7136,S10,2025-02-28 08:00:00,23.88,33.69,1.203
7137,S10,2025-02-28 09:00:00,24.74,44.88,0.449
7138,S10,2025-02-28 10:00:00,20.04,,0.421
7139,S10,2025-02-28 11:00:00,22.35,,0.627
7140,S10,2025-02-28 12:00:00,29.22,45.12,0.708
7141,S10,2025-02-28 13:00:00,22.27,55.45,0.953
7142,S10,2025-02-28 14:00:00,23.33,48.59,2.238
7143,S10,2025-02-28 15:00:00,31.5,49.32,0.591
7144,S10,2025-02-28 16:00:00,22.58,31.71,0.241
7145,S10,2025-02-28 17:00:00,19.33,48.88,1.584
7146,S10,2025-02-28 18:00:00,20.16,42.78,1.805
7147,S10,2025-02-28 19:00:00,23.45,48.42,1.259
7148,S10,2025-02-28 20:00:00,25.45C,43.3,0.228
7149,S10,2025-02-28 21:00:00,20.81,34.01,3.838
7150,S10,2025-02-28 22:00:00,17.59,46.42,0.403
7151,S10,2025-02-28 23:00:00,25.3,29.41,
7152,S10,2025-03-01 00:00:00,19.58,52.26,0.283
7153,S10,2025-03-01 01:00:00,18.89,62.2,2.787
7154,S10,2025-03-01 02:00:00,17.91,54.89,0.874
7155,S10,2025-03-01 03:00:00,23.88,27.79,1.991
7156,S10,2025-03-01 04:00:00,20.3,36.95,0.805
7157,S10,2025-03-01 05:00:00,17.12,47.08,0.667
7158,S10,2025-03-01 06:00:00,18.18,40.77,0.079
7159,S10,2025-03-01 07:00:00,19.92,43.26,1.607
7160,S10,2025-03-01 08:00:00,17.15,,0.963
7161,S10,2025-03-01 09:00:00,20.02,33.01,2.495
7162,S10,2025-03-01 10:00:00,25.01,48.13,1.542
7163,S10,2025-03-01 11:00:00,24.3,50.24,0.763
7164,S10,2025-03-01 12:00:00,24.88,52.32,1.705
7165,S10,2025-03-01 13:00:00,24.98C,33.0,1.96
7166,S10,2025-03-01 14:00:00,22.72,47.79,0.746
7167,S10,2025-03-01 15:00:00,23.51,45.6,0.985
7168,S10,2025-03-01 16:00:00,17.54,52.6,0.971
7169,S10,2025-03-01 17:00:00,24.92,27.56,0.164
7170,S10,2025-03-01 18:00:00,24.71,34.43,0.588
7171,S10,2025-03-01 19:00:00,23.72,35.49,1.353
7172,S10,2025-03-01 20:00:00,23.84,50.82,1.586
7173,S10,2025-03-01 21:00:00,20.2,34.57,1.583
7174,S10,2025-03-01 22:00:00,22.11C,26.09,1.183
7175,S10,2025-03-01 23:00:00,19.06,34.78,0.937
7176,S10,2025-03-02 00:00:00,18.78,50.61,4.068
7177,S10,2025-03-02 01:00:00,19.59,63.95,0.522
7178,S10,2025-03-02 02:00:00,18.61,58.2,1.636
7179,S10,2025-03-02 03:00:00,24.0,51.5,0.599
7180,S10,2025-03-02 04:00:00,18.36,30.12,0.626
7181,S10,2025-03-02 05:00:00,21.89,47.32,1.528
7182,S10,2025-03-02 06:00:00,21.68C,44.91,0.835
7183,S10,2025-03-02 07:00:00,20.72,51.13,3.491
7184,S10,2025-03-02 08:00:00,23.01,43.16,0.662
7185,S10,2025-03-02 09:00:00,22.67,48.88,1.045
7186,S10,2025-03-02 10:00:00,20.58,33.53,0.796
7187,S10,2025-03-02 11:00:00,25.65,42.35,2.147
7188,S10,2025-03-02 12:00:00,21.58,38.77,0.277
7189,S10,2025-03-02 13:00:00,23.94,57.78,0.468
7190,S10,2025-03-02 14:00:00,19.29,22.94,1.586
7191,S10,2025-03-02 15:00:00,19.79,29.01,2.053
7192,S10,2025-03-02 16:00:00,23.09,47.08,1.576
7193,S10,2025-03-02 17:00:00,29.45,40.08,0.764
7194,S10,2025-03-02 18:00:00,19.23,62.69,1.103
7195,S10,2025-03-02 19:00:00,19.59,48.12,1.544
7196,S10,2025-03-02 20:00:00,20.97,44.46,0.279
7197,S10,2025-03-02 21:00:00,22.07,37.22,0.465
7198,S10,2025-03-02 22:00:00,23.69,47.47,1.485
7199,S10,2025-03-02 23:00:00,26.66,51.74,1.536
7200,S02,2025-02-07 09:00:00,19.83,63.64,0.762
7201,S01,2025-02-27 16:00:00,23.27,69.15,1.914
7202,S01,2025-02-08 05:00:00,23.81,29.24,0.443
7203,S06,2025-02-21 08:00:00,17.61,51.32,0.272
7204,S02,2025-02-13 16:00:00,23.01,,7.934
7205,S08,2025-02-12 00:00:00,22.18,38.43,0.549
7206,S10,2025-02-24 16:00:00,21.81,44.35,1.546
7207,S01,2025-02-07 22:00:00,21.41,42.09,2.967
7208,S09,2025-02-04 00:00:00,23.88,43.7,1.077
7209,S08,2025-02-08 10:00:00,19.3,51.75,2.377
7210,S03,2025-02-28 17:00:00,25.24,58.7,0.111
7211,S05,2025-02-26 16:00:00,25.68,53.71,2.971
7212,S03,2025-03-01 23:00:00,24.36,49.53,0.384
7213,S05,2025-02-03 12:00:00,24.02,,0.564
7214,S01,2025-02-16 10:00:00,23.46,54.95,3.756
7215,S02,2025-02-02 05:00:00,16.96,57.31,0.848
7216,S08,2025-02-01 23:00:00,24.53,35.24,1.99
7217,S04,2025-02-13 17:00:00,19.29,,1.903
7218,S06,2025-02-09 14:00:00,24.91,32.36,0.63
7219,S09,2025-02-14 07:00:00,21.87,47.95,1.436
7220,S02,2025-02-21 16:00:00,22.82,17.53,1.355
7221,S10,2025-02-09 03:00:00,26.12,38.35,1.144
7222,S03,2025-02-04 01:00:00,18.47,41.76,0.537
7223,S04,2025-02-26 15:00:00,26.06,41.56,1.474
7224,S09,2025-02-20 02:00:00,19.62,46.05,0.821
7225,S07,2025-02-23 19:00:00,23.21,37.85,2.446
7226,S08,2025-03-01 21:00:00,25.91,39.48,1.632
7227,S02,2025-02-06 03:00:00,18.39,35.78,3.209
7228,S06,2025-02-26 16:00:00,24.15C,47.1,0.951
7229,S01,2025-02-08 11:00:00,23.85,37.17,0.886
7230,S03,2025-02-15 12:00:00,24.03,,1.015
7231,S06,2025-03-01 21:00:00,31.48,,0.786
7232,S05,2025-02-13 18:00:00,23.19,32.58,0.64
7233,S01,2025-02-01 20:00:00,28.15,47.7,0.528
7234,S04,2025-02-18 23:00:00,24.33,65.89,1.893
7235,S04,2025-02-23 13:00:00,22.9,44.83,0.873
