,student_id,gender,grade,region,study_hours,attendance_rate,mid_score,final_score,join_dt
0,1,M,2,Busan,17.0,93.4,,,2024-05-04
1,2,F,1,Seoul,16.2,89.0,67.2,73.8,2024-08-31
2,3,M,3,Seoul,22.3,89.5,68.7,93.5,2024-08-04
3,4,M,2,Etc,12.3,100.0,65.1,86.7,2025-01-10
4,5,M,2,Seoul,9.4,98.3,69.1,,2025-02-27
5,6,M,2,Gyeonggi,5.4,100.0,54.1,83.4,2024-04-25
6,7,M,1,Seoul,7.1,93.5,74.9,79.3,2024-07-02
7,8,F,1,Gyeonggi,4.9,89.1,,43.6,2024-12-23
8,9,F,3,Gyeonggi,10.6,100.0,76.6,81.2,2024-06-17
9,10,M,2,Gyeonggi,2.9,85.3%,51.4,,2025-02-18
10,11,F,1,Busan,2.2,87.1,61.0,81.3,2024-12-01
11,12,F,1,Seoul,0.3,93.5,65.5,63.9,2024-03-15
12,13,M,2,Busan,8.0,93.7,50.9,87.8,2024-07-16
13,14,F,2,Seoul,10.5,84.6,75.1,52.0,2024-06-26
14,15,M,2,Seoul,0.2,90.5,54.9,78.1,2024-03-10
15,16,F,2,Etc,8.5,86.4,39.4,88.9,2024-04-08
16,17,M,3,Seoul,21.0,100.0,59.7,75.7,2024-05-24
17,18,F,3,Seoul,20.0,92.2,55.1,70.7,2024-10-10
18,19,F,3,Gyeonggi,12.9,100.0,99.4,60.0,2024-05-01
19,20,M,3,Gyeonggi,9.0,93.4,89.6,78.6,2024-06-08
20,21,M,2,Seoul,5.9,95.89999999999999%,73.4,98.7,2024-03-21
21,22,M,1,Seoul,11.1,89.2,69.4,60.1,2024-08-26
22,23,F,3,Seoul,,98.1,76.3,88.8,2024-11-01
23,24,F,1,Busan,17.3,100.0,62.6,50.4,2024-10-02
24,25,F,2,Seoul,15.0,97.3%,82.7,100.0,2024-09-14
25,26,M,3,Seoul,12.7,89.2%,64.7,91.5,2025-01-26
26,27,F,1,Seoul,11.7,86.9,68.2,72.5,2024-10-11
27,28,M,3,Etc,6.7,100.0,77.5,63.3,2024-03-10
28,29,M,3,Etc,0.0,85.3%,54.0,83.7,2024-08-06
29,30,M,1,Etc,15.9,88.0,64.4,62.2,2024-10-27
30,31,M,1,Etc,8.0,97.7,63.9,38.5,2024-09-07
31,32,F,3,Seoul,17.4,95.6,64.1,68.7,2024-05-11
32,33,F,1,Daegu,10.1,83.2,84.0,51.7,2025-02-14
33,34,F,1,Seoul,10.9,90.8,72.6,45.2,2025-02-26
34,35,M,2,Daegu,7.4,92.9,100.0,49.1,2024-04-11
35,36,M,1,Etc,,99.2,100.0,76.1,2024-08-14
36,37,F,2,Busan,,91.7,92.4,81.1,2024-09-26
37,38,M,2,Daegu,4.9,84.1%,72.1,50.2,2024-10-07
38,39,M,2,Gyeonggi,8.9,100.0,54.0,66.3,2025-02-05
39,40,F,1,Gyeonggi,2.9,100.0,58.1,88.5,2024-07-25
40,41,M,3,Etc,11.9,87.0,74.3,82.9,2024-06-13
41,42,F,3,Gyeonggi,3.7,93.8,61.3,64.3,2025-01-27
42,43,M,1,Seoul,2.9,100.0,83.6,43.9,2024-04-02
43,44,F,3,Seoul,24.2,82.1,72.4,93.2,2024-10-20
44,45,F,1,Busan,24.7,95.8,72.4,50.6,2024-05-23
45,46,F,1,Gyeonggi,11.8,88.1,81.6,66.1,2024-12-01
46,47,M,3,Daegu,19.1,86.3,43.7,37.5,2025-02-08
47,48,M,1,Gyeonggi,8.8,90.60000000000001,55.5,53.8,2025-02-07
48,49,M,1,Seoul,8.4,90.7,77.6,69.0,2024-11-14
49,50,M,2,Busan,15.3,88.6,64.2,76.6,2024-07-08
50,51,F,1,Etc,16.4,80.80000000000001,58.7,100.0,2024-10-16
51,52,F,1,Gyeonggi,11.4,87.8,46.6,89.2,2025-02-10
52,53,M,2,Etc,19.7,90.2,76.5,78.8,2025-02-04
53,54,M,1,Etc,20.7,86.9,77.0,52.4,2024-07-17
54,55,F,1,Seoul,17.9,89.9%,61.4,42.9,2024-05-22
55,56,M,3,Gyeonggi,11.9,95.5,56.8,94.1,2024-04-20
56,57,F,1,Seoul,22.3,99.9,91.0,100.0,2024-04-04
57,58,M,3,Gyeonggi,19.9,87.4,34.2,42.7,2024-07-06
58,59,M,1,Seoul,9.3,92.10000000000001,64.6,87.6,2024-10-09
59,60,F,2,Gyeonggi,13.4,91.2,47.9,60.9,2025-02-23
60,61,M,3,Seoul,13.4,99.9%,49.5,86.5,2024-11-06
61,62,F,1,Daegu,0.0,89.7,61.1,99.0,2024-08-19
62,63,M,1,Gyeonggi,9.3,94.69999999999999,87.2,54.1,2024-12-24
63,64,F,1,Gyeonggi,13.2,88.2,53.5,74.5,2024-10-24
64,65,M,2,Gyeonggi,15.8,81.39999999999999%,63.1,72.9,2024-04-25
65,66,M,3,Seoul,18.6,93.8,65.8,63.9,2024-12-18
66,67,M,3,Gyeonggi,14.6,80.5,59.1,65.5,2024-06-18
67,68,M,1,Gyeonggi,5.6,97.7,61.7,70.9,2024-03-31
68,69,F,2,Gyeonggi,11.1,91.5%,79.1,85.0,2024-03-30
69,70,M,2,Busan,23.0,85.7,65.5,73.1,2024-03-10
70,71,M,3,Seoul,20.8,89.7,68.1,72.0,2025-02-26
71,72,F,2,Etc,10.1,82.0,98.1,89.5,2024-09-29
72,73,F,1,Busan,11.4,84.3%,98.5,100.0,2024-08-09
73,74,F,3,Gyeonggi,16.2,91.5,55.4,56.0,2024-11-03
74,75,F,1,Seoul,6.3,100.0,,69.1,2024-03-25
75,76,M,2,Gyeonggi,12.6,87.5,62.1,63.9,2024-11-05
76,77,M,2,Daegu,18.2,98.2,100.0,64.9,2024-04-17
77,78,M,3,Seoul,6.0,80.10000000000001,93.5,84.1,2024-09-17
78,79,M,2,Daegu,20.2,94.89999999999999%,44.6,27.8,2025-02-22
79,80,F,3,Etc,11.6,84.8,86.5,71.8,2024-12-16
80,81,F,1,Busan,8.8,100.0,64.1,67.6,2024-04-04
81,82,M,2,Gyeonggi,2.0,81.69999999999999,95.1,57.9,2024-07-01
82,83,M,1,Seoul,14.2,100.0,82.0,80.8,2024-09-30
83,84,M,3,Gyeonggi,14.0,96.2,96.9,53.5,2024-10-02
84,85,M,3,Gyeonggi,4.4,74.7,65.2,63.4,2024-07-21
85,86,F,3,Gyeonggi,,86.7,69.9,53.5,2024-03-08
86,87,M,1,Seoul,9.5,88.4,80.0,57.7,2025-01-27
87,88,F,2,Busan,3.0,83.8,50.9,80.1,2024-06-29
88,89,F,2,Gyeonggi,0.3,96.89999999999999,76.1,82.9,2024-09-24
89,90,M,1,Gyeonggi,,100.0,78.6,100.0,2024-03-24
90,91,F,3,Etc,10.1,100.0,,79.1,2024-03-05
91,92,F,3,Gyeonggi,6.7,100.0,29.5,38.7,2024-04-13
92,93,F,2,Seoul,5.8,77.8,73.1,41.6,2024-10-28
93,94,M,3,Seoul,13.8,80.60000000000001,86.3,54.2,2024-09-14
94,95,F,1,Etc,12.9,90.9,74.9,75.9,2024-07-03
95,96,F,2,Gyeonggi,19.2,99.5,70.1,,2024-08-08
96,97,F,2,Daegu,11.0,97.8,71.3,93.5,2024-11-17
97,98,M,1,Seoul,0.0,91.7,79.6,70.2,2024-10-13
98,99,M,2,Gyeonggi,7.8,93.89999999999999,59.0,71.6,2024-03-17
99,100,M,2,Gyeonggi,,94.3,57.2,97.4,2024-06-13
100,101,F,2,Seoul,10.9,100.0,71.0,63.9,2024-10-21
101,102,M,1,Busan,3.8,100.0,92.6,87.4,2024-10-04
102,103,M,1,Gyeonggi,3.7,93.0%,60.7,88.7,2024-03-23
103,104,F,2,Seoul,4.4,86.0,58.0,64.8,2024-08-21
104,105,F,3,Seoul,10.0,77.2,96.4,65.3,2024-06-10
105,106,F,3,Seoul,15.8,97.1,77.1,94.4,2024-09-12
106,107,M,2,Etc,9.3,91.4,,67.0,2024-11-16
107,108,F,3,Seoul,9.7,100.0,86.3,66.2,2024-09-04
108,109,F,3,Gyeonggi,20.3,98.4,72.6,63.8,2024-10-15
109,110,M,2,Etc,19.8,88.9,82.9,71.9,2025-01-24
110,111,M,2,Etc,11.1,100.0,50.9,64.3,2024-05-07
111,112,F,1,Gyeonggi,6.9,100.0,,,2024-12-27
112,113,F,1,Gyeonggi,16.1,82.69999999999999,96.0,75.8,2025-02-17
113,114,M,1,Gyeonggi,12.0,92.7%,74.1,80.2,2024-08-17
114,115,F,1,Seoul,20.0,93.0%,60.7,44.7,2024-04-20
115,116,F,1,Etc,13.8,97.5%,93.2,76.9,2024-08-03
116,117,F,3,Seoul,7.9,100.0,75.2,43.9,2024-12-12
117,118,F,1,Seoul,,87.5,33.2,85.4,2024-10-20
118,119,F,2,Seoul,17.2,95.39999999999999,75.9,69.0,2024-10-02
119,120,F,3,Etc,9.5,74.7,64.8,55.6,2024-09-06
120,121,F,2,Seoul,6.9,95.7,86.7,91.5,2024-03-01
121,122,M,1,Seoul,22.8,94.19999999999999,87.1,75.4,2024-05-03
122,123,F,3,Seoul,5.2,96.1,89.0,67.6,2025-01-08
123,124,F,3,Busan,4.2,88.8,86.4,81.0,2024-10-24
124,125,F,2,Etc,14.6,100.0,80.8,61.4,2024-12-31
125,126,F,3,Seoul,9.1,93.10000000000001,80.9,43.9,2024-06-01
126,127,M,3,Seoul,14.0,82.0,57.6,54.4,2025-01-22
127,128,M,1,Busan,10.0,87.6,76.1,70.9,2024-08-24
128,129,M,1,Gyeonggi,12.9,96.89999999999999,61.2,76.6,2024-04-06
129,130,F,2,Seoul,11.7,97.8%,100.0,54.0,2024-03-21
130,131,F,3,Gyeonggi,8.5,88.6,64.0,64.1,2025-02-11
131,132,M,3,Seoul,16.5,91.5,50.9,,2024-06-02
132,133,M,1,Etc,10.2,88.8,41.4,63.9,2024-04-24
133,134,F,2,Etc,,78.4%,53.1,55.8,2025-02-12
134,135,F,1,Etc,14.8,91.8,55.4,68.6,2024-07-19
135,136,M,1,Etc,,84.89999999999999,64.5,100.0,2024-11-11
136,137,M,3,Seoul,11.7,85.9,63.7,70.0,2024-03-28
137,138,M,2,Seoul,18.1,89.3%,63.6,73.0,2024-11-28
138,139,F,2,Busan,11.5,85.7,75.8,61.3,2025-01-03
139,140,M,3,Seoul,14.8,84.5,66.5,58.2,2024-03-02
140,141,F,1,Gyeonggi,10.9,97.7,69.6,68.3,2024-09-27
141,142,F,2,Seoul,14.6,81.39999999999999,87.2,78.7,2024-05-22
142,143,M,3,Seoul,8.8,86.2,60.8,,2024-08-15
143,144,M,1,Seoul,12.1,86.6,67.3,71.6,2024-12-03
144,145,F,2,Daegu,17.5,97.8,60.2,91.4,2024-09-17
145,146,M,3,Daegu,20.0,97.8,89.8,60.0,2024-06-04
146,147,F,3,Gyeonggi,11.0,100.0,75.0,84.8,2024-08-31
147,148,F,3,Gyeonggi,11.6,89.5,,59.9,2024-08-12
148,149,F,1,Seoul,11.5,91.3,52.6,77.0,2024-03-18
149,150,F,2,Etc,16.6,86.3,74.8,69.8,2024-09-25
150,151,M,1,Gyeonggi,0.6,86.8,86.4,79.8,2024-09-25
151,152,F,2,Gyeonggi,19.5,100.0,55.2,73.9,2024-08-30
152,153,M,3,Gyeonggi,4.6,85.0,61.6,52.7,2024-10-14
153,154,F,2,Busan,9.2,93.4,54.0,56.5,2025-02-06
154,155,M,3,Gyeonggi,17.8,93.4,51.0,86.1,2024-06-15
155,156,M,3,Etc,11.9,92.60000000000001,63.0,69.6,2024-09-29
156,157,F,3,Gyeonggi,12.3,88.2,79.6,70.9,2024-12-03
157,158,F,2,Seoul,13.0,100.0,63.3,79.0,2024-08-01
158,159,M,1,Busan,13.7,99.3,100.0,77.7,2024-04-01
159,160,F,2,Seoul,10.6,89.1,61.9,69.8,2024-12-24
160,161,F,3,Seoul,11.1,100.0,74.5,65.8,2024-06-04
161,162,F,1,Gyeonggi,18.9,98.6,64.9,79.0,2024-03-08
162,163,M,3,Gyeonggi,18.6,93.10000000000001,63.1,65.1,2024-10-14
163,164,F,1,Seoul,25.7,81.39999999999999,46.1,54.9,2025-01-28
164,165,F,3,Gyeonggi,21.0,95.8%,70.0,30.3,2024-08-29
165,166,F,1,Busan,16.1,96.8,81.5,63.2,2024-09-27
166,167,F,3,Etc,17.1,93.5,79.3,72.0,2025-02-12
167,168,M,2,Gyeonggi,15.5,91.4,74.6,44.4,2024-09-06
168,169,M,2,Seoul,13.1,92.30000000000001,84.9,100.0,2024-07-04
169,170,F,3,Gyeonggi,4.6,94.1,67.1,100.0,2024-07-29
170,171,F,3,Etc,,94.1,76.2,73.1,2024-05-08
171,172,M,3,Busan,8.0,97.1,62.6,74.9,2024-12-05
172,173,M,2,Daegu,14.9,83.7,76.7,47.0,2024-05-19
173,174,F,2,Seoul,17.6,93.0,80.3,100.0,2024-04-11
174,175,M,1,Gyeonggi,2.8,89.3,75.2,63.2,2024-10-15
175,176,M,2,Gyeonggi,17.2,95.6,90.3,94.6,2024-07-07
176,177,M,2,Daegu,10.8,79.5,94.8,91.6,2024-04-13
177,178,F,1,Seoul,17.5,94.19999999999999%,54.2,55.2,2024-07-12
178,179,M,1,Busan,17.0,93.5,83.4,73.0,2024-11-20
179,180,F,1,Gyeonggi,6.4,96.0,60.3,67.5,2025-02-17
180,181,F,3,Seoul,9.5,100.0,63.2,53.3,2025-02-05
181,182,M,2,Gyeonggi,14.7,79.4%,49.5,68.3,2025-02-20
182,183,M,2,Daegu,3.4,94.3%,71.2,72.1,2024-06-21
183,184,M,1,Gyeonggi,11.1,86.7,49.8,74.9,2024-06-27
184,185,F,2,Seoul,20.5,100.0,94.4,81.4,2024-04-07
185,186,M,1,Seoul,17.6,92.7,79.4,56.9,2024-12-13
186,187,M,1,Gyeonggi,21.5,95.0,76.8,70.5,2024-03-31
187,188,F,3,Busan,8.7,88.3,61.1,65.9,2024-03-15
188,189,M,1,Etc,,85.1,94.3,65.0,2024-09-06
189,190,M,3,Gyeonggi,14.9,94.5,55.2,50.2,2024-04-29
190,191,F,1,Seoul,8.6,96.0,61.7,53.1,2024-08-17
191,192,M,3,Seoul,4.9,82.6,57.2,56.3,2024-09-13
192,193,M,1,Busan,19.9,93.7,63.1,73.5,2025-02-02
193,194,F,1,Busan,17.9,91.9,56.4,70.5,2024-11-30
194,195,M,2,Gyeonggi,10.9,93.10000000000001%,66.0,69.9,2024-10-17
195,196,M,3,Daegu,15.0,90.3,66.5,68.6,2024-03-19
196,197,M,1,Gyeonggi,21.8,89.0,81.7,67.3,2024-04-15
197,198,M,3,Seoul,7.4,83.89999999999999,92.5,40.7,2025-02-28
198,199,F,2,Seoul,20.5,88.6%,67.8,77.1,2024-08-20
199,200,M,2,Seoul,5.6,95.3,94.3,89.9,2024-08-27
200,201,F,3,Etc,5.2,100.0,81.5,62.1,2024-12-27
201,202,F,1,Etc,13.1,95.5,75.9,57.8,2025-01-28
202,203,M,2,Gyeonggi,9.1,79.3,84.2,79.8,2024-06-01
203,204,M,2,Etc,11.5,99.8,94.7,93.3,2024-07-16
204,205,M,2,Etc,10.6,94.6,58.0,74.3,2024-04-30
205,206,F,1,Etc,17.7,100.0,90.3,95.9,2025-02-07
206,207,M,3,Seoul,9.5,100.0%,79.8,97.3,2024-12-13
207,208,M,1,Seoul,4.5,100.0,79.0,83.3,2024-05-11
208,209,M,1,Gyeonggi,11.4,94.3,77.6,,2024-10-08
209,210,F,1,Gyeonggi,26.4,92.0,75.9,50.2,2024-08-04
210,211,M,3,Gyeonggi,5.1,99.3,83.0,54.7,2025-02-21
211,212,M,3,Etc,13.0,89.5,81.9,62.5,2024-11-28
212,213,M,3,Busan,4.4,91.2,96.3,79.7,2024-12-27
213,214,F,1,Gyeonggi,2.7,99.2,60.6,79.9,2024-11-28
214,215,M,1,Daegu,8.3,98.8,51.5,55.6,2024-04-22
215,216,F,2,Gyeonggi,,88.3,46.3,82.8,2024-12-10
216,217,F,1,Etc,20.2,97.7,56.8,58.9,2024-05-24
217,218,F,2,Gyeonggi,12.6,85.7,72.3,57.0,2024-07-08
218,219,F,1,Seoul,11.1,88.3,66.4,48.4,2025-01-09
219,220,M,2,Seoul,15.1,96.39999999999999,60.5,51.7,2024-03-24
220,221,F,3,Gyeonggi,8.4,100.0%,85.1,83.2,2024-04-04
221,222,F,1,Gyeonggi,11.3,99.9%,42.0,60.0,2024-08-08
222,223,F,2,Etc,16.3,93.7,34.5,40.5,2024-11-18
223,224,F,2,Gyeonggi,2.5,80.4,77.4,56.4,2024-06-12
224,225,M,1,Seoul,8.5,88.7,90.3,77.3,2025-01-19
225,226,M,1,Gyeonggi,10.9,93.30000000000001,79.3,45.0,2024-03-26
226,227,F,2,Busan,14.7,94.8,,56.0,2024-04-22
227,228,F,3,Seoul,2.3,90.2,75.1,63.4,2024-09-19
228,229,F,1,Etc,1.1,80.10000000000001,80.5,78.1,2024-12-08
229,230,F,3,Seoul,0.0,87.9,71.9,60.8,2024-06-14
230,231,F,3,Busan,7.2,91.10000000000001,,58.7,2024-10-13
231,232,M,2,Seoul,16.4,86.4,83.5,72.1,2024-08-31
232,233,M,3,Busan,14.7,95.7,44.6,100.0,2024-04-19
233,234,F,3,Gyeonggi,17.3,85.0%,74.8,81.3,2024-04-17
234,235,F,1,Etc,11.0,90.60000000000001,74.3,60.3,2025-02-12
235,236,F,1,Seoul,11.0,88.9,63.9,71.0,2024-12-08
236,237,M,1,Gyeonggi,11.2,78.3,82.5,78.8,2025-01-18
237,238,F,3,Gyeonggi,9.1,89.1,76.4,59.9,2025-01-16
238,239,M,2,Etc,27.2,91.3,56.7,69.5,2024-04-09
239,240,M,2,Seoul,14.3,99.2,40.3,83.7,2024-05-07
240,241,M,2,Daegu,6.8,96.39999999999999,62.6,44.3,2024-10-01
241,242,F,3,Gyeonggi,10.7,92.9,72.7,73.3,2024-11-16
242,243,F,3,Etc,17.4,90.0,66.9,43.8,2024-06-23
243,244,F,3,Seoul,0.4,95.1,80.1,71.6,2025-02-28
244,245,M,2,Seoul,10.4,94.0,85.2,50.7,2024-03-25
245,246,F,3,Gyeonggi,,78.8,82.9,61.4,2025-01-16
246,247,M,3,Busan,15.6,82.6,58.6,80.9,2025-01-10
247,248,M,1,Seoul,,76.3%,63.2,76.9,2024-03-04
248,249,F,2,Gyeonggi,17.2,99.4,88.5,56.8,2024-11-30
249,250,F,1,Gyeonggi,11.4,72.8%,88.8,43.7,2025-02-02
250,251,F,2,Seoul,6.1,100.0,79.6,73.3,2025-02-21
251,252,M,3,Busan,10.8,96.6,86.6,57.2,2024-07-24
252,253,F,2,Gyeonggi,19.9,91.2,78.1,76.5,2024-10-11
253,254,F,3,Seoul,14.7,97.1,98.1,65.5,2024-10-23
254,255,M,1,Gyeonggi,11.9,85.3,100.0,100.0,2024-06-21
255,256,M,3,Seoul,2.9,86.4,64.5,66.4,2024-12-29
256,257,M,3,Gyeonggi,9.9,94.6,82.3,64.9,2025-02-07
257,258,F,1,Etc,16.7,88.8,33.9,88.8,2024-04-03
258,259,M,3,Gyeonggi,17.4,91.0,68.9,74.3,2024-06-01
259,260,F,3,Busan,2.0,87.2,79.2,67.9,2025-01-30
260,261,F,1,Seoul,5.6,88.5,42.0,47.7,2024-11-28
261,262,M,2,Busan,10.5,92.30000000000001,95.8,69.3,2025-01-28
262,263,M,1,Etc,9.8,100.0,67.2,66.3,2024-10-18
263,264,F,3,Busan,15.8,92.9,84.9,66.2,2025-02-27
264,265,F,2,Etc,2.6,87.9,33.1,68.2,2024-10-03
265,266,F,1,Seoul,7.7,95.89999999999999,53.8,83.3,2024-11-19
266,267,F,1,Gyeonggi,17.0,86.7%,88.0,77.7,2024-09-09
267,268,F,1,Seoul,,89.9,70.3,46.9,2024-04-21
268,269,M,1,Gyeonggi,3.3,100.0,79.4,58.7,2024-06-25
269,270,F,2,Gyeonggi,15.6,85.7,77.3,76.0,2024-05-22
270,271,F,1,Seoul,3.5,94.69999999999999%,71.8,69.3,2024-07-09
271,272,F,1,Etc,15.6,89.7,100.0,73.5,2024-03-29
272,273,M,3,Busan,16.2,88.0,79.9,55.4,2024-09-20
273,274,F,1,Busan,13.0,89.8,80.8,92.0,2024-11-19
274,275,F,1,Seoul,,77.9,51.7,77.6,2024-07-01
275,276,M,2,Gyeonggi,,84.3,91.0,97.2,2024-12-27
276,277,M,3,Seoul,20.6,96.89999999999999,89.5,97.6,2024-09-11
277,278,M,3,Seoul,3.2,90.2,25.6,65.8,2024-10-18
278,279,F,1,Gyeonggi,8.0,82.8,76.4,53.5,2024-03-06
279,280,F,1,Daegu,10.4,79.2,72.3,78.7,2024-04-23
280,281,M,1,Busan,12.2,88.5%,59.8,87.8,2024-09-16
281,282,M,3,Seoul,15.2,89.9,96.3,91.2,2024-05-16
282,283,F,1,Seoul,14.6,91.3,61.0,84.1,2025-02-07
283,284,M,1,Seoul,13.3,100.0,78.3,87.9,2024-10-25
284,285,M,2,Busan,10.8,87.2,51.2,63.6,2024-10-30
285,286,M,2,Etc,6.5,91.4,66.4,,2025-02-21
286,287,F,1,Gyeonggi,18.0,93.0,56.2,68.1,2024-09-11
287,288,M,1,Seoul,14.3,78.9,86.1,71.9,2024-08-18
288,289,F,1,Seoul,16.3,97.3,75.7,91.0,2024-07-02
289,290,F,2,Daegu,10.7,88.2,48.8,81.7,2024-12-06
290,291,F,1,Busan,16.4,93.8,72.3,55.0,2024-10-31
291,292,M,1,Etc,0.0,89.9,84.6,92.7,2024-06-01
292,293,F,2,Etc,18.5,98.8,55.4,76.3,2024-04-13
293,294,F,3,Seoul,10.8,92.80000000000001,61.3,69.3,2024-04-15
294,295,F,3,Seoul,9.3,96.89999999999999,67.8,47.9,2025-02-20
295,296,M,2,Seoul,8.8,95.1,75.4,64.9,2024-06-03
296,297,M,1,Gyeonggi,8.2,89.5,73.9,81.9,2025-02-22
297,298,M,3,Gyeonggi,,84.89999999999999%,93.9,72.5,2024-04-05
298,299,M,3,Daegu,13.3,82.0%,60.0,63.3,2024-09-18
299,300,F,3,Seoul,21.6,73.2,87.5,75.2,2024-11-11
300,301,M,1,Seoul,12.2,94.8%,76.5,70.1,2024-12-22
301,302,F,3,Gyeonggi,5.0,85.5,91.9,100.0,2024-03-12
302,303,F,1,Seoul,25.6,100.0,81.8,63.6,2024-08-26
303,304,F,3,Daegu,11.7,92.9,69.1,71.1,2024-04-12
304,305,F,3,Seoul,11.1,100.0,65.9,70.7,2024-10-27
305,306,M,1,Gyeonggi,,97.8,83.7,76.0,2024-12-29
306,307,F,3,Seoul,3.6,92.4,83.4,68.7,2024-03-08
307,308,F,3,Etc,19.3,88.7,86.6,75.9,2024-08-22
308,309,F,1,Seoul,4.8,95.39999999999999,64.5,77.8,2024-07-29
309,310,F,3,Gyeonggi,18.0,90.2,50.1,89.9,2024-10-31
310,311,F,1,Gyeonggi,10.3,82.3,71.1,28.7,2024-06-11
311,312,F,1,Etc,15.5,86.9,84.3,42.8,2024-10-13
312,313,M,1,Daegu,10.2,91.4,57.9,51.4,2024-12-03
313,314,M,1,Etc,13.9,94.3%,69.1,81.9,2024-11-18
314,315,F,1,Gyeonggi,11.9,83.39999999999999,94.2,73.5,2025-02-04
315,316,M,3,Seoul,12.2,86.8,53.9,79.7,2024-03-05
316,317,M,1,Seoul,19.5,99.1,73.9,80.0,2024-09-04
317,318,F,2,Seoul,,85.39999999999999,60.9,61.9,2024-06-12
318,319,M,1,Gyeonggi,5.4,85.0,62.6,87.6,2025-01-22
319,320,F,2,Gyeonggi,2.4,100.0,68.6,79.3,2024-08-02
320,321,F,2,Seoul,8.6,94.1,81.8,85.3,2024-06-28
321,322,F,1,Busan,15.9,84.3,49.9,59.3,2024-11-25
322,323,F,1,Gyeonggi,15.6,96.1%,72.2,51.9,2024-06-19
323,324,F,3,Seoul,16.8,90.0,96.2,57.0,2024-05-07
324,325,F,2,Gyeonggi,14.5,91.60000000000001%,95.3,73.5,2024-10-21
325,326,M,2,Etc,14.3,88.0,77.7,45.2,2024-07-02
326,327,F,3,Seoul,7.5,89.4,72.8,76.5,2024-10-18
327,328,F,3,Gyeonggi,15.4,99.6,19.2,98.8,2024-03-13
328,329,F,3,Gyeonggi,21.0,100.0,28.6,75.4,2024-08-31
329,330,M,3,Seoul,11.2,100.0,70.3,76.0,2025-01-21
330,331,M,1,Seoul,16.0,84.3%,61.2,68.6,2025-02-20
331,332,M,1,Gyeonggi,8.6,99.8,27.0,69.4,2024-12-15
332,333,F,3,Seoul,18.3,92.9,78.8,72.7,2024-06-13
333,334,F,2,Gyeonggi,16.0,95.0%,77.9,58.1,2024-11-29
334,335,M,2,Gyeonggi,12.8,88.2,72.5,59.0,2024-06-17
335,336,F,3,Seoul,6.3,97.1,64.5,63.4,2024-04-02
336,337,M,2,Seoul,14.1,86.2,58.4,73.6,2024-07-02
337,338,M,3,Gyeonggi,21.9,100.0,89.5,48.6,2024-03-04
338,339,F,3,Gyeonggi,12.8,84.1,80.2,50.8,2024-12-09
339,340,M,3,Etc,25.8,89.1%,66.7,47.4,2024-10-23
340,341,F,2,Gyeonggi,4.4,91.5,57.3,53.8,2024-04-16
341,342,F,3,Gyeonggi,7.5,83.3,52.8,73.3,2024-05-20
342,343,M,1,Etc,7.8,97.7,76.2,56.2,2024-03-21
343,344,M,3,Daegu,12.1,100.0,81.8,76.0,2024-11-23
344,345,M,1,Gyeonggi,17.6,95.19999999999999,71.4,100.0,2024-09-10
345,346,M,2,Gyeonggi,8.8,86.2,56.6,86.1,2024-09-25
346,347,F,3,Gyeonggi,12.1,81.89999999999999,,95.0,2024-05-01
347,348,F,3,Seoul,15.5,100.0,67.2,53.6,2024-12-24
348,349,F,2,Seoul,12.9,100.0,68.9,100.0,2024-04-18
349,350,F,3,Seoul,12.5,98.9,81.8,99.6,2024-10-04
350,351,F,1,Gyeonggi,11.6,99.3,58.3,52.1,2024-11-21
351,352,M,3,Seoul,20.6,97.5,74.7,52.3,2024-12-10
352,353,F,1,Seoul,7.3,87.0,100.0,82.4,2024-05-14
353,354,M,2,Seoul,21.3,94.1,79.6,62.3,2024-11-21
354,355,F,1,Seoul,8.5,89.8%,57.2,81.5,2024-12-09
355,356,F,1,Gyeonggi,16.0,92.9,58.4,72.1,2024-04-14
356,357,F,3,Gyeonggi,15.4,100.0,58.2,87.4,2025-02-06
357,358,M,3,Busan,12.0,88.5%,59.8,95.0,2024-03-18
358,359,M,1,Gyeonggi,12.3,87.5,75.4,73.1,2024-04-08
359,360,F,3,Etc,14.8,83.1,80.9,82.7,2025-01-29
360,361,M,1,Busan,10.8,93.30000000000001,57.6,62.8,2024-09-06
361,362,M,2,Daegu,8.3,87.5,95.0,72.5,2024-12-03
362,363,F,2,Gyeonggi,18.8,80.2,67.8,81.4,2024-05-20
363,364,M,3,Gyeonggi,10.2,88.8,97.2,48.7,2024-12-27
364,365,M,2,Etc,12.4,91.60000000000001,100.0,63.1,2024-06-03
365,366,M,3,Gyeonggi,10.8,92.4,50.3,87.9,2024-05-15
366,367,M,2,Gyeonggi,13.7,90.8%,97.2,70.2,2024-05-11
367,368,M,2,Busan,16.4,86.7,56.3,25.7,2024-07-04
368,369,F,1,Gyeonggi,7.8,92.7,69.7,77.2,2024-12-23
369,370,F,3,Gyeonggi,0.0,92.60000000000001,56.6,71.8,2024-06-16
370,371,M,3,Busan,25.2,85.2,82.1,67.7,2024-11-19
371,372,F,2,Seoul,5.0,92.60000000000001,60.2,83.0,2024-03-15
372,373,M,2,Etc,13.5,97.3,73.0,100.0,2024-03-28
373,374,M,2,Etc,6.4,87.3,66.7,76.5,2024-08-13
374,375,M,1,Gyeonggi,11.7,87.7,58.0,60.7,2024-10-14
375,376,F,3,Gyeonggi,1.1,87.8,61.0,66.2,2024-05-08
376,377,F,3,Gyeonggi,24.2,97.2,,79.6,2024-12-29
377,378,M,2,Gyeonggi,10.8,80.2,62.3,50.4,2025-02-21
378,379,F,1,Busan,11.2,91.4,86.1,88.9,2024-05-27
379,380,M,2,Seoul,16.9,81.6,52.5,57.2,2024-10-31
380,381,F,2,Seoul,,95.3,71.7,52.9,2024-04-16
381,382,M,1,Seoul,,91.10000000000001%,74.1,60.2,2025-02-09
382,383,F,3,Busan,20.1,99.3,77.2,75.2,2024-08-26
383,384,F,1,Gyeonggi,0.0,86.7,65.6,66.8,2024-05-15
384,385,M,1,Daegu,13.4,98.2,77.8,63.7,2024-06-26
385,386,M,1,Gyeonggi,3.1,87.5%,83.9,81.1,2024-11-11
386,387,M,3,Seoul,14.3,87.6,60.2,81.4,2024-06-03
387,388,F,2,Etc,15.6,86.4,85.9,63.7,2025-02-15
388,389,M,2,Daegu,11.0,89.5,60.6,61.8,2024-10-13
389,390,F,1,Seoul,8.6,91.4,33.5,79.4,2024-09-26
390,391,F,2,Seoul,7.3,85.0,94.6,82.2,2024-03-31
391,392,M,3,Seoul,11.9,88.6,47.4,88.4,2025-01-13
392,393,M,1,Daegu,9.5,98.4,79.8,95.2,2025-02-18
393,394,F,3,Seoul,6.3,92.4%,,63.6,2024-12-16
394,395,M,3,Seoul,,100.0,,75.0,2024-06-25
395,396,M,1,Seoul,9.4,95.89999999999999,87.0,63.9,2024-08-16
396,397,F,2,Etc,28.6,94.19999999999999,86.2,71.7,2025-02-05
397,398,F,2,Seoul,9.9,92.30000000000001%,77.0,67.1,2024-08-22
398,399,M,1,Seoul,,96.8,62.5,100.0,2024-03-10
399,400,M,2,Busan,16.1,92.30000000000001,100.0,82.9,2024-07-19
400,401,F,1,Gyeonggi,23.4,95.0,95.1,89.7,2024-08-01
401,402,F,2,Seoul,7.0,96.6,45.8,95.8,2024-11-28
402,403,M,2,Gyeonggi,11.0,87.0,90.8,57.7,2024-10-11
403,404,F,1,Gyeonggi,7.8,100.0,35.4,80.2,2024-05-16
404,405,M,3,Gyeonggi,19.3,96.8,74.2,76.6,2024-12-07
405,406,F,2,Daegu,16.4,82.6,83.8,71.3,2024-05-01
406,407,F,1,Busan,15.9,100.0,49.1,78.8,2024-10-25
407,408,F,3,Etc,7.0,83.89999999999999,62.2,77.7,2025-01-26
408,409,M,3,Seoul,12.7,98.5,,27.4,2024-08-04
409,410,F,1,Gyeonggi,18.6,83.5,66.5,100.0,2024-06-29
410,411,F,3,Busan,21.6,83.0,96.7,,2025-02-27
411,412,F,2,Seoul,10.3,92.60000000000001,71.2,48.3,2024-03-03
412,413,F,3,Gyeonggi,15.4,100.0,64.4,87.2,2025-01-12
413,414,F,1,Gyeonggi,18.2,92.60000000000001,40.8,80.3,2024-08-19
414,415,M,1,Etc,,88.7,83.5,76.9,2024-04-16
415,416,M,1,Daegu,18.8,84.0,76.5,92.9,2024-08-18
416,417,F,2,Seoul,0.4,100.0,35.3,70.8,2024-11-19
417,418,F,1,Daegu,15.8,95.5,80.1,64.6,2024-09-26
418,419,F,2,Seoul,12.4,88.2%,76.7,61.7,2024-09-25
419,420,F,3,Daegu,,90.9,51.3,60.3,2024-04-12
420,421,F,2,Busan,25.1,100.0,55.8,78.7,2024-06-04
421,422,F,3,Daegu,16.7,100.0,44.2,89.9,2024-03-01
422,423,F,2,Gyeonggi,2.4,95.7,57.2,91.6,2024-09-19
423,424,F,3,Daegu,6.0,91.5,69.3,62.8,2024-06-07
424,425,F,1,Busan,16.4,87.7,83.9,72.6,2025-02-04
425,426,F,3,Seoul,16.7,87.5,62.6,79.4,2024-08-10
426,427,F,3,Gyeonggi,22.4,100.0,56.6,62.2,2024-07-13
427,428,F,1,Gyeonggi,17.5,93.10000000000001,88.5,49.4,2024-07-19
428,429,F,2,Etc,6.4,94.3,62.2,87.6,2024-12-01
429,430,M,2,Gyeonggi,25.6,100.0,51.3,80.1,2025-02-10
430,431,M,2,Etc,10.1,78.2,79.8,75.0,2024-09-29
431,432,F,3,Seoul,13.7,100.0,86.9,69.4,2024-07-04
432,433,F,2,Gyeonggi,8.0,85.39999999999999,82.5,94.9,2024-06-01
433,434,F,2,Gyeonggi,16.5,82.1%,85.1,80.0,2025-02-12
434,435,M,3,Seoul,21.3,83.3,91.9,84.0,2024-04-16
435,436,M,3,Seoul,20.7,81.6,62.3,62.1,2024-08-26
436,437,F,3,Seoul,12.4,97.89999999999999,,72.0,2025-02-21
437,438,M,2,Seoul,12.0,96.2,67.6,91.9,2024-06-26
438,439,M,2,Etc,16.7,99.2,73.1,79.3,2024-06-09
439,440,M,3,Busan,10.6,84.7,87.8,71.1,2024-12-30
440,441,M,1,Gyeonggi,18.2,96.0,,52.3,2024-07-10
441,442,F,2,Daegu,20.2,94.5,82.2,99.7,2024-10-05
442,443,M,3,Seoul,14.4,90.5,83.3,51.7,2024-11-13
443,444,M,2,Seoul,8.9,99.7,80.0,83.4,2024-12-17
444,445,M,3,Gyeonggi,11.8,86.9%,84.7,78.6,2025-01-10
445,446,M,1,Seoul,20.4,76.1,78.3,99.9,2024-05-13
446,447,F,1,Busan,30.0,99.4,60.8,76.0,2024-09-10
447,448,M,2,Seoul,16.9,97.3,61.7,79.4,2025-02-27
448,449,F,2,Etc,8.6,88.6,70.1,90.1,2024-05-06
449,450,M,2,Gyeonggi,7.9,92.10000000000001,,70.2,2024-04-10
450,451,F,2,Gyeonggi,12.4,91.5,94.6,37.4,2024-07-15
451,452,M,1,Gyeonggi,17.7,89.5,64.6,92.7,2024-10-04
452,453,M,2,Seoul,4.3,94.5,70.3,83.0,2024-12-11
453,454,M,1,Seoul,12.9,92.7,59.7,86.8,2024-09-14
454,455,M,3,Seoul,15.9,90.0%,65.4,65.3,2025-02-26
455,456,F,2,Gyeonggi,16.9,91.3%,86.8,76.4,2024-03-25
456,457,F,2,Daegu,12.6,81.89999999999999,67.0,36.4,2024-07-07
457,458,M,2,Busan,3.5,87.2,70.1,100.0,2024-11-26
458,459,F,1,Gyeonggi,21.1,87.4,96.3,86.1,2024-05-10
459,460,M,1,Etc,20.7,91.2,51.5,82.3,2024-05-25
460,461,F,2,Etc,13.1,92.7,83.1,81.9,2024-09-18
461,462,M,1,Gyeonggi,9.6,97.1%,78.9,82.1,2024-09-13
462,463,F,2,Busan,11.1,90.7,85.3,93.3,2024-10-01
463,464,F,1,Gyeonggi,10.3,87.5,63.3,89.9,2024-10-01
464,465,F,1,Busan,13.3,98.5,50.3,73.4,2025-01-24
465,466,M,1,Gyeonggi,,96.6,95.1,59.5,2024-04-17
466,467,F,1,Gyeonggi,,91.3%,40.5,78.9,2024-09-10
467,468,M,2,Seoul,2.8,85.5,68.1,64.4,2025-01-31
468,469,M,3,Busan,10.6,100.0,62.9,84.7,2024-03-30
469,470,M,3,Seoul,13.0,87.8,77.9,70.0,2024-10-24
470,471,M,1,Seoul,3.9,95.1%,44.4,69.9,2024-03-10
471,472,F,1,Gyeonggi,13.9,85.8,51.2,45.8,2024-06-08
472,473,F,2,Gyeonggi,18.5,96.2,51.3,79.0,2024-08-26
473,474,F,1,Seoul,9.1,89.7,75.6,88.2,2024-03-21
474,475,M,3,Etc,17.9,96.2,46.1,82.7,2024-12-18
475,476,M,3,Gyeonggi,6.9,89.3,44.2,76.0,2024-04-29
476,477,M,1,Seoul,14.8,100.0%,88.3,79.3,2024-07-09
477,478,F,1,Etc,5.5,91.8,82.9,80.0,2024-06-21
478,479,F,1,Gyeonggi,10.8,93.4,77.7,74.9,2024-05-03
479,480,F,1,Busan,4.6,96.1,34.5,76.0,2024-07-11
480,481,M,2,Gyeonggi,11.6,100.0,43.0,85.1,2024-10-10
481,482,M,3,Etc,15.3,90.4,52.6,52.8,2024-10-22
482,483,M,1,Gyeonggi,20.1,86.0,49.0,90.9,2024-04-28
483,484,M,1,Gyeonggi,7.3,91.8,75.9,99.4,2024-12-10
484,485,F,3,Seoul,9.5,80.60000000000001,63.9,94.2,2024-08-26
485,486,M,1,Etc,1.4,82.3,75.4,21.8,2024-09-28
486,487,F,1,Etc,15.5,100.0,58.7,67.1,2024-12-25
487,488,F,2,Busan,6.6,92.9,36.2,36.7,2024-05-21
488,489,M,2,Seoul,6.8,92.2,49.3,92.2,2024-03-28
489,490,F,1,Daegu,11.2,86.9,73.0,98.5,2024-03-03
490,491,M,3,Gyeonggi,19.3,80.10000000000001,91.1,48.8,2024-07-27
491,492,M,3,Etc,6.5,100.0,80.2,76.9,2024-10-29
492,493,F,3,Seoul,18.9,93.5,65.2,90.9,2025-01-18
493,494,M,3,Seoul,16.4,84.6,75.6,53.6,2024-12-06
494,495,M,2,Daegu,12.3,88.2,72.9,38.4,2024-11-22
495,496,M,1,Gyeonggi,17.4,87.2,70.9,64.8,2024-10-19
496,497,F,3,Gyeonggi,11.8,94.69999999999999,58.7,51.5,2024-03-18
497,498,M,1,Gyeonggi,5.2,100.0,66.4,62.6,2024-05-12
498,499,M,3,Etc,12.1,82.6,63.6,48.4,2024-12-14
499,500,M,1,Seoul,11.1,94.1,66.2,63.7,2024-04-01
500,501,M,2,Gyeonggi,5.1,88.9,47.6,45.3,2024-08-13
501,502,M,2,Seoul,18.2,84.2%,,100.0,2024-08-19
502,503,F,1,Daegu,7.3,85.8,55.2,55.7,2024-04-29
503,504,F,3,Gyeonggi,2.4,100.0,57.7,69.3,2024-07-12
504,505,M,2,Gyeonggi,6.6,80.80000000000001,63.1,75.9,2024-06-15
505,506,M,3,Gyeonggi,14.3,90.60000000000001,92.7,54.7,2024-04-15
506,507,F,2,Seoul,18.7,91.2,100.0,79.0,2025-02-17
507,508,F,1,Daegu,13.6,88.4,83.4,62.3,2024-07-04
508,509,F,2,Gyeonggi,13.0,97.7%,79.2,90.5,2024-08-16
509,510,F,1,Daegu,25.7,96.39999999999999,,59.6,2024-09-18
510,511,F,1,Gyeonggi,6.6,99.5,82.2,57.5,2024-03-06
511,512,F,1,Seoul,8.7,100.0,70.3,100.0,2024-06-30
512,513,M,2,Busan,10.4,99.9,83.9,88.5,2024-11-04
513,514,M,2,Etc,5.1,95.3,91.3,77.1,2024-08-20
514,515,F,3,Daegu,8.3,79.9,68.0,60.2,2024-03-05
515,516,M,2,Gyeonggi,22.7,88.2,84.9,49.8,2024-10-07
516,517,F,2,Busan,11.2,96.1,87.7,,2024-08-22
517,518,F,1,Daegu,14.1,95.7,92.2,62.4,2024-06-24
518,519,M,3,Seoul,5.9,83.5,94.2,43.0,2024-09-14
519,520,F,3,Seoul,11.0,88.5,82.5,89.7,2024-05-19
520,521,M,3,Etc,19.2,97.0,58.2,68.8,2024-05-22
521,522,F,1,Etc,8.7,89.9,66.8,54.5,2024-03-07
522,523,M,1,Busan,23.1,94.19999999999999,92.9,63.4,2024-08-24
523,524,M,2,Gyeonggi,14.4,94.1,45.1,54.7,2025-01-23
524,525,F,3,Etc,20.7,91.0,69.6,67.2,2024-04-06
525,526,F,3,Daegu,17.9,97.1,83.5,79.6,2024-05-21
526,527,F,1,Gyeonggi,16.7,88.6,72.5,44.1,2024-10-24
527,528,M,2,Etc,15.0,91.5,50.9,80.6,2024-07-08
528,529,M,1,Daegu,14.4,91.10000000000001,61.6,89.5,2024-07-07
529,530,F,2,Gyeonggi,19.6,83.1,89.3,64.7,2024-04-06
530,531,F,2,Gyeonggi,8.0,79.3,91.5,81.5,2024-10-01
531,532,F,1,Gyeonggi,14.8,88.6,44.9,77.5,2024-04-28
532,533,M,2,Gyeonggi,3.9,77.7,66.3,89.2,2024-10-06
533,534,M,1,Etc,21.8,100.0,47.9,52.9,2025-02-26
534,535,F,1,Gyeonggi,16.9,97.5%,71.9,,2024-05-13
535,536,F,3,Seoul,15.2,93.5%,55.0,96.7,2024-05-26
536,537,F,1,Seoul,8.8,94.0,71.6,56.0,2025-02-08
537,538,F,2,Seoul,12.0,82.0,56.0,38.0,2024-04-19
538,539,F,3,Etc,14.8,100.0,82.9,59.1,2024-03-09
539,540,M,2,Seoul,0.0,99.0,60.8,100.0,2024-10-28
540,541,F,2,Etc,15.1,91.5,58.4,71.3,2024-11-20
541,542,M,3,Gyeonggi,9.7,95.7%,55.2,66.9,2024-05-13
542,543,M,1,Gyeonggi,20.2,83.0,49.3,49.8,2024-08-03
543,544,M,2,Busan,16.7,88.9,49.2,73.1,2025-01-19
544,545,F,2,Seoul,16.0,93.4,54.0,76.7,2024-10-10
545,546,M,2,Gyeonggi,19.1,83.2,66.4,75.8,2024-07-17
546,547,F,1,Gyeonggi,17.3,83.89999999999999,50.8,82.2,2024-08-27
547,548,F,2,Seoul,25.8,86.0%,58.0,62.7,2024-08-12
548,549,F,2,Busan,15.3,89.4,85.6,78.1,2024-12-02
549,550,M,2,Busan,20.7,100.0,88.2,76.3,2024-07-29
550,551,M,3,Gyeonggi,21.8,94.8,47.1,91.4,2024-12-27
551,552,M,3,Gyeonggi,11.9,94.69999999999999,90.6,79.5,2024-09-16
552,553,F,3,Seoul,18.2,80.80000000000001,72.7,87.9,2024-05-11
553,554,M,1,Seoul,15.9,88.5,79.1,92.1,2024-05-22
554,555,F,1,Busan,10.8,82.5,,,2024-09-13
555,556,F,1,Gyeonggi,18.1,94.0,76.3,48.6,2024-03-20
556,557,M,2,Busan,16.3,88.8,32.8,96.9,2025-01-26
557,558,F,1,Etc,28.2,100.0,67.0,69.0,2024-06-25
558,559,M,2,Gyeonggi,17.0,91.0,77.4,63.9,2024-10-17
559,560,M,2,Seoul,18.0,86.5,72.5,81.8,2024-11-03
560,561,M,1,Busan,20.3,100.0,68.6,58.7,2024-05-08
561,562,M,3,Seoul,15.1,91.8,45.6,74.0,2025-02-15
562,563,M,1,Etc,13.4,84.1,92.4,69.0,2024-04-06
563,564,M,1,Seoul,12.8,80.30000000000001,56.1,79.6,2024-03-25
564,565,F,1,Gyeonggi,3.4,91.10000000000001,60.6,83.6,2024-05-18
565,566,F,3,Gyeonggi,10.0,95.1,67.7,68.3,2025-01-27
566,567,M,2,Seoul,22.4,92.80000000000001,67.3,85.6,2024-12-07
567,568,F,2,Seoul,,87.2,70.2,51.9,2024-04-20
568,569,F,1,Daegu,11.1,91.9,49.1,82.7,2024-05-11
569,570,F,2,Busan,20.0,85.2,61.5,65.3,2024-08-25
570,571,F,3,Gyeonggi,21.3,85.8,63.0,79.9,2024-06-04
571,572,F,1,Seoul,13.5,78.8,62.6,76.4,2024-05-05
572,573,M,3,Busan,26.8,89.8,75.1,66.9,2024-04-10
573,574,M,1,Gyeonggi,13.7,96.5,69.7,65.0,2024-04-02
574,575,F,3,Gyeonggi,10.8,90.9,81.6,100.0,2024-03-19
575,576,M,1,Gyeonggi,14.0,91.3,82.0,79.0,2024-06-13
576,577,M,3,Seoul,13.9,100.0,60.6,40.4,2025-02-03
577,578,F,2,Seoul,15.4,100.0,68.5,58.1,2025-01-11
578,579,F,3,Daegu,12.5,87.8,52.4,100.0,2024-05-22
579,580,M,1,Seoul,18.4,93.10000000000001,73.4,71.8,2024-08-09
580,581,M,1,Etc,5.4,100.0,58.5,62.1,2025-01-24
581,582,F,1,Seoul,13.3,83.3,79.0,35.5,2024-05-10
582,583,F,1,Busan,11.2,80.60000000000001,44.1,75.0,2024-03-22
583,584,F,3,Gyeonggi,15.0,86.9,46.1,78.3,2024-04-21
584,585,F,2,Gyeonggi,0.1,88.8,68.7,67.6,2024-10-12
585,586,F,2,Seoul,14.8,100.0,79.4,64.8,2025-01-05
586,587,M,2,Gyeonggi,12.8,85.39999999999999,89.8,58.6,2024-09-29
587,588,M,1,Seoul,2.5,84.39999999999999,64.3,77.9,2024-12-01
588,589,M,2,Seoul,14.4,100.0,57.2,54.9,2024-03-01
589,590,F,1,Seoul,12.1,88.6,67.6,80.5,2024-06-26
590,591,F,3,Seoul,20.5,94.5,63.9,51.4,2024-11-24
591,592,F,3,Busan,13.3,94.39999999999999%,55.2,70.8,2024-10-07
592,593,F,1,Gyeonggi,15.4,98.1,65.5,59.0,2024-09-09
593,594,F,1,Seoul,18.9,92.80000000000001,70.3,100.0,2024-08-23
594,595,F,1,Seoul,,85.8,44.2,81.0,2024-10-26
595,596,F,2,Seoul,9.5,93.10000000000001,92.7,67.6,2024-03-06
596,597,M,3,Seoul,17.1,95.6,68.0,56.6,2024-08-07
597,598,M,1,Gyeonggi,12.9,91.4,69.3,51.7,2024-04-29
598,599,M,2,Etc,9.5,90.7%,60.9,72.2,2024-08-16
599,600,F,3,Seoul,13.8,100.0,66.6,87.0,2024-08-25
600,601,F,2,Gyeonggi,4.0,84.6,51.7,81.7,2025-01-27
601,602,F,1,Busan,,97.3,68.1,70.8,2024-07-14
602,603,F,2,Gyeonggi,4.0,94.0,77.7,68.4,2025-02-12
603,604,M,1,Seoul,11.8,97.2,61.2,90.0,2024-04-01
604,605,M,3,Seoul,4.1,89.2%,70.0,58.5,2024-09-26
605,606,M,2,Seoul,14.1,97.3,62.7,100.0,2025-02-14
606,607,F,2,Seoul,18.2,94.5,50.5,,2024-10-30
607,608,F,1,Etc,17.0,88.3,73.8,49.1,2024-06-14
608,609,M,1,Etc,4.2,81.0,94.0,,2024-10-01
609,610,F,1,Daegu,3.7,76.8,64.5,75.3,2024-07-02
610,611,F,2,Gyeonggi,8.3,91.10000000000001,78.4,71.3,2024-04-03
611,612,M,2,Busan,11.4,86.1,65.8,87.5,2025-01-17
612,613,M,3,Daegu,3.0,88.7,82.5,53.7,2024-12-13
613,614,F,2,Gyeonggi,8.0,86.5,60.9,91.4,2024-07-05
614,615,F,1,Seoul,8.0,90.9,73.3,,2024-09-29
615,616,F,3,Seoul,9.4,91.2,92.4,69.4,2024-10-16
616,617,F,2,Gyeonggi,0.0,98.6,75.5,68.3,2024-11-14
617,618,F,1,Seoul,3.3,85.8%,53.4,48.9,2025-02-11
618,619,M,3,Etc,8.8,95.39999999999999,73.5,83.9,2024-08-19
619,620,M,3,Gyeonggi,7.1,84.0,65.3,93.4,2024-12-24
620,621,F,2,Seoul,10.9,73.0,70.8,64.7,2024-12-20
621,622,M,2,Gyeonggi,9.2,95.0,79.2,57.0,2024-06-22
622,623,M,3,Seoul,12.6,84.8,75.3,76.1,2024-08-19
623,624,M,1,Gyeonggi,2.7,100.0,71.3,,2024-07-12
624,625,F,2,Daegu,10.7,87.0,62.0,42.3,2024-06-17
625,626,F,1,Gyeonggi,2.5,89.3,82.1,70.2,2024-06-13
626,627,F,3,Busan,15.3,81.39999999999999,70.0,88.7,2024-11-03
627,628,M,1,Gyeonggi,17.8,96.6,72.2,98.7,2024-04-10
628,629,F,1,Seoul,6.8,96.3,67.6,77.3,2024-06-19
629,630,F,2,Seoul,11.3,94.3,70.5,74.1,2025-02-11
630,631,M,1,Gyeonggi,14.7,96.5%,62.7,,2024-06-18
631,632,M,3,Daegu,9.9,83.0,,67.8,2024-07-25
632,633,M,2,Gyeonggi,12.6,93.30000000000001,77.5,50.8,2025-01-08
633,634,M,2,Gyeonggi,7.1,86.0,90.0,59.2,2024-11-14
634,635,M,3,Busan,21.3,100.0,83.0,61.0,2024-07-02
635,636,M,1,Daegu,11.4,88.6,72.2,74.0,2024-07-30
636,637,F,3,Gyeonggi,10.2,97.0,76.6,90.4,2024-06-21
637,638,M,2,Daegu,16.5,96.1%,76.5,100.0,2024-05-23
638,639,F,1,Gyeonggi,15.5,82.69999999999999,89.1,41.5,2024-12-25
639,640,F,3,Etc,2.2,84.3,,53.9,2024-10-22
640,641,F,2,Seoul,18.5,92.0,84.0,88.2,2024-07-09
641,642,F,2,Daegu,10.6,100.0,83.2,100.0,2024-11-22
642,643,M,1,Gyeonggi,1.1,92.30000000000001,59.5,91.4,2024-07-19
643,644,F,3,Gyeonggi,10.4,98.6,66.0,63.0,2024-08-23
644,645,F,2,Busan,6.0,90.10000000000001,29.1,86.7,2024-10-02
645,646,M,3,Seoul,14.6,89.3,47.3,72.8,2024-09-21
646,647,F,1,Daegu,16.9,98.4,60.9,47.2,2024-04-06
647,648,M,1,Seoul,12.0,97.2,62.0,57.1,2024-06-01
648,649,M,3,Seoul,8.4,85.1,64.7,83.6,2024-06-07
649,650,F,2,Busan,6.2,98.2,80.5,75.8,2024-11-13
650,651,M,2,Etc,14.5,98.3,76.6,63.3,2024-04-30
651,652,M,1,Gyeonggi,11.1,82.5,48.3,66.8,2024-09-21
652,653,M,2,Seoul,4.0,96.5,72.5,59.4,2024-09-07
653,654,M,2,Busan,16.5,91.4,62.9,64.4,2024-11-15
654,655,M,3,Etc,7.3,100.0,72.0,53.5,2024-07-19
655,656,F,2,Busan,15.5,100.0,74.1,67.3,2024-12-18
656,657,F,3,Daegu,8.8,100.0,77.5,72.9,2024-06-04
657,658,M,3,Etc,7.8,83.89999999999999,78.8,66.3,2024-07-17
658,659,F,2,Gyeonggi,13.0,75.6,76.6,62.6,2024-10-02
659,660,M,1,Etc,24.3,87.1,84.3,60.2,2024-08-31
660,661,F,1,Daegu,14.6,100.0%,79.5,83.6,2024-09-01
661,662,F,3,Seoul,7.4,97.6,61.1,54.1,2025-01-30
662,663,F,2,Seoul,16.9,85.1,87.0,45.1,2024-09-18
663,664,F,3,Seoul,10.3,92.60000000000001%,72.8,57.2,2025-01-20
664,665,F,1,Busan,20.8,95.8,84.1,51.8,2024-12-28
665,666,M,2,Etc,3.0,89.0,75.0,83.5,2024-10-09
666,667,M,1,Seoul,22.0,93.60000000000001,76.6,77.6,2024-10-10
667,668,F,1,Gyeonggi,16.1,80.7,76.5,44.2,2025-02-09
668,669,M,1,Busan,6.5,77.4,52.9,86.6,2024-05-07
669,670,M,1,Daegu,5.0,90.3,62.2,57.4,2025-02-11
670,671,F,3,Gyeonggi,17.8,95.39999999999999,63.2,51.9,2024-06-02
671,672,M,1,Busan,9.1,85.7,90.6,51.1,2024-11-17
672,673,M,3,Gyeonggi,5.0,87.7,100.0,46.0,2024-10-19
673,674,F,2,Seoul,13.1,99.3,50.8,73.1,2024-04-30
674,675,F,3,Seoul,15.2,85.2,73.8,100.0,2024-11-19
675,676,F,3,Seoul,15.1,98.4,52.0,57.6,2024-06-23
676,677,M,2,Daegu,5.0,99.9,33.8,73.0,2024-07-02
677,678,M,1,Seoul,8.3,90.3,80.5,71.4,2024-10-30
678,679,F,1,Seoul,12.7,90.0,46.3,,2025-02-23
679,680,M,3,Seoul,5.1,82.19999999999999,78.6,90.0,2024-04-27
680,681,F,3,Seoul,10.7,96.39999999999999,56.7,88.0,2024-12-21
681,682,M,2,Gyeonggi,12.0,87.5,64.0,52.0,2024-07-26
682,683,M,1,Daegu,12.0,87.7,64.0,77.0,2024-10-02
683,684,M,2,Gyeonggi,0.3,81.5,90.2,51.9,2024-12-06
684,685,F,3,Busan,9.2,100.0,58.4,77.3,2024-03-11
685,686,F,3,Etc,7.6,95.5,46.1,37.8,2024-11-07
686,687,F,2,Busan,7.9,90.7,66.2,74.3,2024-08-05
687,688,F,1,Seoul,20.6,94.5,62.9,64.8,2024-05-18
688,689,M,2,Gyeonggi,14.8,87.3,70.2,93.5,2024-06-09
689,690,F,3,Gyeonggi,8.9,98.6,69.8,62.4,2024-08-27
690,691,M,2,Daegu,20.1,90.5%,100.0,69.9,2024-05-20
691,692,F,1,Seoul,20.7,89.7,52.9,100.0,2024-11-03
692,693,M,3,Gyeonggi,11.0,86.7,56.5,82.9,2025-02-17
693,694,M,2,Seoul,7.4,96.8,67.4,77.3,2024-06-04
694,695,M,2,Seoul,15.3,97.89999999999999,95.2,66.2,2024-12-06
695,696,F,2,Gyeonggi,3.3,85.8,100.0,69.7,2024-06-02
696,697,M,2,Seoul,13.0,96.7,68.7,47.4,2024-05-25
697,698,F,2,Busan,9.6,92.2,95.3,54.5,2024-06-13
698,699,F,2,Gyeonggi,1.6,80.7%,46.1,,2025-01-23
699,700,F,1,Seoul,20.1,100.0,,84.4,2024-10-18
700,701,M,1,Etc,5.7,94.39999999999999,53.3,87.2,2024-03-07
701,702,M,3,Seoul,0.0,87.7,91.9,50.2,2024-08-15
702,703,F,1,Gyeonggi,10.4,79.9%,75.8,52.1,2024-07-23
703,704,M,1,Gyeonggi,2.8,87.7,90.5,69.9,2024-07-09
704,705,F,1,Gyeonggi,21.9,91.60000000000001,38.7,74.1,2024-05-18
705,706,M,2,Seoul,8.1,90.9,92.8,71.6,2024-03-11
706,707,F,1,Daegu,24.7,95.7,88.4,68.5,2024-10-30
707,708,F,2,Gyeonggi,0.6,91.10000000000001,77.3,62.4,2024-06-29
708,709,F,1,Daegu,25.2,82.8,62.7,75.4,2024-07-14
709,710,F,2,Busan,10.6,90.60000000000001,62.0,48.7,2025-02-05
710,711,M,1,Busan,9.4,92.7%,87.2,100.0,2024-07-19
711,712,F,1,Seoul,10.9,99.0,51.1,87.1,2024-03-18
712,713,M,3,Gyeonggi,16.8,92.2,82.3,58.2,2025-01-29
713,714,M,3,Daegu,6.4,87.4,74.2,37.6,2024-10-02
714,715,M,3,Gyeonggi,16.8,91.7,64.9,62.3,2024-10-02
715,716,F,2,Gyeonggi,7.8,83.2,67.6,79.5,2024-05-10
716,717,M,1,Seoul,7.9,91.8,100.0,90.5,2024-10-12
717,718,F,1,Gyeonggi,10.2,92.2,53.6,77.1,2024-06-22
718,719,M,3,Daegu,,98.6,79.2,79.7,2024-12-22
719,720,F,2,Seoul,6.2,100.0,56.7,70.0,2024-10-24
720,721,F,1,Busan,,95.0,74.2,74.3,2024-11-08
721,722,M,1,Gyeonggi,8.5,93.0,71.0,80.8,2024-10-01
722,723,M,2,Seoul,25.1,92.80000000000001,57.9,72.7,2024-05-20
723,724,F,2,Busan,6.4,92.7,63.5,62.1,2024-07-08
724,725,M,2,Gyeonggi,26.0,88.1,73.9,73.8,2024-03-05
725,726,M,2,Seoul,18.3,95.7,73.5,69.1,2024-05-02
726,727,F,1,Gyeonggi,21.9,91.2,61.6,63.1,2024-12-04
727,728,F,1,Seoul,3.8,88.9,58.4,54.6,2024-05-25
728,729,F,1,Etc,6.6,96.5,59.5,75.6,2024-09-04
729,730,F,1,Etc,6.1,86.6,74.4,75.1,2024-05-08
730,731,F,3,Gyeonggi,11.7,96.0,61.2,69.4,2024-05-15
731,732,M,3,Seoul,16.2,84.39999999999999,,77.0,2025-01-05
732,733,M,1,Daegu,18.0,84.8,64.7,50.8,2024-12-14
733,734,F,1,Seoul,15.0,85.9,96.6,71.5,2024-10-14
734,735,F,2,Gyeonggi,15.7,85.0,76.6,72.0,2024-06-03
735,736,F,3,Gyeonggi,20.6,93.89999999999999,76.2,83.8,2024-12-24
736,737,M,3,Busan,12.0,98.8,84.4,85.0,2024-12-11
737,738,F,1,Gyeonggi,9.4,88.0,69.7,62.1,2025-01-05
738,739,M,1,Etc,15.9,96.39999999999999,71.4,56.2,2024-08-15
739,740,F,2,Daegu,15.0,70.19999999999999,69.3,76.0,2024-09-18
740,741,F,1,Etc,3.7,80.2,56.5,52.5,2024-07-24
741,742,M,3,Daegu,13.0,89.7,74.1,72.8,2024-12-15
742,743,M,1,Gyeonggi,27.2,90.7,68.9,78.6,2024-07-01
743,744,M,2,Etc,12.4,100.0,81.6,79.7,2025-01-10
744,745,M,1,Gyeonggi,18.3,94.5,84.9,86.8,2024-06-01
745,746,M,1,Seoul,10.8,98.9,92.8,74.9,2024-11-21
746,747,F,1,Seoul,21.9,95.7,69.6,77.4,2024-05-18
747,748,M,3,Etc,15.7,100.0,91.0,79.3,2024-06-04
748,749,M,3,Seoul,8.5,93.2,58.1,38.1,2025-01-09
749,750,F,2,Gyeonggi,,88.1,79.9,87.0,2024-08-06
750,751,M,1,Daegu,23.3,92.30000000000001,74.1,63.4,2024-06-07
751,752,M,1,Gyeonggi,15.8,90.7,44.7,65.4,2024-06-12
752,753,M,3,Busan,12.6,90.0,100.0,77.8,2025-01-23
753,754,M,2,Etc,16.3,91.9,75.8,86.1,2024-11-17
754,755,F,2,Seoul,13.8,99.4%,68.8,71.1,2024-06-06
755,756,F,3,Gyeonggi,17.4,100.0,68.7,72.5,2024-08-01
756,757,F,2,Seoul,10.1,100.0,76.8,58.6,2024-09-26
757,758,F,1,Gyeonggi,6.3,100.0,100.0,60.6,2024-07-28
758,759,M,1,Gyeonggi,18.6,93.10000000000001,75.5,45.7,2024-10-14
759,760,M,1,Seoul,25.5,93.60000000000001%,88.3,80.4,2024-03-14
760,761,M,1,Seoul,14.7,96.5,69.1,59.0,2024-08-09
761,762,F,1,Seoul,12.3,86.6,100.0,,2024-05-22
762,763,F,2,Busan,29.5,82.19999999999999,50.5,100.0,2025-01-08
763,764,M,3,Daegu,18.8,85.9,,53.2,2024-10-23
764,765,F,1,Daegu,18.2,80.2,73.4,74.8,2024-09-11
765,766,M,3,Busan,,93.60000000000001,61.7,89.3,2024-03-15
766,767,M,2,Gyeonggi,9.0,88.7,65.9,100.0,2024-07-30
767,768,M,1,Gyeonggi,9.8,96.5,76.7,100.0,2025-01-13
768,769,M,3,Gyeonggi,10.8,100.0,85.8,70.0,2024-07-08
769,770,F,1,Seoul,3.6,85.3,69.1,56.3,2024-10-24
770,771,M,1,Gyeonggi,10.7,94.6,69.2,33.5,2024-03-04
771,772,M,2,Gyeonggi,12.9,91.0,88.5,55.6,2024-07-02
772,773,M,1,Gyeonggi,10.3,89.7,66.5,83.6,2024-03-27
773,774,M,1,Daegu,13.9,86.2,95.4,68.0,2024-07-08
774,775,M,1,Gyeonggi,11.5,96.2%,61.3,94.9,2024-04-19
775,776,F,2,Seoul,13.0,89.9,86.4,81.2,2024-09-20
776,777,F,1,Seoul,8.3,94.5%,75.6,83.2,2024-11-24
777,778,M,3,Seoul,10.1,92.9,80.8,60.0,2024-03-10
778,779,M,1,Gyeonggi,12.0,89.8%,100.0,65.4,2024-07-24
779,780,M,3,Seoul,7.6,100.0,52.9,79.8,2025-01-05
780,781,M,1,Busan,11.4,97.89999999999999,68.7,62.1,2024-07-28
781,782,F,1,Seoul,8.3,80.60000000000001,60.7,69.4,2024-11-02
782,783,F,1,Etc,18.5,97.0,81.5,95.7,2024-09-29
783,784,M,2,Seoul,10.5,83.39999999999999,77.3,53.0,2024-08-02
784,785,F,3,Seoul,15.1,96.3,56.1,52.8,2024-03-24
785,786,M,3,Seoul,8.6,96.0%,53.2,,2024-11-18
786,787,M,3,Gyeonggi,,89.4,79.6,100.0,2024-04-26
787,788,M,3,Etc,11.4,92.4,77.3,75.0,2024-03-31
788,789,F,3,Daegu,4.5,100.0,45.0,76.9,2024-03-29
789,790,M,3,Seoul,2.1,92.60000000000001,81.1,78.0,2025-01-02
790,791,F,2,Seoul,3.9,95.5,76.9,69.5,2024-09-04
791,792,M,1,Gyeonggi,16.1,100.0,72.9,55.2,2024-09-05
792,793,F,2,Daegu,15.1,85.6,69.1,56.6,2024-12-14
793,794,M,2,Busan,10.3,85.3,65.5,56.4,2024-03-24
794,795,M,1,Gyeonggi,1.7,98.0,57.1,74.6,2024-03-08
795,796,F,3,Seoul,16.4,85.0,74.2,59.1,2024-04-18
796,797,F,3,Etc,8.4,93.10000000000001,78.0,100.0,2025-02-26
797,798,M,2,Busan,13.5,95.89999999999999,31.9,68.0,2025-01-27
798,799,F,2,Gyeonggi,13.9,97.39999999999999,58.9,85.9,2024-04-30
799,800,M,1,Busan,19.3,96.5,83.3,70.7,2024-05-14
800,801,M,1,Gyeonggi,,80.80000000000001,83.6,42.1,2024-11-14
801,802,M,3,Busan,0.0,93.7,57.8,72.2,2024-08-10
802,803,M,3,Seoul,15.7,83.8,60.6,69.5,2024-07-01
803,804,M,1,Daegu,6.8,82.3,62.1,58.5,2025-02-24
804,805,M,3,Seoul,2.8,98.1,78.1,78.0,2025-02-08
805,806,F,2,Gyeonggi,6.3,96.2%,60.7,70.1,2024-11-13
806,807,F,2,Etc,0.0,100.0,63.6,87.8,2024-09-09
807,808,M,2,Gyeonggi,16.4,83.1,88.7,59.7,2024-05-11
808,809,F,3,Seoul,5.1,89.4,63.0,58.0,2024-05-18
809,810,F,1,Gyeonggi,16.7,91.9,59.4,58.7,2024-08-18
810,811,M,1,Seoul,11.2,80.10000000000001,64.4,61.1,2024-08-15
811,812,F,3,Seoul,10.9,76.7,87.5,70.6,2024-10-15
812,813,F,3,Seoul,15.7,86.3,59.7,84.9,2024-09-06
813,814,M,1,Etc,0.0,100.0,65.7,83.2,2024-09-05
814,815,F,2,Seoul,15.9,88.5,86.4,100.0,2024-07-08
815,816,M,3,Daegu,13.1,91.0,59.7,84.9,2024-07-01
816,817,F,2,Busan,18.1,89.0,75.2,95.9,2024-06-11
817,818,F,3,Seoul,9.4,89.5,64.5,83.4,2024-08-23
818,819,F,3,Seoul,14.2,87.4,60.6,59.6,2024-08-23
819,820,M,1,Seoul,7.2,88.1,53.3,74.9,2025-01-13
820,821,F,2,Seoul,15.7,82.3,48.1,67.2,2024-04-25
821,822,M,1,Gyeonggi,16.6,87.2,75.7,62.0,2024-09-03
822,823,F,3,Seoul,0.0,100.0,83.1,77.9,2024-05-27
823,824,F,3,Gyeonggi,,94.8,29.4,80.3,2024-05-02
824,825,M,1,Daegu,6.1,98.1,98.7,80.5,2024-05-11
825,826,M,3,Busan,10.7,90.5,66.9,85.0,2024-10-30
826,827,F,3,Daegu,10.5,88.6,77.2,75.8,2024-06-21
827,828,M,1,Busan,13.2,93.7,68.5,80.7,2024-08-16
828,829,F,2,Seoul,14.8,84.2,78.4,81.2,2024-10-22
829,830,F,3,Daegu,10.4,100.0,50.7,,2024-10-06
830,831,F,1,Gyeonggi,8.4,87.0,61.4,73.9,2024-09-28
831,832,F,1,Seoul,,98.7%,59.0,70.4,2024-03-28
832,833,F,1,Gyeonggi,3.3,85.9,57.7,83.6,2024-12-05
833,834,F,3,Gyeonggi,0.7,96.3%,68.9,89.3,2024-12-04
834,835,M,1,Seoul,19.5,94.19999999999999,88.8,57.5,2025-02-22
835,836,M,1,Etc,3.4,88.4,88.7,79.6,2024-05-07
836,837,M,3,Gyeonggi,21.6,98.4,70.8,38.0,2024-12-19
837,838,M,1,Gyeonggi,5.4,87.4%,58.5,81.1,2024-07-11
838,839,F,2,Seoul,16.0,78.5,74.1,90.2,2024-06-19
839,840,F,2,Gyeonggi,19.1,96.89999999999999,70.7,75.9,2024-11-02
840,841,M,1,Seoul,9.6,90.8,59.9,94.7,2024-08-19
841,842,F,3,Daegu,11.5,89.9%,65.9,,2024-07-15
842,843,F,3,Etc,13.2,93.0,71.3,42.1,2024-06-10
843,844,F,2,Gyeonggi,13.0,89.1,76.8,56.0,2025-01-17
844,845,F,3,Seoul,7.5,87.3,48.3,69.3,2025-02-23
845,846,M,1,Seoul,2.5,88.2,62.2,99.7,2025-01-18
846,847,F,1,Gyeonggi,13.5,91.8,100.0,57.6,2025-02-06
847,848,F,1,Busan,14.4,76.9,66.7,55.9,2024-09-11
848,849,F,3,Etc,7.9,93.89999999999999,71.0,100.0,2024-08-04
849,850,F,1,Seoul,19.2,96.6,68.8,73.4,2024-10-15
850,851,M,3,Etc,8.7,88.0,85.3,75.5,2024-04-11
851,852,F,3,Gyeonggi,16.6,98.2,57.8,86.5,2025-02-15
852,853,F,2,Seoul,16.4,96.7,53.6,68.6,2025-01-08
853,854,F,3,Seoul,2.1,86.4,78.0,80.8,2025-02-28
854,855,M,1,Busan,16.9,100.0,70.6,60.4,2024-09-02
855,856,M,3,Gyeonggi,0.0,88.0,,85.8,2024-11-23
856,857,F,3,Gyeonggi,13.5,93.10000000000001,58.3,78.7,2025-01-11
857,858,M,2,Etc,7.3,79.9,,65.3,2024-11-05
858,859,M,2,Gyeonggi,12.7,89.1%,78.2,82.3,2024-03-04
859,860,M,1,Gyeonggi,19.1,94.1,,87.3,2024-11-07
860,861,F,1,Etc,15.4,93.89999999999999,85.8,97.6,2024-07-26
861,862,F,1,Etc,15.4,93.30000000000001,100.0,100.0,2024-11-08
862,863,F,1,Busan,17.9,100.0,100.0,64.8,2024-10-31
863,864,F,3,Busan,9.1,100.0,55.6,66.7,2024-07-19
864,865,F,1,Gyeonggi,15.2,97.0,69.0,58.7,2025-01-01
865,866,M,2,Etc,12.8,94.8,71.5,58.7,2024-05-05
866,867,M,2,Gyeonggi,9.1,86.6,72.6,71.4,2024-08-06
867,868,M,1,Gyeonggi,13.9,92.0,74.9,81.5,2024-04-26
868,869,M,3,Gyeonggi,7.4,98.9,87.2,65.3,2024-12-21
869,870,F,2,Seoul,15.5,93.2,61.3,100.0,2024-03-31
870,871,M,1,Busan,3.9,95.3,75.6,89.6,2024-09-07
871,872,M,2,Busan,20.2,96.89999999999999,80.8,55.8,2024-05-23
872,873,M,1,Seoul,9.8,100.0%,68.7,64.2,2025-02-10
873,874,F,1,Seoul,,86.2,55.1,58.5,2024-10-08
874,875,F,3,Daegu,9.4,94.19999999999999,66.1,75.5,2025-01-10
875,876,M,1,Seoul,7.4,98.4,100.0,79.9,2024-04-22
876,877,M,3,Gyeonggi,11.4,82.89999999999999,100.0,100.0,2024-06-04
877,878,F,2,Daegu,21.3,84.0,52.7,73.2,2024-09-05
878,879,F,2,Gyeonggi,12.2,88.1,70.9,59.0,2025-01-03
879,880,F,2,Seoul,7.0,84.7,68.5,70.9,2024-10-19
880,881,F,2,Gyeonggi,1.4,97.89999999999999,98.3,73.0,2024-08-28
881,882,M,2,Busan,12.4,98.6,65.2,83.9,2024-10-03
882,883,F,2,Gyeonggi,12.7,89.2,75.9,98.2,2024-08-15
883,884,F,3,Etc,7.0,89.5,58.3,83.5,2024-08-23
884,885,M,1,Gyeonggi,15.5,98.8,,70.1,2024-10-15
885,886,F,2,Etc,13.2,100.0,71.0,79.1,2024-04-10
886,887,F,2,Busan,12.4,100.0,89.3,,2024-08-26
887,888,M,2,Daegu,13.9,96.6,64.4,77.7,2024-04-24
888,889,F,2,Gyeonggi,4.8,100.0,83.2,74.6,2024-06-10
889,890,F,2,Gyeonggi,13.4,98.0,52.3,76.1,2024-07-24
890,891,F,1,Gyeonggi,11.8,96.0%,59.5,78.8,2024-08-08
891,892,F,3,Daegu,18.7,98.1%,80.3,51.8,2024-06-21
892,893,M,1,Gyeonggi,8.5,100.0,89.6,70.9,2025-01-13
893,894,M,2,Etc,15.9,100.0,81.1,63.9,2025-01-08
894,895,F,3,Seoul,11.9,100.0,65.7,70.7,2025-02-21
895,896,F,1,Gyeonggi,17.7,98.1,90.8,45.4,2024-05-28
896,897,M,1,Gyeonggi,26.9,78.60000000000001,82.4,90.8,2025-02-16
897,898,M,1,Busan,13.9,89.5,73.6,67.5,2024-04-07
898,899,M,1,Daegu,8.6,86.0,100.0,67.0,2025-02-14
899,900,M,2,Gyeonggi,13.1,82.39999999999999,59.9,85.1,2024-11-06
900,901,F,2,Etc,15.0,92.10000000000001,91.9,86.5,2024-04-08
901,902,F,3,Etc,8.9,89.8,48.5,85.3,2024-06-02
902,903,F,1,Seoul,10.5,84.3,40.7,100.0,2024-05-15
903,904,F,1,Seoul,9.9,98.0,72.1,97.4,2024-10-16
904,905,M,1,Seoul,20.9,88.0,62.4,79.6,2024-04-13
905,906,M,1,Seoul,12.4,92.60000000000001,100.0,68.3,2024-04-30
906,907,F,3,Daegu,14.8,100.0,71.2,82.2,2024-11-11
907,908,F,1,Daegu,5.7,88.2,54.6,90.5,2024-10-20
908,909,M,3,Seoul,4.3,81.6,57.0,93.9,2024-04-11
909,910,M,1,Gyeonggi,4.4,100.0,89.7,95.7,2024-10-06
910,911,M,3,Etc,13.3,84.7%,100.0,,2024-04-04
911,912,F,1,Seoul,7.2,94.19999999999999,82.8,63.6,2024-03-21
912,913,M,1,Gyeonggi,6.8,83.2,61.9,100.0,2024-06-30
913,914,M,3,Busan,15.5,95.7,90.5,66.2,2024-04-26
914,915,F,1,Etc,17.9,81.2,53.5,86.5,2024-12-21
915,916,F,1,Gyeonggi,8.0,97.89999999999999%,46.2,99.2,2024-09-08
916,917,F,1,Gyeonggi,0.0,83.2,70.0,75.3,2024-12-03
917,918,F,1,Gyeonggi,3.8,98.7,61.6,76.4,2024-11-20
918,919,M,1,Seoul,1.7,84.0,73.0,71.7,2024-10-22
919,920,M,3,Gyeonggi,21.4,97.2,51.7,77.3,2024-10-27
920,921,M,3,Seoul,10.2,90.8,57.8,62.6,2025-02-14
921,922,F,1,Busan,5.3,86.4,76.1,89.8,2024-06-17
922,923,M,2,Seoul,22.2,96.39999999999999,,46.1,2024-11-19
923,924,M,2,Seoul,3.9,87.6,43.5,92.0,2024-10-03
924,925,M,1,Gyeonggi,13.0,92.60000000000001,80.8,73.9,2024-07-06
925,926,M,3,Daegu,7.0,95.6,87.1,,2024-11-21
926,927,F,1,Seoul,3.1,78.60000000000001,78.4,34.8,2024-06-23
927,928,F,2,Daegu,6.0,100.0,100.0,,2024-10-03
928,929,F,1,Busan,,100.0,100.0,60.5,2024-04-11
929,930,M,3,Gyeonggi,10.8,80.60000000000001%,78.0,74.3,2025-01-26
930,931,F,2,Gyeonggi,17.0,93.30000000000001,77.5,81.9,2024-10-14
931,932,M,2,Seoul,8.3,94.1%,56.3,68.0,2025-01-10
932,933,F,2,Gyeonggi,7.6,100.0,76.1,82.2,2024-06-17
933,934,M,1,Seoul,9.5,89.4,69.5,80.3,2025-02-18
934,935,M,3,Seoul,18.2,100.0,50.1,70.4,2024-06-06
935,936,F,1,Gyeonggi,8.4,100.0,46.2,83.0,2024-03-14
936,937,F,3,Daegu,6.4,90.8%,76.9,59.1,2024-12-02
937,938,F,2,Gyeonggi,3.7,90.8,56.9,69.1,2024-12-10
938,939,M,3,Busan,8.7,91.2,62.7,66.7,2024-12-27
939,940,F,1,Busan,3.4,86.5%,37.1,53.9,2024-05-23
940,941,M,3,Gyeonggi,24.7,80.5,57.7,69.6,2024-07-11
941,942,M,2,Busan,13.6,92.30000000000001,85.3,94.3,2024-06-26
942,943,F,1,Seoul,3.0,99.5,62.3,58.4,2024-11-07
943,944,F,1,Daegu,15.3,100.0,83.5,42.4,2024-05-18
944,945,F,2,Seoul,8.0,99.4,66.3,49.6,2025-01-17
945,946,F,1,Busan,12.2,91.2,42.1,49.3,2025-02-13
946,947,M,3,Busan,4.9,86.2,73.4,80.7,2024-06-16
947,948,F,2,Gyeonggi,10.7,100.0,91.5,63.5,2024-12-12
948,949,F,1,Busan,13.8,97.6,84.9,97.0,2024-07-25
949,950,F,2,Etc,10.2,87.6%,87.4,100.0,2025-02-06
950,951,F,2,Seoul,17.4,94.6,64.6,66.1,2024-03-19
951,952,F,1,Seoul,18.2,88.1,36.7,71.2,2025-02-28
952,953,M,3,Seoul,21.1,87.2,81.4,89.0,2024-05-09
953,954,M,1,Seoul,3.7,86.2,44.4,75.8,2024-06-15
954,955,M,3,Seoul,13.4,94.8,58.2,77.4,2024-08-01
955,956,M,2,Etc,21.3,97.39999999999999,62.1,85.0,2024-06-15
956,957,M,2,Busan,8.8,89.3,62.1,42.5,2024-06-11
957,958,M,2,Gyeonggi,19.1,91.8%,92.5,47.8,2024-04-16
958,959,F,3,Gyeonggi,13.0,88.9,86.7,53.0,2024-06-26
959,960,M,2,Seoul,6.7,86.2,48.5,77.9,2025-02-25
960,961,F,2,Gyeonggi,8.8,87.3,90.1,74.0,2024-08-30
961,962,M,2,Etc,13.4,76.9,44.7,68.0,2024-06-28
962,963,F,1,Seoul,8.6,85.8,88.9,88.3,2024-06-06
963,964,M,2,Seoul,18.7,100.0,65.5,57.4,2024-08-16
964,965,F,1,Seoul,16.2,88.9,83.2,61.6,2025-01-29
965,966,F,2,Gyeonggi,9.7,100.0,86.3,66.6,2024-12-28
966,967,F,1,Etc,3.9,92.7,83.5,82.6,2024-04-09
967,968,F,2,Seoul,12.6,90.2,79.2,100.0,2025-02-06
968,969,F,3,Gyeonggi,23.2,91.60000000000001,86.0,64.9,2024-07-13
969,970,M,3,Gyeonggi,18.5,85.2,78.3,86.4,2024-06-13
970,971,F,2,Seoul,18.1,95.0%,44.4,68.6,2024-04-01
971,972,M,3,Gyeonggi,16.7,75.2,89.3,86.1,2024-08-29
972,973,F,2,Etc,22.6,100.0%,95.5,83.3,2024-06-04
973,974,M,1,Gyeonggi,13.6,91.60000000000001,75.3,100.0,2024-08-08
974,975,F,3,Gyeonggi,23.6,84.39999999999999%,56.0,50.5,2024-03-06
975,976,M,2,Gyeonggi,13.3,93.60000000000001,84.3,71.6,2025-02-02
976,977,M,2,Seoul,10.2,91.8,75.8,63.4,2024-06-05
977,978,M,3,Gyeonggi,21.2,92.7,52.5,,2024-05-10
978,979,F,1,Gyeonggi,12.5,89.1,85.0,59.8,2024-08-25
979,980,M,1,Seoul,14.1,94.89999999999999,53.5,86.1,2024-07-06
980,981,M,1,Busan,13.8,93.2,49.7,68.2,2025-02-12
981,982,M,2,Seoul,16.2,89.8,67.7,100.0,2024-12-12
982,983,M,1,Seoul,12.6,100.0,87.4,98.1,2025-02-02
983,984,M,3,Gyeonggi,5.1,85.2,82.7,73.5,2025-02-19
984,985,F,2,Seoul,16.4,89.0,76.3,72.2,2024-05-17
985,986,M,3,Seoul,13.8,100.0,73.6,76.1,2024-08-01
986,987,F,1,Gyeonggi,10.1,100.0,82.1,80.5,2024-12-01
987,988,F,3,Seoul,7.2,88.3,,84.2,2024-03-19
988,989,F,2,Gyeonggi,16.1,85.0,67.2,63.3,2024-08-22
989,990,F,2,Seoul,6.5,90.8,80.2,100.0,2024-03-05
990,991,F,2,Etc,8.5,91.8,72.0,65.7,2024-08-05
991,992,F,2,Seoul,,97.8,58.0,66.8,2024-10-27
992,993,F,2,Seoul,10.2,86.9,66.8,59.5,2024-06-22
993,994,M,2,Gyeonggi,17.6,86.8,,84.6,2025-01-10
994,995,F,1,Etc,12.1,85.0,67.0,59.1,2024-08-15
995,996,M,3,Seoul,5.7,83.6,69.3,67.3,2024-10-23
996,997,F,3,Gyeonggi,22.0,94.8%,75.8,80.3,2024-10-17
997,998,F,2,Seoul,15.2,81.8,82.6,,2024-06-23
998,999,M,1,Busan,7.6,91.2,72.4,83.0,2024-08-05
999,1000,F,3,Gyeonggi,13.9,80.9%,,61.9,2024-05-20
1000,1001,M,1,Daegu,10.5,99.4,40.6,,2024-04-06
1001,1002,F,3,Seoul,,75.8,81.1,72.2,2024-06-20
1002,1003,F,1,Seoul,,91.0,69.8,60.8,2024-10-02
1003,1004,F,3,Busan,8.4,89.1,60.9,56.7,2024-07-19
1004,1005,F,3,Seoul,22.2,84.89999999999999,63.8,66.0,2024-04-26
1005,1006,F,2,Seoul,19.5,100.0,85.1,62.4,2024-10-25
1006,1007,M,2,Etc,6.1,83.0,65.9,57.3,2024-03-10
1007,1008,F,3,Etc,3.3,92.60000000000001,71.0,70.6,2024-04-28
1008,1009,F,3,Seoul,9.5,88.1,67.4,76.0,2024-03-28
1009,1010,F,1,Seoul,16.8,100.0,75.3,50.2,2024-05-24
1010,1011,F,1,Seoul,16.0,88.8,23.8,72.6,2024-05-13
1011,1012,F,3,Gyeonggi,22.0,94.5,91.8,63.0,2024-04-04
1012,1013,F,2,Gyeonggi,12.9,95.5,60.5,79.6,2024-04-30
1013,1014,M,1,Seoul,3.4,100.0,75.9,67.7,2024-08-12
1014,1015,F,2,Gyeonggi,10.0,87.1,73.0,46.4,2024-05-15
1015,1016,M,1,Daegu,4.4,91.5,49.1,68.8,2024-10-06
1016,1017,F,1,Etc,18.2,94.0,63.1,94.0,2024-05-15
1017,1018,F,3,Gyeonggi,15.1,86.7,90.6,98.7,2025-01-28
1018,1019,F,3,Seoul,8.5,100.0,76.1,68.4,2024-09-24
1019,1020,M,2,Seoul,11.4,89.7,86.9,69.8,2025-01-01
1020,1021,M,3,Gyeonggi,20.2,97.6,100.0,87.7,2024-04-14
1021,1022,M,1,Busan,20.1,89.5,75.5,41.4,2024-04-24
1022,1023,F,2,Busan,10.8,82.89999999999999,64.5,66.1,2024-04-20
1023,1024,F,1,Daegu,9.4,91.3,60.1,,2024-07-13
1024,1025,F,2,Gyeonggi,18.0,87.8,71.2,80.0,2024-06-15
1025,1026,M,2,Daegu,8.1,92.80000000000001,76.9,51.4,2024-09-21
1026,1027,M,2,Seoul,6.6,91.2,60.9,58.9,2024-12-03
1027,1028,F,3,Seoul,13.4,97.2,98.7,63.7,2024-08-16
1028,1029,F,2,Seoul,11.2,87.5,61.5,62.4,2024-09-28
1029,1030,M,3,Gyeonggi,,97.89999999999999,,52.2,2024-09-06
1030,1031,F,3,Gyeonggi,22.3,87.9,72.5,79.4,2024-12-24
1031,1032,F,3,Gyeonggi,11.3,92.60000000000001,73.1,91.6,2024-04-06
1032,1033,F,3,Seoul,10.5,91.3,,92.6,2024-11-27
1033,1034,F,1,Seoul,10.0,89.1,69.7,78.9,2024-09-25
1034,1035,M,2,Busan,12.8,95.39999999999999,59.9,100.0,2024-10-01
1035,1036,F,1,Gyeonggi,10.4,96.89999999999999,73.0,98.0,2024-12-15
1036,1037,M,1,Busan,,100.0,,36.4,2024-05-17
1037,1038,M,1,Gyeonggi,2.0,82.1,94.8,61.8,2024-07-15
1038,1039,M,2,Gyeonggi,5.1,100.0,80.4,64.3,2024-04-26
1039,1040,F,2,Etc,21.1,97.6,75.7,87.8,2025-02-05
1040,1041,M,3,Daegu,18.3,94.1,62.9,68.2,2024-09-16
1041,1042,F,2,Gyeonggi,18.9,96.6,49.2,77.2,2024-08-31
1042,1043,F,2,Seoul,11.3,96.0,81.4,76.1,2024-12-29
1043,1044,M,2,Seoul,4.7,100.0,55.1,49.3,2024-04-15
1044,1045,F,1,Etc,17.8,89.2,55.2,45.1,2025-01-25
1045,1046,F,3,Etc,17.3,80.30000000000001,70.6,85.4,2024-07-05
1046,1047,F,1,Etc,7.1,82.5,82.5,55.9,2024-06-07
1047,1048,F,1,Seoul,28.6,91.2,51.6,74.3,2024-08-25
1048,1049,F,1,Busan,15.5,95.8,47.7,67.7,2024-04-20
1049,1050,M,3,Gyeonggi,17.0,88.2,89.1,55.0,2025-02-27
1050,1051,F,1,Gyeonggi,4.9,84.6%,58.1,74.7,2024-04-29
1051,1052,M,3,Seoul,24.5,83.0,63.8,93.0,2024-08-16
1052,1053,M,1,Daegu,12.9,99.5,85.0,58.7,2024-09-25
1053,1054,F,1,Daegu,15.4,100.0,87.2,33.0,2024-06-19
1054,1055,M,3,Busan,11.4,96.5%,36.2,,2025-02-19
1055,1056,F,2,Gyeonggi,14.8,87.8,56.5,75.5,2024-11-04
1056,1057,F,2,Daegu,3.5,82.19999999999999,73.4,88.5,2024-08-11
1057,1058,F,1,Gyeonggi,17.3,88.7,80.2,84.5,2024-03-09
1058,1059,F,3,Busan,14.7,96.1,93.6,66.2,2024-05-05
1059,1060,M,1,Seoul,2.6,98.8,78.1,67.6,2024-03-28
1060,1061,F,3,Etc,18.7,83.3,67.8,76.7,2024-08-11
1061,1062,F,2,Seoul,12.0,89.8,53.0,76.2,2024-05-21
1062,1063,M,2,Busan,21.1,86.1,100.0,72.0,2024-03-19
1063,1064,F,1,Busan,7.6,100.0%,79.2,84.3,2025-01-18
1064,1065,F,1,Daegu,1.6,96.6,84.9,39.8,2024-05-03
1065,1066,M,2,Etc,13.6,93.5,92.5,46.0,2024-07-30
1066,1067,M,3,Gyeonggi,14.8,88.6,69.7,56.6,2024-07-14
1067,1068,F,2,Seoul,23.7,84.39999999999999,60.5,85.2,2024-08-07
1068,1069,M,2,Seoul,8.2,92.0,54.1,64.5,2024-03-31
1069,1070,M,2,Seoul,14.8,89.5,69.9,83.6,2024-11-22
1070,1071,M,1,Busan,18.4,92.10000000000001,97.5,56.5,2024-11-27
1071,1072,F,1,Gyeonggi,13.4,98.5,67.8,79.7,2024-05-03
1072,1073,F,2,Gyeonggi,13.3,90.8,57.5,98.8,2024-09-21
1073,1074,F,1,Etc,3.9,79.9,60.0,61.1,2024-10-16
1074,1075,F,1,Seoul,17.8,90.10000000000001,90.8,87.8,2024-05-19
1075,1076,F,1,Gyeonggi,11.9,97.0%,80.9,99.2,2024-12-03
1076,1077,M,1,Seoul,25.8,79.80000000000001,58.0,66.4,2024-06-16
1077,1078,F,1,Seoul,19.4,78.7,43.8,42.7,2025-02-22
1078,1079,M,3,Gyeonggi,9.1,100.0,61.3,75.6,2024-03-26
1079,1080,F,2,Gyeonggi,8.4,93.30000000000001,53.8,91.6,2024-11-17
1080,1081,M,2,Seoul,4.3,99.7,74.1,50.9,2024-06-25
1081,1082,F,1,Gyeonggi,11.9,87.4,100.0,65.1,2024-10-12
1082,1083,M,3,Seoul,18.2,82.1,83.6,63.2,2024-11-09
1083,1084,F,1,Gyeonggi,15.0,90.7,44.8,100.0,2024-09-07
1084,1085,F,3,Busan,19.6,100.0,59.6,62.9,2025-02-01
1085,1086,F,1,Gyeonggi,8.4,82.6%,,55.0,2024-09-04
1086,1087,F,3,Seoul,18.8,90.10000000000001,88.3,72.2,2024-09-29
1087,1088,M,1,Gyeonggi,11.7,100.0,85.5,63.8,2025-02-18
1088,1089,M,2,Seoul,19.6,89.7%,100.0,78.7,2024-10-13
1089,1090,M,1,Etc,3.0,87.9,55.6,69.6,2024-08-27
1090,1091,M,2,Gyeonggi,7.9,93.4,81.0,31.9,2024-11-21
1091,1092,M,1,Seoul,7.9,95.5,,100.0,2024-03-10
1092,1093,F,3,Gyeonggi,16.8,100.0,86.7,91.7,2024-09-04
1093,1094,M,1,Gyeonggi,2.5,96.8,,75.5,2024-10-05
1094,1095,M,1,Daegu,11.3,95.39999999999999,67.1,86.9,2024-08-22
1095,1096,F,1,Daegu,18.9,90.0,61.2,57.9,2024-06-02
1096,1097,M,2,Busan,16.4,89.8,79.2,79.5,2024-05-25
1097,1098,F,2,Daegu,12.2,90.8,50.0,66.6,2024-08-28
1098,1099,F,3,Gyeonggi,21.1,100.0,62.6,70.3,2024-03-07
1099,1100,M,1,Gyeonggi,14.6,96.0,70.0,96.2,2024-10-18
1100,1101,F,2,Seoul,13.7,85.0,59.9,64.9,2024-03-21
1101,1102,M,1,Gyeonggi,10.4,100.0,79.9,94.0,2024-09-15
1102,1103,M,2,Gyeonggi,22.9,100.0,60.7,,2024-05-16
1103,1104,F,1,Gyeonggi,21.7,100.0,53.0,45.8,2024-07-28
1104,1105,F,2,Busan,14.2,96.2,81.5,53.9,2024-09-19
1105,1106,F,2,Gyeonggi,,88.3,54.3,93.8,2024-09-29
1106,1107,M,2,Busan,13.3,100.0,55.9,36.4,2024-10-10
1107,1108,F,3,Seoul,12.4,83.3,81.9,54.3,2024-12-04
1108,1109,F,2,Gyeonggi,11.2,96.1,43.3,91.8,2024-03-12
1109,1110,F,1,Daegu,15.2,89.4,74.0,72.4,2024-09-21
1110,1111,F,3,Daegu,7.6,79.2%,79.9,85.8,2025-02-11
1111,1112,M,3,Seoul,7.3,94.3,53.0,39.8,2024-07-03
1112,1113,F,2,Busan,6.9,100.0%,96.0,46.4,2024-08-05
1113,1114,M,1,Gyeonggi,17.4,92.30000000000001,72.9,57.1,2024-10-28
1114,1115,M,3,Seoul,0.3,95.39999999999999,70.7,81.4,2025-01-02
1115,1116,F,2,Seoul,22.5,84.3,39.0,85.4,2024-11-02
1116,1117,F,3,Etc,8.4,90.2,55.9,68.3,2024-04-15
1117,1118,M,1,Seoul,4.7,80.5,83.0,78.8,2024-07-25
1118,1119,F,3,Busan,11.7,93.2,72.1,71.6,2024-06-25
1119,1120,M,2,Gyeonggi,5.6,94.6,69.6,97.9,2024-10-08
1120,1121,M,3,Seoul,,84.2,36.7,58.3,2024-06-27
1121,1122,M,1,Seoul,9.2,89.7,70.2,53.4,2024-07-25
1122,1123,M,2,Gyeonggi,11.5,98.5%,78.4,97.0,2024-10-13
1123,1124,F,2,Etc,0.0,100.0%,48.5,67.9,2024-12-16
1124,1125,M,2,Gyeonggi,14.5,83.7%,56.5,62.1,2025-02-19
1125,1126,M,3,Gyeonggi,8.3,100.0,71.5,97.4,2024-12-01
1126,1127,F,3,Gyeonggi,0.3,95.19999999999999,94.2,80.7,2025-01-26
1127,1128,F,3,Seoul,12.6,100.0,47.8,86.1,2024-11-04
1128,1129,F,3,Seoul,23.1,86.4%,63.5,52.9,2024-11-02
1129,1130,M,3,Gyeonggi,,82.69999999999999,72.3,80.3,2024-12-14
1130,1131,F,1,Gyeonggi,10.8,96.89999999999999,53.8,73.7,2025-02-04
1131,1132,F,3,Seoul,,92.80000000000001,81.2,63.0,2024-07-05
1132,1133,F,1,Seoul,20.0,84.3%,56.6,81.5,2024-03-08
1133,1134,F,1,Daegu,5.6,98.2,68.3,80.0,2024-05-22
1134,1135,F,3,Etc,18.0,93.4,71.8,74.2,2024-11-11
1135,1136,F,2,Seoul,7.6,90.4%,77.5,95.2,2024-06-04
1136,1137,F,1,Busan,16.9,79.80000000000001,72.8,77.2,2024-09-05
1137,1138,M,2,Seoul,18.5,95.7,65.7,100.0,2024-10-27
1138,1139,F,1,Busan,9.6,95.89999999999999%,62.2,71.1,2024-09-08
1139,1140,M,1,Seoul,4.5,89.9,68.5,50.2,2024-04-21
1140,1141,M,3,Etc,13.8,85.7,47.3,97.7,2024-06-30
1141,1142,M,1,Seoul,12.8,92.7%,61.9,87.3,2024-12-19
1142,1143,F,3,Gyeonggi,4.9,100.0,65.5,94.4,2024-05-25
1143,1144,M,3,Busan,14.2,100.0%,69.9,100.0,2024-12-20
1144,1145,M,3,Seoul,11.6,87.8,50.8,77.6,2024-03-14
1145,1146,M,1,Busan,11.7,94.8,72.6,79.9,2024-12-13
1146,1147,F,3,Etc,12.6,89.8,100.0,100.0,2024-09-10
1147,1148,F,1,Busan,11.9,95.8,44.1,92.9,2024-06-16
1148,1149,M,2,Seoul,8.7,98.2,63.1,61.9,2024-05-10
1149,1150,F,1,Seoul,15.6,100.0,64.2,73.7,2024-10-04
1150,1151,F,3,Seoul,5.7,93.7,90.5,82.3,2024-06-29
1151,1152,M,3,Busan,23.7,77.9,76.2,64.4,2024-05-04
1152,1153,M,2,Etc,0.0,91.9,83.4,46.6,2024-10-14
1153,1154,M,2,Etc,16.8,84.39999999999999,71.4,67.8,2024-03-29
1154,1155,M,1,Seoul,17.2,91.5%,88.9,77.1,2024-12-03
1155,1156,F,1,Daegu,10.2,94.8,82.5,87.0,2024-10-14
1156,1157,F,3,Gyeonggi,4.8,99.6,64.9,92.0,2024-06-06
1157,1158,F,1,Seoul,12.4,100.0,81.4,70.2,2024-08-22
1158,1159,F,3,Busan,6.2,100.0,54.6,,2025-02-15
1159,1160,M,3,Seoul,10.1,88.3,87.6,60.5,2024-05-07
1160,1161,M,1,Seoul,6.7,86.3,60.7,77.2,2024-08-31
1161,1162,F,2,Busan,17.9,92.7,,94.8,2024-04-14
1162,1163,M,2,Daegu,11.6,96.1,72.5,49.2,2024-12-31
1163,1164,M,3,Gyeonggi,18.9,100.0,99.1,70.7,2024-08-26
1164,1165,F,1,Seoul,11.7,89.0,84.5,83.5,2024-11-17
1165,1166,F,2,Gyeonggi,1.4,91.3%,98.5,86.8,2024-05-12
1166,1167,F,3,Gyeonggi,13.0,89.3,64.3,71.0,2024-07-21
1167,1168,F,2,Gyeonggi,20.4,85.1,74.7,83.4,2024-08-30
1168,1169,M,1,Busan,11.2,96.8,53.4,62.9,2024-07-25
1169,1170,F,3,Etc,4.6,94.19999999999999,56.3,74.0,2025-01-24
1170,1171,F,3,Etc,10.0,97.5,62.0,68.2,2024-12-01
1171,1172,M,3,Gyeonggi,5.2,93.30000000000001,40.6,52.8,2025-01-02
1172,1173,F,3,Seoul,17.7,93.2,94.6,54.6,2024-03-17
1173,1174,M,3,Seoul,5.1,99.0,54.1,100.0,2024-10-06
1174,1175,F,1,Seoul,6.0,78.9,71.3,98.1,2024-09-27
1175,1176,F,2,Gyeonggi,11.6,86.0,83.3,59.1,2025-01-04
1176,1177,M,2,Gyeonggi,19.6,95.3,80.6,82.5,2024-09-16
1177,1178,F,3,Busan,6.2,94.89999999999999,75.4,87.7,2024-05-26
1178,1179,F,2,Seoul,10.7,89.1,65.1,67.8,2024-03-01
1179,1180,M,2,Gyeonggi,9.3,85.6%,74.9,76.0,2024-09-10
1180,1181,F,1,Etc,,100.0,64.5,92.0,2024-08-14
1181,1182,F,2,Daegu,0.0,85.5,67.3,79.8,2024-11-19
1182,1183,M,1,Etc,3.7,96.39999999999999,67.6,70.6,2024-12-11
1183,1184,M,2,Gyeonggi,7.1,79.80000000000001,74.2,52.1,2024-07-27
1184,1185,M,1,Seoul,13.7,88.9,75.7,96.6,2024-07-03
1185,1186,F,2,Seoul,8.6,96.2,67.8,70.1,2025-01-19
1186,1187,F,2,Daegu,2.6,80.10000000000001,72.2,88.9,2024-08-25
1187,1188,F,2,Gyeonggi,9.9,94.39999999999999,48.9,94.6,2024-08-13
1188,1189,M,3,Busan,13.9,99.4,35.7,53.5,2024-09-26
1189,1190,F,3,Busan,21.4,96.8,84.9,70.2,2024-06-13
1190,1191,M,2,Busan,14.0,85.6,61.9,34.0,2024-08-05
1191,1192,M,2,Seoul,6.1,87.2,49.2,,2025-02-22
1192,1193,F,3,Busan,12.0,97.2,65.7,38.1,2024-03-15
1193,1194,M,3,Gyeonggi,,94.3,68.4,61.4,2024-06-28
1194,1195,F,1,Seoul,3.4,100.0,53.7,55.9,2024-03-03
1195,1196,F,1,Seoul,12.2,82.39999999999999,59.6,78.9,2024-11-21
1196,1197,F,3,Gyeonggi,20.4,82.5,64.7,62.8,2024-11-05
1197,1198,F,2,Gyeonggi,19.8,87.4,100.0,76.4,2024-05-01
1198,1199,M,1,Busan,0.0,85.1,70.7,43.7,2024-03-10
1199,1200,M,1,Etc,11.0,89.4,70.0,79.1,2025-02-22
1200,1201,F,1,Etc,9.4,92.0,71.7,85.9,2024-12-31
1201,1202,M,3,Seoul,10.4,81.6,44.6,69.5,2024-05-17
1202,1203,F,1,Seoul,12.6,89.5,70.6,64.5,2024-10-12
1203,1204,F,1,Gyeonggi,4.0,93.4,53.4,60.4,2024-05-05
1204,1205,F,1,Seoul,10.3,86.9,49.4,83.8,2024-07-26
1205,1206,F,2,Seoul,10.4,90.5%,66.7,58.6,2024-04-02
1206,1207,M,2,Etc,22.8,94.8,62.2,68.7,2024-12-07
1207,1208,M,1,Busan,4.3,94.1,74.9,59.7,2024-09-24
1208,1209,M,2,Busan,12.5,97.39999999999999,45.4,86.0,2025-02-24
1209,1210,M,3,Daegu,1.1,99.2,71.5,65.1,2024-05-19
1210,1211,M,3,Seoul,,94.39999999999999,46.5,51.5,2024-10-14
1211,1212,F,2,Etc,9.6,89.5,30.8,77.5,2024-10-09
1212,1213,M,2,Busan,13.2,93.0,50.1,69.5,2024-05-29
1213,1214,F,1,Seoul,10.0,95.8,45.3,61.2,2024-10-24
1214,1215,F,3,Gyeonggi,3.7,99.5,76.7,66.6,2024-08-29
1215,1216,F,3,Seoul,13.4,100.0,68.7,71.3,2024-12-15
1216,1217,F,2,Etc,13.8,93.89999999999999,77.7,72.1,2024-04-03
1217,1218,F,2,Gyeonggi,,92.2,69.4,89.9,2024-11-25
1218,1219,M,2,Etc,12.7,84.89999999999999,34.9,67.8,2024-04-13
1219,1220,F,2,Seoul,11.1,78.4,46.5,86.8,2024-07-14
1220,1221,M,1,Etc,21.5,100.0,71.2,44.8,2025-02-26
1221,1222,M,1,Busan,,100.0,83.0,100.0,2025-02-11
1222,1223,F,2,Etc,16.8,100.0,87.1,87.1,2024-11-14
1223,1224,M,2,Seoul,13.4,94.69999999999999,64.0,65.6,2024-11-07
1224,1225,M,2,Seoul,12.5,99.6,72.5,65.9,2024-10-29
1225,1226,F,1,Etc,8.7,97.6%,60.8,86.1,2024-04-15
1226,1227,F,3,Seoul,6.3,91.2,,44.5,2024-10-14
1227,1228,M,1,Seoul,17.9,86.6,63.2,52.5,2025-02-15
1228,1229,M,2,Seoul,5.2,90.4,66.1,47.3,2024-10-26
1229,1230,M,3,Daegu,11.4,93.0,75.3,60.3,2024-10-30
1230,1231,F,1,Etc,4.5,79.5,73.9,67.1,2024-04-12
1231,1232,F,2,Busan,10.2,97.39999999999999,100.0,63.4,2025-01-10
1232,1233,M,1,Etc,9.1,92.5,54.5,77.5,2024-05-12
1233,1234,M,1,Etc,15.7,80.9%,45.2,47.8,2024-05-30
1234,1235,F,1,Busan,4.9,95.0,64.4,81.6,2024-12-17
1235,1236,F,2,Gyeonggi,0.0,92.7,77.5,57.2,2025-01-11
1236,1237,F,3,Gyeonggi,14.2,100.0%,75.1,79.7,2024-07-17
1237,1238,F,2,Gyeonggi,17.9,87.0,95.1,85.4,2024-12-08
1238,1239,M,1,Gyeonggi,8.5,72.8,77.2,74.3,2024-03-01
1239,1240,F,1,Etc,12.4,86.2%,37.0,83.6,2024-09-11
1240,1241,M,3,Seoul,10.5,94.8,,84.5,2024-11-19
1241,1242,F,1,Etc,9.8,93.0,70.7,48.6,2025-01-09
1242,1243,F,3,Seoul,15.6,87.3,,61.8,2025-02-21
1243,1244,M,3,Busan,15.1,95.0,52.8,80.0,2024-08-22
1244,1245,F,2,Gyeonggi,16.2,89.60000000000001%,43.0,93.8,2024-06-04
1245,1246,F,3,Seoul,12.0,78.9,98.6,97.9,2024-04-10
1246,1247,F,2,Seoul,13.0,88.8,64.7,88.8,2024-10-01
1247,1248,F,3,Seoul,12.2,100.0,67.4,87.8,2024-12-31
1248,1249,M,3,Gyeonggi,14.0,95.8,65.1,72.4,2024-11-17
1249,1250,M,3,Seoul,,90.0%,76.0,85.3,2024-11-21
1250,1251,F,3,Gyeonggi,3.8,86.3,65.1,63.1,2024-07-26
1251,1252,F,2,Seoul,12.8,91.5,87.8,74.2,2024-05-18
1252,1253,M,1,Busan,13.7,95.0,100.0,64.5,2025-01-04
1253,1254,M,1,Daegu,13.2,96.0,86.8,100.0,2024-05-31
1254,1255,M,2,Gyeonggi,,91.10000000000001,60.5,81.9,2024-04-13
1255,1256,M,2,Seoul,15.9,99.5,62.4,98.5,2024-03-03
1256,1257,M,2,Busan,17.1,84.2,46.5,73.9,2024-05-01
1257,1258,F,3,Seoul,,86.2,73.6,80.5,2024-12-10
1258,1259,M,3,Etc,15.9,94.1,84.3,50.0,2025-01-28
1259,1260,M,2,Seoul,11.0,81.0,83.0,91.5,2025-01-09
1260,1261,F,3,Busan,6.3,82.39999999999999%,85.0,68.4,2025-02-24
1261,1262,F,2,Busan,18.2,98.2,68.9,51.3,2024-04-23
1262,1263,F,1,Gyeonggi,,93.7,86.9,66.6,2024-10-19
1263,1264,F,2,Seoul,2.3,89.0,74.5,78.7,2024-04-19
1264,1265,M,1,Daegu,10.3,87.6,75.4,69.7,2024-12-09
1265,1266,M,1,Daegu,28.3,85.3,56.3,92.0,2024-11-05
1266,1267,F,3,Busan,13.0,84.3,71.7,93.3,2024-03-16
1267,1268,M,3,Seoul,17.8,80.5,62.3,86.4,2024-10-27
1268,1269,M,1,Seoul,12.8,87.0,73.9,87.1,2024-07-14
1269,1270,F,3,Gyeonggi,7.0,100.0,81.1,88.6,2024-05-09
1270,1271,F,3,Seoul,17.0,92.9,50.1,90.3,2024-08-15
1271,1272,F,3,Daegu,5.0,86.4,74.6,54.7,2025-01-01
1272,1273,F,2,Seoul,15.1,88.2,79.5,83.6,2024-11-23
1273,1274,M,3,Seoul,0.0,93.89999999999999%,79.3,88.0,2024-08-19
1274,1275,F,2,Seoul,5.2,91.60000000000001,95.0,69.9,2024-04-23
1275,1276,M,2,Seoul,21.8,92.4,64.5,52.9,2024-08-01
1276,1277,F,1,Gyeonggi,21.8,73.7,85.3,67.1,2024-03-12
1277,1278,F,2,Gyeonggi,6.4,100.0,84.6,63.8,2024-11-14
1278,1279,M,1,Busan,16.4,93.4,76.7,72.7,2024-04-30
1279,1280,F,3,Daegu,17.8,92.5,69.1,40.9,2024-09-20
1280,1281,M,2,Gyeonggi,15.4,100.0,62.9,67.8,2024-11-11
1281,1282,F,3,Gyeonggi,11.6,83.39999999999999,97.9,57.4,2024-10-02
1282,1283,M,2,Seoul,0.4,85.7,53.6,94.8,2025-01-13
1283,1284,M,1,Seoul,21.9,100.0,70.6,,2024-10-01
1284,1285,M,3,Etc,7.9,88.7%,77.7,70.8,2024-09-05
1285,1286,M,2,Seoul,17.7,87.4,91.2,57.4,2024-12-12
1286,1287,M,2,Seoul,18.5,86.4,69.1,68.5,2024-05-30
1287,1288,M,3,Etc,10.0,85.3,,89.6,2024-07-03
1288,1289,M,1,Seoul,13.8,93.4,83.6,85.7,2024-07-05
1289,1290,F,3,Etc,13.0,100.0,28.1,61.2,2024-12-04
1290,1291,M,1,Seoul,6.6,88.8,65.9,67.9,2024-11-22
1291,1292,M,1,Gyeonggi,11.7,94.3,81.2,67.7,2024-11-05
1292,1293,M,3,Seoul,14.4,94.0,76.5,,2024-08-04
1293,1294,F,1,Seoul,20.7,92.4,77.7,82.4,2024-11-17
1294,1295,M,2,Gyeonggi,21.2,97.7,68.2,68.7,2024-08-21
1295,1296,M,1,Gyeonggi,5.2,98.9,78.5,87.5,2024-07-25
1296,1297,F,2,Seoul,18.2,100.0,73.6,81.1,2024-05-19
1297,1298,M,1,Gyeonggi,0.0,98.0,83.9,73.6,2024-07-12
1298,1299,M,2,Daegu,10.4,100.0,,46.9,2024-12-09
1299,1300,M,1,Busan,4.9,81.89999999999999,61.5,69.3,2024-06-12
1300,1301,F,2,Seoul,17.7,90.4,,68.2,2024-06-16
1301,1302,F,3,Gyeonggi,14.9,87.3,84.4,68.5,2024-12-29
1302,1303,M,2,Seoul,2.4,86.2,86.8,57.5,2024-06-09
1303,1304,F,3,Gyeonggi,7.2,94.89999999999999,100.0,50.0,2024-09-16
1304,1305,M,1,Gyeonggi,13.0,92.30000000000001,63.2,56.1,2024-06-04
1305,1306,M,2,Gyeonggi,11.4,100.0,44.0,,2024-07-09
1306,1307,F,1,Gyeonggi,10.0,84.39999999999999,97.7,72.9,2024-03-08
1307,1308,M,3,Seoul,10.3,77.60000000000001,85.5,59.6,2025-01-24
1308,1309,F,3,Gyeonggi,2.6,100.0,74.1,82.9,2024-09-03
1309,1310,M,2,Etc,20.6,97.89999999999999%,,69.1,2024-08-01
1310,1311,F,2,Etc,18.6,89.1,77.3,77.8,2024-05-20
1311,1312,M,1,Seoul,16.7,88.3%,70.6,88.4,2024-06-01
1312,1313,M,2,Busan,12.0,86.5,94.7,52.4,2024-07-25
1313,1314,F,3,Gyeonggi,14.0,97.5,50.5,66.7,2024-03-28
1314,1315,M,2,Busan,20.4,100.0,100.0,77.7,2024-08-26
1315,1316,F,1,Seoul,8.7,91.8%,49.0,91.7,2024-06-10
1316,1317,M,2,Gyeonggi,11.1,82.19999999999999,57.5,71.6,2024-11-06
1317,1318,F,1,Daegu,0.1,87.0,80.3,65.1,2025-02-24
1318,1319,M,2,Busan,12.9,83.0,54.8,88.6,2025-01-30
1319,1320,F,2,Etc,12.2,89.4,41.6,62.1,2025-01-11
1320,1321,M,3,Etc,9.1,83.3,79.3,74.4,2024-04-25
1321,1322,M,2,Daegu,15.4,93.60000000000001,72.4,63.3,2024-04-19
1322,1323,F,3,Daegu,14.0,100.0%,68.4,78.4,2024-12-30
1323,1324,F,1,Gyeonggi,20.0,89.0,55.0,84.9,2024-03-05
1324,1325,M,2,Gyeonggi,5.7,86.9,49.5,58.9,2024-03-16
1325,1326,M,2,Seoul,8.6,96.3,62.5,93.8,2024-08-11
1326,1327,F,2,Etc,16.8,85.6,76.7,76.6,2024-04-29
1327,1328,M,2,Gyeonggi,11.1,84.1,72.9,92.4,2024-09-12
1328,1329,M,3,Etc,11.8,89.0,80.2,76.3,2024-11-27
1329,1330,F,1,Seoul,25.8,92.80000000000001,76.0,78.4,2024-03-23
1330,1331,M,1,Daegu,4.5,95.0,55.3,84.7,2024-09-16
1331,1332,M,1,Seoul,,97.2,68.9,76.5,2024-10-14
1332,1333,M,2,Busan,7.4,96.39999999999999,47.1,73.0,2024-08-13
1333,1334,F,1,Seoul,17.9,100.0,75.7,67.9,2025-02-22
1334,1335,F,3,Etc,8.4,100.0,72.9,69.8,2024-09-22
1335,1336,F,1,Gyeonggi,14.1,97.5,81.2,80.8,2024-03-26
1336,1337,M,3,Gyeonggi,16.4,100.0,58.0,31.9,2024-11-11
1337,1338,F,3,Gyeonggi,16.4,73.2,84.1,59.5,2024-08-03
1338,1339,F,3,Daegu,13.5,90.8,49.0,72.2,2024-04-04
1339,1340,M,3,Daegu,11.8,92.10000000000001,86.3,60.3,2024-05-23
1340,1341,F,2,Daegu,7.3,90.4,68.6,51.7,2024-04-06
1341,1342,F,1,Daegu,,91.10000000000001,69.3,64.9,2024-08-18
1342,1343,M,1,Gyeonggi,13.1,92.80000000000001,66.2,56.0,2024-03-18
1343,1344,M,2,Seoul,15.1,98.2,97.2,46.8,2024-10-10
1344,1345,M,2,Seoul,11.1,97.8%,90.4,88.1,2024-05-02
1345,1346,F,2,Busan,,98.7,100.0,90.1,2024-10-06
1346,1347,F,1,Seoul,11.0,100.0,77.5,64.8,2024-03-28
1347,1348,F,3,Gyeonggi,19.0,99.9,91.0,,2024-03-05
1348,1349,F,3,Seoul,27.3,86.9,68.5,59.0,2024-05-05
1349,1350,F,1,Seoul,22.8,87.8,79.7,52.6,2025-01-13
1350,1351,F,2,Seoul,16.4,86.2,83.8,90.7,2024-11-19
1351,1352,M,2,Seoul,10.3,89.7%,63.6,78.6,2024-06-26
1352,1353,M,1,Gyeonggi,20.0,100.0,92.7,66.5,2024-04-24
1353,1354,M,1,Gyeonggi,5.7,88.1,61.0,63.9,2024-03-03
1354,1355,M,3,Busan,7.0,95.7,84.3,68.7,2025-02-25
1355,1356,F,2,Gyeonggi,14.4,84.6,45.8,55.3,2024-08-07
1356,1357,M,1,Gyeonggi,13.8,90.4%,73.2,66.9,2025-01-22
1357,1358,M,2,Seoul,13.3,91.7,68.6,87.2,2024-04-11
1358,1359,M,3,Etc,17.8,100.0%,80.0,91.6,2024-05-24
1359,1360,F,1,Gyeonggi,9.3,77.10000000000001,73.6,67.4,2025-01-16
1360,1361,M,3,Etc,20.5,96.3,73.2,90.6,2024-10-26
1361,1362,F,1,Seoul,16.2,100.0,50.4,69.8,2024-09-08
1362,1363,M,1,Etc,9.0,85.6,66.9,72.6,2024-03-14
1363,1364,M,1,Seoul,19.4,86.4,70.3,59.8,2024-06-04
1364,1365,M,2,Busan,18.4,83.8,43.0,61.5,2025-01-18
1365,1366,F,1,Seoul,14.0,100.0,69.8,55.1,2024-10-04
1366,1367,M,3,Seoul,5.2,88.1,81.7,71.6,2024-03-27
1367,1368,F,1,Gyeonggi,3.3,100.0,73.9,64.3,2024-06-27
1368,1369,M,1,Etc,12.2,100.0,58.8,75.8,2024-11-23
1369,1370,M,2,Seoul,4.0,96.2,86.0,90.7,2024-12-21
1370,1371,M,1,Gyeonggi,21.3,92.2,100.0,58.0,2024-10-03
1371,1372,M,2,Etc,25.0,86.7,85.3,92.7,2024-11-18
1372,1373,M,2,Busan,7.5,96.5,79.8,89.7,2024-08-15
1373,1374,F,1,Gyeonggi,22.5,89.0,51.3,84.1,2024-07-25
1374,1375,F,2,Busan,13.7,99.3,80.4,64.4,2024-04-26
1375,1376,M,3,Busan,11.6,86.9,54.5,70.1,2024-05-23
1376,1377,F,2,Etc,20.0,85.0,80.4,86.1,2025-01-30
1377,1378,F,1,Seoul,17.1,95.5,67.1,54.8,2024-11-13
1378,1379,F,2,Daegu,9.4,86.4,72.3,79.2,2025-02-14
1379,1380,M,1,Busan,15.3,80.2,56.4,57.0,2025-01-09
1380,1381,F,3,Seoul,17.0,90.8,72.9,87.0,2024-05-23
1381,1382,F,1,Daegu,26.3,100.0,64.1,60.5,2025-02-26
1382,1383,F,3,Seoul,15.5,95.8,99.2,74.0,2024-09-26
1383,1384,M,2,Seoul,14.4,96.8%,62.6,71.8,2024-09-23
1384,1385,F,3,Gyeonggi,17.4,91.7%,100.0,56.5,2024-07-10
1385,1386,F,3,Seoul,8.3,83.6%,67.8,67.6,2025-01-27
1386,1387,F,1,Etc,16.4,100.0,94.7,80.0,2024-09-05
1387,1388,M,1,Seoul,6.0,100.0,58.0,39.6,2024-08-24
1388,1389,M,3,Gyeonggi,26.3,87.9,96.2,67.8,2024-03-16
1389,1390,M,2,Seoul,13.6,100.0,94.2,60.5,2024-12-03
1390,1391,F,3,Daegu,11.8,93.8,84.9,97.1,2024-03-15
1391,1392,M,2,Gyeonggi,23.4,94.19999999999999,72.5,68.4,2024-11-25
1392,1393,M,1,Busan,7.5,92.30000000000001,61.9,89.4,2025-01-14
1393,1394,F,3,Seoul,8.2,88.3,63.2,60.7,2024-04-02
1394,1395,M,1,Seoul,10.9,93.30000000000001,53.7,61.2,2024-05-01
1395,1396,M,3,Gyeonggi,9.3,86.8,34.8,79.7,2025-02-11
1396,1397,M,2,Gyeonggi,22.0,78.2,,62.3,2024-10-01
1397,1398,F,2,Gyeonggi,5.7,92.4,86.2,78.9,2024-03-27
1398,1399,F,1,Daegu,14.6,88.5%,57.2,60.3,2024-03-10
1399,1400,F,1,Gyeonggi,6.6,95.0,65.8,100.0,2025-01-15
1400,1401,M,2,Etc,,89.0,68.5,61.8,2024-11-01
1401,1402,F,2,Seoul,0.0,91.2,93.3,66.9,2024-12-04
1402,1403,M,1,Seoul,18.5,100.0,59.2,58.0,2024-10-08
1403,1404,F,1,Gyeonggi,6.0,98.1,28.2,64.3,2024-08-23
1404,1405,F,3,Gyeonggi,8.4,100.0,54.5,74.4,2025-02-21
1405,1406,M,1,Gyeonggi,14.2,89.5,54.7,68.0,2024-03-07
1406,1407,F,2,Seoul,16.5,92.2,82.6,62.8,2025-02-08
1407,1408,F,2,Busan,6.5,86.6,44.6,82.2,2024-05-25
1408,1409,F,2,Gyeonggi,15.3,96.3%,80.0,80.7,2024-03-30
1409,1410,M,1,Seoul,21.8,87.5,95.3,60.3,2024-03-02
1410,1411,F,2,Seoul,13.6,100.0,76.5,81.5,2024-09-14
1411,1412,M,3,Etc,8.0,100.0,69.3,82.7,2024-08-01
1412,1413,F,2,Daegu,4.4,88.5,74.6,100.0,2025-01-27
1413,1414,F,1,Seoul,12.9,92.80000000000001,74.5,95.4,2024-07-30
1414,1415,F,1,Seoul,12.0,91.2,89.5,87.7,2024-10-29
1415,1416,F,3,Seoul,17.4,99.1,66.9,55.5,2024-04-08
1416,1417,M,2,Seoul,15.0,92.80000000000001,58.0,82.8,2025-01-13
1417,1418,M,3,Busan,8.6,100.0,79.5,41.2,2024-07-17
1418,1419,F,2,Gyeonggi,3.3,93.2%,77.2,73.7,2024-08-06
1419,1420,M,2,Gyeonggi,3.6,82.8,65.9,47.7,2024-09-29
1420,1421,M,1,Gyeonggi,12.7,93.8,43.3,68.0,2025-01-08
1421,1422,F,3,Busan,,87.8,66.5,61.1,2024-09-24
1422,1423,M,2,Busan,12.2,84.6,92.1,,2025-01-06
1423,1424,F,3,Busan,8.5,92.9,69.1,89.9,2024-10-25
1424,1425,M,2,Gyeonggi,15.9,96.0,74.9,41.6,2024-11-30
1425,1426,M,1,Seoul,15.0,93.8,62.3,79.1,2024-12-05
1426,1427,F,1,Seoul,21.3,82.39999999999999,79.3,82.8,2024-06-08
1427,1428,M,2,Seoul,13.4,87.9%,70.0,65.0,2024-05-17
1428,1429,M,2,Etc,12.3,94.8,,58.6,2024-10-28
1429,1430,M,3,Seoul,14.6,88.7,100.0,72.2,2025-02-09
1430,1431,F,1,Seoul,9.8,100.0,77.9,72.0,2025-01-11
1431,1432,F,2,Daegu,17.5,94.69999999999999,76.1,70.1,2024-06-18
1432,1433,M,3,Etc,13.7,79.3,91.6,64.9,2025-01-05
1433,1434,F,2,Seoul,14.3,92.10000000000001,76.2,69.0,2024-12-14
1434,1435,M,3,Etc,18.0,87.2,75.3,76.8,2024-05-27
1435,1436,F,1,Busan,,92.7,60.3,,2024-04-01
1436,1437,M,1,Gyeonggi,13.2,97.89999999999999,34.7,87.0,2024-04-20
1437,1438,M,1,Seoul,10.1,78.8,86.9,69.1,2025-01-21
1438,1439,F,2,Etc,14.9,84.2,78.4,47.8,2025-01-08
1439,1440,M,2,Seoul,8.5,89.1,64.4,91.9,2024-08-10
1440,1441,M,3,Seoul,9.3,95.5,86.2,82.0,2024-05-22
1441,1442,M,3,Seoul,22.1,100.0,68.8,92.8,2024-05-13
1442,1443,F,1,Gyeonggi,11.1,100.0,80.1,93.7,2024-10-20
1443,1444,F,3,Seoul,5.8,82.69999999999999,75.4,63.2,2024-08-12
1444,1445,M,1,Etc,10.0,95.19999999999999,80.1,44.7,2024-05-25
1445,1446,M,3,Seoul,8.1,94.39999999999999,68.3,,2024-08-01
1446,1447,F,3,Etc,9.8,90.9,66.4,79.1,2024-06-30
1447,1448,M,2,Seoul,2.0,96.39999999999999,61.2,82.0,2025-01-09
1448,1449,M,2,Gyeonggi,10.9,87.0,60.2,90.9,2024-05-16
1449,1450,F,2,Gyeonggi,8.3,89.8,78.3,88.7,2024-07-25
1450,1451,M,2,Etc,19.4,100.0,,86.7,2024-12-27
1451,1452,M,3,Etc,18.1,96.39999999999999,77.3,80.2,2024-08-24
1452,1453,F,1,Seoul,8.8,74.1,50.1,85.9,2024-05-19
1453,1454,M,2,Seoul,3.1,92.5,76.8,86.4,2025-02-22
1454,1455,M,2,Busan,8.0,84.8,73.7,71.5,2024-04-10
1455,1456,M,3,Seoul,17.5,100.0,72.7,69.8,2024-04-07
1456,1457,M,1,Etc,11.1,98.8,86.5,59.9,2024-12-24
1457,1458,M,3,Seoul,,90.10000000000001,68.3,47.4,2024-03-02
1458,1459,M,1,Seoul,12.1,99.0,66.1,66.0,2024-11-08
1459,1460,F,2,Seoul,18.2,88.0,71.3,86.3,2024-05-09
1460,1461,M,2,Busan,9.9,98.4,80.8,100.0,2024-09-08
1461,1462,F,3,Seoul,8.7,94.3%,,64.3,2025-02-18
1462,1463,M,1,Gyeonggi,8.1,97.2,64.2,89.5,2024-07-15
1463,1464,F,2,Daegu,10.1,81.6,81.3,71.9,2024-08-11
1464,1465,M,1,Seoul,13.2,94.3,79.4,72.8,2024-12-17
1465,1466,F,3,Seoul,19.9,86.5,71.3,81.1,2024-08-06
1466,1467,M,1,Seoul,13.4,88.8,42.5,58.8,2024-08-23
1467,1468,M,3,Seoul,16.9,89.8,63.9,92.2,2024-06-23
1468,1469,F,3,Busan,13.5,90.0,70.3,64.7,2024-03-13
1469,1470,F,2,Seoul,6.4,88.7,66.4,64.8,2024-03-04
1470,1471,F,1,Gyeonggi,20.1,92.5,50.1,47.1,2024-11-24
1471,1472,M,3,Seoul,6.7,93.60000000000001,57.9,74.9,2024-04-20
1472,1473,F,2,Daegu,8.3,86.5,53.2,71.4,2024-07-30
1473,1474,M,2,Seoul,16.1,89.5%,88.1,82.6,2024-07-17
1474,1475,M,2,Etc,14.6,93.10000000000001,83.5,76.8,2024-03-17
1475,1476,M,1,Etc,5.8,100.0,78.7,80.3,2024-06-28
1476,1477,F,1,Seoul,4.1,88.6,76.4,79.2,2024-11-07
1477,1478,F,2,Seoul,,100.0,62.3,59.8,2024-05-19
1478,1479,M,1,Gyeonggi,18.1,84.2,36.4,75.4,2025-01-07
1479,1480,F,3,Seoul,12.7,86.4,73.8,75.2,2024-05-16
1480,1481,F,3,Gyeonggi,6.1,94.39999999999999,76.0,47.9,2024-10-19
1481,1482,F,3,Busan,12.1,95.8,60.2,73.8,2025-01-23
1482,1483,F,2,Seoul,19.8,85.39999999999999,34.6,82.5,2024-08-30
1483,1484,M,3,Seoul,13.9,84.2,52.8,70.4,2024-07-17
1484,1485,M,3,Busan,8.2,100.0,47.5,66.9,2024-04-05
1485,1486,F,2,Seoul,16.8,93.10000000000001,77.1,62.3,2024-05-25
1486,1487,F,1,Seoul,23.7,86.5,100.0,79.8,2024-08-27
1487,1488,M,1,Gyeonggi,24.8,95.89999999999999,40.9,52.8,2024-05-04
1488,1489,F,2,Seoul,15.2,100.0,59.3,68.1,2024-03-18
1489,1490,F,1,Etc,11.7,100.0,61.1,98.5,2024-06-08
1490,1491,F,1,Daegu,3.0,82.69999999999999,72.1,84.1,2024-08-26
1491,1492,M,2,Busan,7.6,87.2%,81.9,63.3,2024-11-06
1492,1493,F,2,Daegu,19.7,86.5,74.9,82.2,2025-01-24
1493,1494,F,2,Daegu,16.7,94.0,61.4,54.1,2024-11-04
1494,1495,F,1,Daegu,13.1,91.7,67.4,87.7,2024-03-28
1495,1496,M,2,Etc,7.0,83.8,69.7,75.9,2025-02-02
1496,1497,M,2,Busan,16.5,87.2,61.4,71.0,2024-04-06
1497,1498,M,1,Gyeonggi,15.7,87.6,55.3,56.5,2024-06-17
1498,1499,M,2,Busan,15.1,82.39999999999999,59.0,75.2,2025-01-22
1499,1500,M,2,Seoul,7.5,100.0,62.9,61.2,2024-08-12
1500,1501,M,3,Seoul,7.9,90.7,67.3,58.1,2024-10-04
1501,1502,F,3,Seoul,4.2,89.0,74.0,56.5,2024-12-23
1502,1503,F,1,Gyeonggi,0.0,100.0,96.9,95.3,2025-01-25
1503,1504,M,3,Seoul,8.8,82.3,94.7,34.9,2025-01-14
1504,1505,M,2,Daegu,13.3,95.8,62.1,83.5,2024-12-02
1505,1506,M,3,Etc,9.2,100.0,58.6,76.1,2024-12-26
1506,1507,F,3,Seoul,18.7,97.2,63.3,52.4,2024-11-12
1507,1508,M,1,Busan,4.3,100.0,55.0,59.3,2024-10-12
1508,1509,M,1,Seoul,19.9,88.6,86.0,56.3,2024-11-25
1509,1510,M,3,Seoul,17.0,89.60000000000001,69.9,79.7,2024-04-09
1510,1511,M,3,Seoul,4.5,92.4,58.7,92.4,2024-08-28
1511,1512,M,1,Seoul,27.5,93.5,54.2,99.0,2024-03-02
1512,1513,M,1,Seoul,10.6,86.4,94.2,75.5,2024-04-20
1513,1514,F,2,Gyeonggi,6.0,97.3%,100.0,69.9,2024-07-09
1514,1515,F,1,Seoul,6.2,88.3,79.8,75.2,2024-11-30
1515,1516,F,1,Etc,9.1,88.0,48.8,72.9,2024-04-19
1516,1517,F,3,Seoul,9.8,81.89999999999999,60.7,80.9,2025-02-08
1517,1518,F,2,Busan,8.5,100.0,75.2,75.1,2024-06-29
1518,1519,M,2,Gyeonggi,13.8,94.89999999999999,68.9,94.8,2024-08-21
1519,1520,F,2,Gyeonggi,19.5,89.7,79.6,100.0,2024-05-27
1520,1521,M,1,Etc,8.0,82.0,61.1,68.1,2024-04-25
1521,1522,M,2,Seoul,13.6,100.0,70.7,81.5,2024-11-01
1522,1523,M,3,Seoul,18.5,89.0,75.4,51.7,2024-11-22
1523,1524,M,3,Gyeonggi,8.9,89.7,45.0,58.2,2024-09-11
1524,1525,M,2,Seoul,7.8,92.30000000000001,76.3,89.8,2024-10-21
1525,1526,M,3,Daegu,13.0,99.7,86.1,66.6,2024-12-28
1526,1527,M,2,Seoul,0.0,98.6,80.6,80.4,2025-01-16
1527,1528,F,3,Gyeonggi,11.6,90.7,71.1,62.0,2024-07-04
1528,1529,F,3,Seoul,24.2,98.4,54.6,,2024-04-10
1529,1530,M,3,Seoul,,94.19999999999999,67.6,,2024-09-05
1530,1531,F,1,Seoul,22.0,83.8,44.0,,2025-01-17
1531,1532,M,1,Gyeonggi,14.5,86.9,80.6,83.7,2024-06-15
1532,1533,F,2,Gyeonggi,10.6,91.4,96.0,92.9,2024-05-05
1533,1534,M,3,Gyeonggi,13.4,88.7,50.8,60.9,2024-07-09
1534,1535,F,3,Seoul,14.7,92.5,59.9,68.9,2024-05-09
1535,1536,F,2,Gyeonggi,8.2,91.9,64.6,83.7,2024-04-19
1536,1537,F,1,Gyeonggi,3.2,100.0,92.8,82.1,2024-09-11
1537,1538,M,1,Busan,10.4,89.60000000000001,75.8,93.2,2024-11-23
1538,1539,M,2,Seoul,7.8,98.2,90.0,77.6,2024-11-28
1539,1540,F,1,Seoul,15.7,86.9,66.4,44.0,2024-06-28
1540,1541,F,1,Busan,16.1,94.1,84.2,81.4,2024-10-30
1541,1542,F,3,Busan,9.3,84.5,76.4,51.9,2025-01-17
1542,1543,F,1,Seoul,15.1,96.8,73.4,48.4,2025-02-03
1543,1544,F,1,Busan,14.5,88.7,66.5,57.4,2024-10-13
1544,1545,M,2,Busan,0.0,88.6,61.1,93.9,2024-10-12
1545,1546,M,2,Etc,17.8,90.7,52.6,81.8,2025-01-24
1546,1547,M,1,Busan,3.8,86.2,85.5,75.4,2025-02-14
1547,1548,F,2,Etc,,100.0,,64.4,2025-01-10
1548,1549,M,2,Busan,21.6,100.0,50.2,97.3,2024-06-28
1549,1550,F,3,Seoul,17.0,100.0,79.0,73.4,2024-06-26
1550,1551,F,1,Daegu,4.0,100.0,67.3,55.0,2024-07-24
1551,1552,F,1,Seoul,12.4,91.2,32.4,74.7,2024-11-19
1552,1553,M,1,Busan,12.3,100.0,82.2,71.6,2024-12-15
1553,1554,F,1,Gyeonggi,13.6,90.3,56.0,51.4,2024-03-02
1554,1555,F,2,Daegu,3.8,83.1,62.5,76.4,2024-03-25
1555,1556,F,3,Seoul,25.1,73.0%,83.9,53.7,2024-05-06
1556,1557,F,3,Busan,14.6,100.0,51.5,48.4,2024-10-24
1557,1558,F,2,Seoul,12.8,89.4,63.2,75.4,2025-01-13
1558,1559,F,1,Seoul,17.7,88.4,54.3,79.3,2025-01-19
1559,1560,F,2,Seoul,10.9,82.1,100.0,89.8,2024-12-03
1560,1561,M,2,Gyeonggi,15.7,100.0%,67.6,85.2,2024-12-19
1561,1562,F,1,Seoul,7.5,90.8,85.5,80.2,2024-08-17
1562,1563,F,3,Daegu,8.1,95.89999999999999,85.7,56.8,2024-08-28
1563,1564,F,2,Gyeonggi,15.3,93.0,100.0,59.3,2024-04-09
1564,1565,M,2,Busan,12.0,94.69999999999999,,75.7,2024-12-16
1565,1566,F,3,Seoul,11.7,96.39999999999999,79.6,78.9,2024-12-20
1566,1567,F,3,Busan,14.2,93.7,72.9,64.1,2024-11-06
1567,1568,M,3,Busan,5.0,93.4,100.0,57.9,2025-02-18
1568,1569,M,1,Daegu,0.0,90.60000000000001,57.2,100.0,2024-06-21
1569,1570,F,1,Seoul,10.4,92.80000000000001,93.3,86.2,2024-12-03
1570,1571,M,1,Etc,3.8,94.69999999999999,60.8,51.6,2024-11-17
1571,1572,M,3,Gyeonggi,14.1,92.7,64.3,81.9,2024-05-22
1572,1573,F,1,Seoul,18.6,83.39999999999999%,75.7,75.1,2024-04-16
1573,1574,M,3,Gyeonggi,10.8,93.0,70.1,79.2,2024-10-29
1574,1575,M,2,Etc,3.5,98.7,69.9,83.2,2024-05-06
1575,1576,M,1,Gyeonggi,11.2,87.1,72.3,55.4,2024-05-14
1576,1577,M,3,Gyeonggi,6.9,83.8,76.7,85.9,2024-03-03
1577,1578,F,2,Etc,,99.3,70.0,71.5,2024-10-06
1578,1579,F,1,Seoul,12.0,89.3,,81.9,2024-12-22
1579,1580,F,1,Seoul,19.2,82.5,72.9,74.5,2024-10-16
1580,1581,F,3,Busan,7.1,89.1,80.7,58.6,2024-08-01
1581,1582,F,3,Busan,11.9,90.10000000000001,74.6,84.1,2024-07-15
1582,1583,M,1,Etc,7.4,91.7,81.0,59.5,2024-06-27
1583,1584,F,3,Gyeonggi,14.9,85.8,60.2,73.3,2024-08-01
1584,1585,M,1,Seoul,10.2,97.39999999999999,66.3,77.3,2025-01-05
1585,1586,F,2,Busan,7.7,89.8,43.7,94.0,2025-01-11
1586,1587,F,3,Busan,3.5,87.3,70.4,59.8,2024-10-20
1587,1588,F,2,Gyeonggi,17.0,95.6,96.2,68.1,2024-11-12
1588,1589,F,2,Gyeonggi,15.7,83.0,87.6,82.6,2024-09-07
1589,1590,F,3,Seoul,8.7,100.0,60.7,72.1,2024-11-13
1590,1591,M,1,Seoul,7.5,86.9,67.6,75.3,2025-02-18
1591,1592,M,2,Etc,14.9,93.4,89.3,46.5,2025-02-17
1592,1593,F,3,Busan,19.5,98.0,54.4,39.0,2024-09-15
1593,1594,F,2,Gyeonggi,0.0,98.7,79.5,68.8,2024-04-10
1594,1595,F,3,Busan,18.8,88.8,57.7,60.5,2025-02-18
1595,1596,F,3,Gyeonggi,13.9,95.5,80.6,50.8,2024-09-10
1596,1597,M,2,Gyeonggi,15.0,93.5,70.3,90.3,2024-04-29
1597,1598,M,3,Etc,9.4,91.7,84.6,95.6,2024-07-23
1598,1599,F,3,Etc,6.0,97.0,87.1,77.1,2024-10-12
1599,1600,F,2,Seoul,13.9,100.0,71.0,80.4,2024-05-27
1600,1601,M,2,Busan,2.1,85.1,70.2,73.8,2024-06-13
1601,1602,M,1,Etc,19.8,84.7,59.0,56.2,2024-08-19
1602,1603,F,2,Daegu,14.9,93.30000000000001,58.6,73.0,2024-12-29
1603,1604,M,3,Gyeonggi,5.9,97.39999999999999%,72.7,81.1,2024-05-17
1604,1605,F,1,Gyeonggi,15.5,100.0,68.9,86.0,2024-12-08
1605,1606,F,1,Busan,3.0,100.0,62.9,84.5,2024-07-04
1606,1607,M,1,Etc,15.7,92.5,63.7,72.2,2024-05-14
1607,1608,F,2,Gyeonggi,16.7,95.8,85.0,100.0,2024-03-05
1608,1609,F,1,Seoul,12.3,95.19999999999999,78.7,77.6,2024-04-28
1609,1610,F,2,Gyeonggi,15.5,82.69999999999999%,75.0,95.2,2024-11-02
1610,1611,F,3,Etc,6.1,100.0,64.0,100.0,2024-06-15
1611,1612,F,3,Gyeonggi,0.0,90.8%,76.1,47.8,2025-02-01
1612,1613,F,3,Gyeonggi,16.3,100.0%,57.2,59.7,2024-10-18
1613,1614,F,3,Gyeonggi,18.1,100.0,77.2,94.0,2025-02-11
1614,1615,F,3,Seoul,19.6,92.2%,81.0,61.3,2024-06-27
1615,1616,M,1,Busan,11.0,93.7,90.6,89.0,2024-03-17
1616,1617,M,2,Gyeonggi,5.9,81.89999999999999,71.5,64.7,2024-07-26
1617,1618,F,1,Seoul,0.0,100.0,78.1,56.8,2024-11-18
1618,1619,M,2,Daegu,31.9,89.1,33.9,41.1,2024-08-10
1619,1620,F,1,Gyeonggi,16.1,100.0,58.3,57.2,2025-02-19
1620,1621,M,2,Gyeonggi,14.5,81.2,85.4,96.6,2024-08-18
1621,1622,M,1,Seoul,8.1,91.5,68.0,,2024-05-28
1622,1623,M,3,Daegu,13.2,93.10000000000001,55.4,74.1,2024-10-14
1623,1624,F,1,Etc,13.2,79.0,69.1,81.7,2024-09-26
1624,1625,F,1,Gyeonggi,9.5,85.7,66.5,78.8,2025-01-05
1625,1626,M,1,Etc,14.0,75.4,85.5,91.8,2024-10-31
1626,1627,M,1,Gyeonggi,12.0,91.5,48.2,84.3,2024-03-04
1627,1628,F,1,Seoul,21.6,94.0%,94.4,40.4,2024-12-14
1628,1629,M,2,Seoul,2.1,85.7,42.4,73.8,2024-09-19
1629,1630,M,1,Busan,9.5,90.2,90.8,59.4,2024-03-08
1630,1631,F,2,Gyeonggi,12.5,91.7,70.5,60.9,2024-06-26
1631,1632,M,2,Etc,12.4,98.2,60.8,70.4,2024-04-26
1632,1633,F,3,Busan,0.0,94.6%,66.2,86.1,2024-05-11
1633,1634,M,2,Seoul,10.8,100.0,88.4,79.6,2024-08-25
1634,1635,F,2,Seoul,15.2,92.4,77.4,50.1,2024-03-28
1635,1636,F,1,Seoul,0.0,90.0,61.9,60.2,2024-07-19
1636,1637,F,2,Busan,19.8,100.0,90.7,76.5,2024-06-10
1637,1638,M,2,Daegu,16.2,98.0,79.1,79.0,2025-01-20
1638,1639,M,1,Gyeonggi,25.5,80.5,67.0,87.5,2024-05-05
1639,1640,M,3,Gyeonggi,6.5,86.9,62.8,47.8,2024-04-26
1640,1641,M,2,Seoul,6.7,80.5,97.9,58.0,2024-12-09
1641,1642,F,1,Etc,4.8,95.19999999999999,99.2,73.0,2024-10-21
1642,1643,M,3,Seoul,9.9,89.0,75.8,66.1,2024-09-28
1643,1644,M,3,Busan,9.8,100.0,63.9,78.2,2024-12-12
1644,1645,M,1,Gyeonggi,0.0,94.1,57.4,51.0,2024-09-29
1645,1646,M,3,Gyeonggi,5.9,100.0,99.6,69.6,2024-08-22
1646,1647,M,3,Etc,16.7,96.0,50.7,74.7,2025-01-16
1647,1648,F,1,Etc,7.3,83.6,73.3,84.1,2024-12-20
1648,1649,M,2,Seoul,21.5,99.9,66.0,29.8,2024-08-29
1649,1650,F,3,Gyeonggi,3.1,100.0,80.5,69.4,2024-06-08
1650,1651,M,2,Seoul,15.8,93.60000000000001%,84.1,95.6,2024-12-25
1651,1652,M,3,Busan,7.0,93.5,63.8,72.8,2024-10-06
1652,1653,F,2,Gyeonggi,13.6,97.1,67.8,68.3,2025-01-03
1653,1654,F,2,Etc,12.3,85.2%,88.0,91.8,2024-03-02
1654,1655,F,2,Busan,15.3,99.8,64.1,95.5,2024-04-12
1655,1656,F,2,Gyeonggi,0.0,100.0,67.6,68.3,2024-08-24
1656,1657,M,2,Seoul,16.0,91.0%,78.5,74.3,2024-07-19
1657,1658,M,3,Seoul,12.6,97.39999999999999,91.8,74.3,2024-08-30
1658,1659,M,3,Seoul,11.8,92.9,57.1,58.6,2024-09-30
1659,1660,F,1,Daegu,20.2,89.5,73.5,92.4,2024-12-29
1660,1661,F,1,Etc,21.4,92.5,70.8,59.1,2024-06-12
1661,1662,M,1,Daegu,21.3,92.4,58.1,80.7,2024-09-24
1662,1663,F,3,Daegu,3.7,87.9,73.6,68.4,2025-02-24
1663,1664,M,1,Seoul,18.0,83.0,78.5,72.4,2025-02-27
1664,1665,F,1,Gyeonggi,,94.6,68.9,82.8,2024-10-18
1665,1666,F,3,Gyeonggi,4.7,100.0,78.8,55.5,2024-04-24
1666,1667,M,3,Daegu,11.1,84.89999999999999,66.7,69.7,2024-09-03
1667,1668,M,3,Busan,,90.2,55.7,64.9,2024-04-09
1668,1669,F,1,Seoul,10.6,100.0,79.1,63.7,2024-12-12
1669,1670,F,2,Gyeonggi,16.4,92.4,73.8,100.0,2024-10-01
1670,1671,M,3,Seoul,9.2,100.0,52.0,60.6,2024-09-02
1671,1672,F,2,Busan,14.0,97.5,75.3,62.2,2024-10-06
1672,1673,F,2,Seoul,20.1,95.1,81.2,78.6,2024-08-11
1673,1674,M,1,Busan,14.1,86.5,80.7,73.5,2024-09-12
1674,1675,M,1,Gyeonggi,23.1,92.0,93.9,,2024-11-26
1675,1676,M,2,Gyeonggi,14.4,87.9%,91.8,80.8,2024-10-03
1676,1677,M,1,Daegu,4.4,87.8,56.8,68.2,2024-03-23
1677,1678,F,2,Gyeonggi,8.4,93.5,90.8,76.6,2025-01-28
1678,1679,F,3,Etc,11.8,92.2,65.3,69.6,2024-11-10
1679,1680,M,2,Daegu,13.5,83.39999999999999,83.0,70.8,2024-03-31
1680,1681,M,3,Seoul,17.9,100.0,69.3,78.8,2024-09-03
1681,1682,M,1,Etc,5.9,91.10000000000001,71.0,80.1,2024-11-11
1682,1683,F,2,Gyeonggi,10.5,88.3,88.7,92.5,2024-03-18
1683,1684,M,1,Etc,14.0,86.4,74.5,63.4,2025-01-04
1684,1685,M,1,Busan,14.0,99.0,64.9,42.0,2024-10-06
1685,1686,F,1,Daegu,23.0,93.5%,81.0,69.6,2024-05-25
1686,1687,M,2,Gyeonggi,1.6,100.0,66.5,50.1,2025-01-13
1687,1688,F,2,Etc,15.7,97.5,64.8,85.4,2024-04-01
1688,1689,F,1,Busan,13.8,77.4,99.0,61.8,2025-02-06
1689,1690,M,2,Gyeonggi,13.7,96.6,75.8,83.3,2024-08-01
1690,1691,F,3,Seoul,21.6,79.7,71.9,59.3,2024-05-15
1691,1692,F,2,Etc,8.3,83.8,51.8,68.9,2024-03-06
1692,1693,M,2,Etc,3.7,85.2,62.0,84.7,2024-04-19
1693,1694,M,2,Gyeonggi,2.9,96.8,66.3,100.0,2024-05-09
1694,1695,M,2,Gyeonggi,8.7,95.3,100.0,92.4,2024-08-08
1695,1696,M,2,Gyeonggi,13.7,82.1,78.4,84.3,2024-10-21
1696,1697,M,3,Etc,12.3,89.8,52.8,70.3,2024-04-02
1697,1698,M,3,Etc,22.0,100.0%,92.5,45.5,2025-01-11
1698,1699,F,3,Seoul,4.5,94.1,84.9,53.4,2024-12-31
1699,1700,F,3,Seoul,12.3,86.5,,85.5,2024-11-01
1700,1701,F,1,Seoul,6.6,88.2,45.0,60.3,2024-09-22
1701,1702,M,3,Etc,7.2,95.3,,61.4,2024-03-03
1702,1703,M,1,Etc,,93.89999999999999,44.5,81.1,2024-04-12
1703,1704,M,2,Daegu,17.8,100.0%,58.6,79.7,2025-01-29
1704,1705,M,2,Gyeonggi,11.7,93.60000000000001,71.2,57.3,2024-08-22
1705,1706,M,1,Gyeonggi,7.4,85.6,71.4,53.6,2024-08-13
1706,1707,F,2,Daegu,5.2,99.4%,76.8,73.8,2024-03-30
1707,1708,M,2,Seoul,10.3,97.6,54.7,52.7,2024-08-13
1708,1709,F,2,Seoul,10.9,100.0,58.5,78.2,2024-06-10
1709,1710,M,1,Gyeonggi,16.9,99.5,76.2,75.5,2024-12-31
1710,1711,M,2,Busan,4.3,91.2,42.7,61.0,2024-11-08
1711,1712,M,2,Gyeonggi,23.2,97.89999999999999,73.0,81.0,2024-09-10
1712,1713,F,3,Seoul,29.0,85.7,57.5,78.4,2024-05-25
1713,1714,F,3,Gyeonggi,13.1,90.60000000000001,74.5,92.9,2025-01-01
1714,1715,M,2,Gyeonggi,13.3,98.0,60.7,,2024-06-18
1715,1716,F,2,Seoul,13.4,90.4,90.2,57.8,2025-02-22
1716,1717,M,3,Etc,15.5,90.4%,63.8,50.5,2024-05-01
1717,1718,F,2,Etc,6.8,88.2,67.2,68.8,2024-03-06
1718,1719,M,2,Daegu,13.0,88.3,57.2,62.9,2025-02-19
1719,1720,M,1,Gyeonggi,11.1,97.39999999999999,64.8,48.5,2024-08-23
1720,1721,M,1,Busan,9.5,85.5,94.3,58.1,2024-06-21
1721,1722,M,2,Gyeonggi,18.0,84.39999999999999,62.0,67.8,2024-11-18
1722,1723,F,2,Gyeonggi,7.2,85.2,96.5,47.4,2024-08-06
1723,1724,F,1,Etc,17.7,100.0,91.1,85.0,2024-10-30
1724,1725,F,1,Gyeonggi,14.5,89.0,76.6,71.7,2025-01-19
1725,1726,M,1,Seoul,18.2,94.6,87.5,97.6,2024-07-22
1726,1727,M,1,Seoul,11.4,98.5,70.6,73.6,2024-07-30
1727,1728,M,1,Busan,9.5,89.4,67.7,83.7,2025-02-08
1728,1729,M,3,Etc,11.6,100.0,69.0,74.8,2024-09-14
1729,1730,F,2,Gyeonggi,17.9,88.0,70.7,61.6,2024-12-13
1730,1731,F,2,Busan,20.8,94.8,76.1,74.1,2024-08-09
1731,1732,F,3,Daegu,17.1,100.0,75.4,93.3,2024-07-28
1732,1733,F,2,Gyeonggi,0.0,100.0,97.3,69.1,2025-02-09
1733,1734,M,3,Seoul,18.7,97.2,67.0,84.3,2024-09-24
1734,1735,M,2,Seoul,12.2,95.89999999999999,68.2,83.8,2024-03-23
1735,1736,F,3,Gyeonggi,12.2,87.7,79.5,85.8,2024-10-15
1736,1737,F,1,Busan,,98.5,67.7,57.5,2024-07-02
1737,1738,M,3,Gyeonggi,7.8,91.3,56.3,49.8,2024-03-11
1738,1739,M,1,Seoul,16.1,91.10000000000001,66.6,60.8,2025-01-26
1739,1740,M,2,Gyeonggi,5.4,85.7,66.4,100.0,2024-04-20
1740,1741,M,3,Daegu,0.0,92.80000000000001,64.3,97.7,2024-12-06
1741,1742,F,1,Gyeonggi,11.5,93.89999999999999,82.8,62.1,2024-12-28
1742,1743,M,1,Gyeonggi,5.7,92.9,69.5,45.2,2024-11-23
1743,1744,M,1,Seoul,15.1,79.5,79.9,62.7,2024-10-30
1744,1745,M,1,Seoul,17.6,85.9,54.9,69.9,2025-01-13
1745,1746,F,2,Seoul,12.8,95.1,55.0,71.9,2024-11-23
1746,1747,F,2,Gyeonggi,10.4,85.9%,90.9,86.8,2024-05-22
1747,1748,F,2,Seoul,8.4,96.6,86.7,37.1,2024-09-15
1748,1749,F,3,Daegu,12.5,76.5,70.5,40.7,2024-04-07
1749,1750,M,1,Gyeonggi,7.4,100.0,97.6,77.0,2025-02-28
1750,1751,M,2,Etc,12.9,93.10000000000001,78.0,84.1,2024-06-15
1751,1752,F,2,Seoul,18.3,99.8,61.1,67.8,2025-02-01
1752,1753,F,3,Busan,,100.0,87.5,38.1,2025-01-18
1753,1754,F,1,Gyeonggi,13.1,96.5,54.3,48.1,2024-06-15
1754,1755,M,3,Etc,,71.39999999999999%,55.4,44.0,2025-01-04
1755,1756,M,1,Gyeonggi,8.7,97.3,74.3,67.9,2024-03-26
1756,1757,M,3,Busan,12.3,92.10000000000001,75.2,55.7,2024-03-11
1757,1758,M,3,Seoul,7.7,93.10000000000001,45.5,55.3,2024-10-06
1758,1759,M,2,Gyeonggi,6.8,94.39999999999999,60.1,64.9,2024-04-12
1759,1760,M,3,Busan,15.9,80.10000000000001,52.4,85.2,2024-09-25
1760,1761,M,2,Seoul,5.1,84.8,65.6,87.3,2025-02-10
1761,1762,F,2,Daegu,11.8,71.1,56.6,83.5,2024-05-24
1762,1763,F,3,Busan,10.2,91.8,82.0,57.6,2025-01-02
1763,1764,M,3,Seoul,7.1,100.0,87.1,78.7,2024-12-01
1764,1765,F,3,Seoul,14.1,87.9,79.4,62.2,2024-04-12
1765,1766,F,2,Seoul,2.9,95.3,77.2,54.0,2024-11-17
1766,1767,F,2,Seoul,5.3,98.3,65.3,89.0,2024-12-26
1767,1768,F,2,Seoul,,82.5,,44.2,2024-06-02
1768,1769,F,2,Busan,4.5,93.8,53.2,91.0,2024-11-28
1769,1770,F,2,Gyeonggi,8.4,97.6,72.7,71.7,2024-04-10
1770,1771,M,1,Seoul,12.2,92.10000000000001,99.9,56.6,2024-04-11
1771,1772,F,1,Gyeonggi,11.8,87.7,64.9,91.6,2024-05-02
1772,1773,F,2,Etc,12.8,95.7,62.0,34.5,2024-12-17
1773,1774,M,2,Seoul,9.9,85.2,73.4,59.0,2024-07-05
1774,1775,M,2,Gyeonggi,12.0,100.0,68.9,63.1,2024-11-01
1775,1776,M,2,Seoul,19.8,91.4,78.3,45.8,2024-12-21
1776,1777,M,2,Seoul,0.7,100.0,60.0,97.7,2024-05-23
1777,1778,F,1,Seoul,13.6,98.0,63.8,82.8,2024-06-30
1778,1779,M,2,Gyeonggi,10.5,86.3,70.3,74.5,2024-07-25
1779,1780,M,2,Gyeonggi,9.6,97.2,54.5,72.0,2024-12-10
1780,1781,F,3,Seoul,6.9,89.0,71.7,62.7,2024-03-28
1781,1782,M,3,Busan,0.0,87.2,78.4,93.1,2024-04-12
1782,1783,F,3,Seoul,11.9,89.4,50.1,89.3,2024-04-29
1783,1784,M,1,Seoul,4.5,94.0,67.3,48.4,2024-03-14
1784,1785,F,1,Seoul,16.1,79.60000000000001,70.4,78.7,2024-08-17
1785,1786,M,2,Seoul,6.9,95.89999999999999,69.0,98.2,2024-07-24
1786,1787,F,3,Gyeonggi,,87.1,59.1,66.9,2024-05-16
1787,1788,M,1,Gyeonggi,9.5,100.0,83.1,75.8,2024-05-16
1788,1789,F,1,Seoul,15.2,100.0,64.0,92.7,2025-01-20
1789,1790,M,3,Daegu,16.3,100.0,65.5,60.5,2024-03-01
1790,1791,F,3,Gyeonggi,15.8,100.0,74.5,47.2,2024-12-09
1791,1792,M,3,Busan,8.3,78.10000000000001,83.6,74.1,2024-12-30
1792,1793,F,1,Seoul,16.0,100.0,70.0,71.7,2025-01-04
1793,1794,M,2,Gyeonggi,3.4,94.6,76.7,57.1,2024-04-12
1794,1795,F,3,Seoul,15.5,100.0,,41.7,2025-01-16
1795,1796,M,2,Gyeonggi,14.2,100.0%,57.9,89.5,2024-09-21
1796,1797,M,1,Gyeonggi,15.1,94.19999999999999,57.6,98.9,2025-02-04
1797,1798,F,2,Seoul,7.2,80.60000000000001,73.3,65.1,2024-09-16
1798,1799,F,3,Seoul,10.7,91.4,97.2,96.8,2024-07-08
1799,1800,M,1,Gyeonggi,19.6,98.0,60.9,,2024-03-24
1800,1801,M,2,Gyeonggi,2.6,90.8,76.4,80.3,2025-02-25
1801,1802,F,3,Busan,13.2,86.2,82.2,82.7,2024-06-26
1802,1803,F,1,Daegu,9.4,100.0,76.2,73.4,2024-12-13
1803,1804,F,2,Seoul,11.1,93.30000000000001,88.1,69.7,2024-08-29
1804,1805,F,2,Seoul,13.7,90.5,53.2,32.7,2024-05-14
1805,1806,F,2,Gyeonggi,5.4,92.5,56.4,100.0,2024-12-31
1806,1807,M,3,Etc,15.2,92.2%,53.8,71.6,2024-06-02
1807,1808,M,3,Etc,5.5,98.7,75.5,72.2,2024-06-14
1808,1809,F,1,Busan,10.5,100.0,63.9,77.8,2024-12-15
1809,1810,M,1,Seoul,2.0,98.9,51.0,52.7,2024-05-19
1810,1811,M,2,Seoul,11.9,89.0,81.9,93.4,2024-11-24
1811,1812,M,3,Gyeonggi,4.0,99.8,97.2,61.1,2025-01-12
1812,1813,M,3,Seoul,14.2,89.9,87.0,72.1,2024-04-29
1813,1814,M,1,Busan,23.7,95.5,69.3,62.5,2024-04-29
1814,1815,F,3,Daegu,9.6,94.1,84.5,57.9,2024-12-14
1815,1816,M,2,Seoul,6.2,85.2,71.2,76.4,2024-10-06
1816,1817,F,3,Etc,9.9,94.19999999999999,73.6,65.8,2024-08-09
1817,1818,M,3,Gyeonggi,13.4,94.1,94.4,87.7,2024-07-29
1818,1819,F,1,Gyeonggi,4.7,99.5,86.8,69.3,2024-03-02
1819,1820,M,2,Busan,10.9,100.0,90.6,73.9,2024-09-15
1820,1821,M,3,Daegu,23.5,100.0,77.2,65.3,2024-12-25
1821,1822,F,3,Busan,15.6,90.7,78.5,67.3,2024-07-24
1822,1823,M,3,Gyeonggi,6.1,83.8,43.4,99.6,2024-08-07
1823,1824,F,3,Daegu,12.9,94.89999999999999,44.9,98.7,2024-05-31
1824,1825,M,3,Etc,10.0,91.0,51.8,58.2,2024-08-27
1825,1826,M,2,Etc,,91.10000000000001,54.1,85.0,2024-06-04
1826,1827,M,2,Seoul,6.3,93.10000000000001,62.5,71.0,2024-11-21
1827,1828,F,1,Gyeonggi,23.2,92.2,71.3,90.8,2024-10-29
1828,1829,F,2,Daegu,,85.6,,87.9,2024-06-05
1829,1830,F,1,Busan,17.3,88.0,77.0,49.5,2024-05-13
1830,1831,M,3,Busan,8.9,100.0,92.6,65.6,2024-06-03
1831,1832,M,1,Daegu,20.5,90.7,62.9,83.9,2024-06-12
1832,1833,M,3,Busan,4.3,91.10000000000001,80.5,70.2,2024-12-14
1833,1834,F,1,Seoul,15.2,100.0%,54.0,83.9,2024-09-01
1834,1835,F,2,Gyeonggi,18.3,91.10000000000001,78.3,58.9,2025-02-22
1835,1836,F,2,Seoul,12.6,92.30000000000001,68.1,63.9,2025-01-14
1836,1837,F,1,Seoul,13.7,84.6,62.9,84.9,2024-07-26
1837,1838,M,1,Seoul,6.9,100.0,48.9,79.6,2024-09-05
1838,1839,M,3,Gyeonggi,8.1,100.0,63.7,77.9,2024-10-04
1839,1840,F,2,Gyeonggi,9.7,83.39999999999999%,59.4,78.9,2024-07-07
1840,1841,F,3,Seoul,13.6,92.4,68.0,59.4,2024-06-23
1841,1842,F,3,Gyeonggi,3.7,94.19999999999999,53.4,60.6,2024-04-26
1842,1843,F,3,Busan,0.4,90.60000000000001,,98.4,2024-12-18
1843,1844,M,1,Gyeonggi,6.7,99.6,73.6,73.0,2024-03-16
1844,1845,M,1,Busan,15.1,91.60000000000001,75.8,89.4,2024-11-13
1845,1846,F,1,Seoul,7.8,94.8,71.2,66.1,2024-10-19
1846,1847,M,3,Busan,8.4,95.5,62.9,64.9,2024-06-04
1847,1848,M,2,Etc,14.1,93.2,61.6,69.0,2025-01-31
1848,1849,M,3,Gyeonggi,12.0,79.3,64.9,95.6,2024-05-27
1849,1850,M,1,Seoul,13.3,87.4,55.9,80.0,2024-06-01
1850,1851,M,3,Seoul,14.6,85.6,95.8,37.7,2024-04-27
1851,1852,F,2,Seoul,9.6,93.8,69.3,46.8,2024-11-27
1852,1853,F,1,Gyeonggi,4.8,91.3,49.7,99.5,2024-06-07
1853,1854,M,2,Etc,2.8,90.3,62.9,54.1,2024-07-25
1854,1855,F,2,Seoul,2.0,93.5,66.6,72.2,2024-08-04
1855,1856,M,1,Daegu,16.0,92.0,50.0,86.5,2024-03-17
1856,1857,F,3,Gyeonggi,2.1,83.6,50.8,43.6,2024-03-03
1857,1858,F,2,Gyeonggi,16.2,83.8,57.3,49.0,2024-03-12
1858,1859,F,3,Gyeonggi,8.7,100.0,64.7,67.4,2024-10-31
1859,1860,F,3,Gyeonggi,14.5,93.10000000000001,53.1,72.5,2024-12-30
1860,1861,F,1,Seoul,14.9,91.8,53.7,87.4,2025-01-24
1861,1862,M,2,Etc,11.1,97.7%,100.0,,2024-11-17
1862,1863,M,3,Gyeonggi,14.3,91.2,95.6,58.1,2024-07-14
1863,1864,F,1,Busan,13.8,93.10000000000001,97.5,61.6,2024-10-13
1864,1865,F,3,Etc,18.4,94.6,83.9,65.6,2024-03-22
1865,1866,M,3,Gyeonggi,3.7,99.4,77.5,,2024-09-24
1866,1867,F,1,Daegu,13.0,100.0,46.7,70.8,2024-07-12
1867,1868,M,3,Seoul,8.9,87.0,49.4,84.7,2025-01-18
1868,1869,M,2,Seoul,8.3,100.0,69.7,95.5,2024-05-28
1869,1870,M,3,Gyeonggi,8.8,89.8,75.0,93.9,2024-04-30
1870,1871,M,3,Seoul,19.6,97.2,58.0,73.5,2024-03-09
1871,1872,M,1,Seoul,3.6,87.9,53.9,38.1,2025-01-01
1872,1873,F,1,Gyeonggi,11.0,83.6%,74.2,60.7,2024-03-16
1873,1874,M,2,Busan,8.0,99.4,67.1,78.5,2024-04-10
1874,1875,M,1,Seoul,17.1,100.0,,100.0,2024-04-05
1875,1876,F,1,Gyeonggi,6.0,90.4,90.4,57.1,2024-10-14
1876,1877,F,1,Seoul,10.3,100.0,61.9,68.4,2024-06-11
1877,1878,M,3,Gyeonggi,17.6,88.9,83.4,81.0,2024-12-15
1878,1879,M,2,Etc,17.7,94.8,74.3,77.6,2024-08-08
1879,1880,F,3,Seoul,11.0,92.7,60.9,79.2,2025-01-09
1880,1881,F,2,Seoul,12.0,91.4,68.3,64.3,2024-03-16
1881,1882,F,1,Seoul,15.7,91.3,45.8,77.5,2024-09-09
1882,1883,F,1,Gyeonggi,11.4,84.8,73.1,80.2,2024-06-08
1883,1884,M,3,Gyeonggi,7.3,100.0,66.6,56.8,2024-08-17
1884,1885,M,1,Busan,3.3,87.5,92.5,70.5,2025-01-29
1885,1886,F,3,Daegu,13.1,100.0,65.1,44.0,2024-06-30
1886,1887,M,1,Seoul,5.2,88.1,82.7,61.4,2024-07-18
1887,1888,M,2,Etc,13.4,88.6,67.6,83.7,2025-02-06
1888,1889,F,2,Gyeonggi,5.6,97.2,53.2,77.4,2024-09-11
1889,1890,M,3,Busan,13.3,99.8,67.5,85.4,2024-03-06
1890,1891,M,3,Etc,8.4,100.0,82.4,67.0,2024-12-09
1891,1892,F,3,Seoul,7.6,82.3,88.9,52.7,2025-02-23
1892,1893,F,2,Gyeonggi,24.3,87.2,69.6,70.4,2024-12-15
1893,1894,M,1,Etc,10.2,100.0,86.7,89.2,2024-08-13
1894,1895,F,1,Seoul,19.9,85.3,50.1,64.7,2024-04-29
1895,1896,M,3,Etc,1.3,93.60000000000001,73.6,70.3,2025-02-20
1896,1897,M,2,Gyeonggi,7.5,88.2,78.8,71.3,2024-05-24
1897,1898,M,3,Busan,19.2,87.9,81.3,55.5,2024-05-12
1898,1899,F,2,Seoul,8.7,74.6%,61.3,57.9,2024-04-09
1899,1900,M,2,Gyeonggi,15.8,97.8,57.9,92.2,2024-06-22
1900,1901,M,2,Seoul,1.7,81.69999999999999,94.8,79.9,2024-07-25
1901,1902,M,3,Gyeonggi,11.5,92.5,79.0,50.5,2025-01-16
1902,1903,F,3,Busan,8.8,84.2,89.2,58.5,2024-09-06
1903,1904,M,2,Busan,14.9,95.7,57.9,64.8,2024-10-04
1904,1905,M,1,Busan,5.9,92.80000000000001,65.3,80.0,2024-10-30
1905,1906,M,2,Seoul,6.3,78.8,60.3,60.4,2024-05-24
1906,1907,M,3,Busan,15.0,85.3,64.4,77.4,2024-05-01
1907,1908,F,1,Gyeonggi,11.7,84.2,76.7,74.7,2024-11-16
1908,1909,M,3,Gyeonggi,18.7,93.30000000000001,83.0,49.1,2024-03-27
1909,1910,F,1,Gyeonggi,4.7,82.5,71.1,62.2,2024-08-22
1910,1911,M,2,Seoul,14.9,92.10000000000001,60.3,63.6,2024-03-04
1911,1912,M,3,Etc,10.3,95.39999999999999,85.4,55.7,2024-10-04
1912,1913,F,2,Gyeonggi,2.3,90.8,43.9,74.4,2024-08-25
1913,1914,M,2,Gyeonggi,12.0,97.7,50.7,81.4,2024-04-18
1914,1915,F,2,Gyeonggi,6.8,77.3,80.9,59.8,2024-11-09
1915,1916,M,2,Busan,10.0,85.0,70.0,70.1,2024-10-23
1916,1917,F,1,Etc,0.6,97.39999999999999,68.4,71.3,2025-02-03
1917,1918,M,2,Gyeonggi,3.8,100.0,73.4,57.6,2025-02-17
1918,1919,F,2,Busan,17.8,84.2,58.6,77.0,2024-04-27
1919,1920,M,1,Seoul,15.5,100.0,53.7,76.9,2024-08-14
1920,1921,F,3,Gyeonggi,7.2,100.0,70.9,83.9,2025-01-26
1921,1922,F,2,Seoul,14.6,98.8,70.2,58.0,2024-12-15
1922,1923,F,1,Busan,4.8,97.2,66.5,79.0,2025-01-04
1923,1924,M,1,Busan,4.8,89.3,70.0,82.3,2024-03-18
1924,1925,F,2,Seoul,8.9,88.6,53.6,84.2,2024-04-05
1925,1926,M,2,Gyeonggi,10.1,100.0,76.3,97.9,2024-09-04
1926,1927,M,3,Seoul,4.0,95.89999999999999,75.2,62.5,2024-12-30
1927,1928,F,3,Gyeonggi,9.9,98.6,100.0,72.1,2024-10-23
1928,1929,M,1,Gyeonggi,16.8,100.0,75.9,59.6,2024-10-24
1929,1930,M,3,Daegu,18.1,89.4,57.4,91.9,2024-11-22
1930,1931,M,2,Gyeonggi,6.6,88.8,70.0,59.8,2024-06-12
1931,1932,F,2,Etc,9.2,91.10000000000001,70.7,67.1,2025-02-04
1932,1933,M,1,Busan,4.0,95.8,80.1,52.9,2024-12-26
1933,1934,M,2,Seoul,10.6,89.3,78.5,76.3,2024-04-20
1934,1935,F,1,Seoul,0.0,88.0,100.0,61.7,2024-07-30
1935,1936,F,2,Busan,14.7,99.9,57.1,82.8,2025-02-28
1936,1937,M,2,Seoul,13.4,83.89999999999999,36.8,86.8,2024-09-28
1937,1938,F,1,Seoul,12.3,87.4,50.2,100.0,2024-12-10
1938,1939,F,2,Gyeonggi,15.2,92.60000000000001,71.9,62.6,2025-01-31
1939,1940,M,2,Seoul,4.1,100.0,49.9,66.6,2024-10-22
1940,1941,M,2,Seoul,17.8,93.0,71.5,70.1,2024-05-29
1941,1942,M,2,Gyeonggi,14.8,85.39999999999999,95.0,82.5,2024-06-12
1942,1943,F,3,Daegu,9.3,79.3,65.3,100.0,2024-07-31
1943,1944,M,2,Gyeonggi,18.6,79.9,92.4,55.3,2025-02-08
1944,1945,M,2,Seoul,13.7,95.8,76.6,79.2,2024-08-25
1945,1946,F,2,Seoul,12.7,88.5,,73.6,2024-10-14
1946,1947,M,1,Gyeonggi,11.4,85.9,78.6,63.6,2024-12-13
1947,1948,M,1,Seoul,13.9,89.1,52.5,99.2,2024-12-29
1948,1949,F,1,Gyeonggi,16.4,87.5,68.5,67.4,2024-11-21
1949,1950,F,1,Seoul,0.0,80.30000000000001,95.1,58.3,2024-05-08
1950,1951,M,2,Seoul,3.9,95.89999999999999,73.2,70.2,2024-12-03
1951,1952,F,1,Seoul,11.9,93.5%,,87.0,2024-07-28
1952,1953,M,1,Etc,11.6,100.0,79.7,66.3,2024-12-14
1953,1954,F,1,Gyeonggi,5.6,96.7,55.8,64.0,2024-07-06
1954,1955,M,2,Busan,14.6,82.3,69.9,57.2,2024-05-07
1955,1956,F,2,Etc,0.7,84.8,54.2,71.1,2024-03-12
1956,1957,F,3,Seoul,17.2,99.3,69.3,77.7,2024-07-21
1957,1958,F,2,Gyeonggi,16.4,94.3,76.2,74.3,2024-08-21
1958,1959,F,3,Etc,8.1,93.8,78.6,77.3,2024-11-16
1959,1960,M,3,Etc,11.1,78.10000000000001,87.4,62.3,2024-10-02
1960,1961,M,3,Gyeonggi,8.4,90.7,77.2,36.1,2025-01-23
1961,1962,M,2,Gyeonggi,9.8,99.1,63.0,48.5,2024-05-03
1962,1963,M,2,Etc,16.0,81.5,64.8,97.8,2025-01-21
1963,1964,F,2,Busan,15.2,98.0,53.2,,2024-05-19
1964,1965,F,2,Etc,12.0,93.7,80.4,100.0,2024-11-04
1965,1966,F,3,Daegu,0.6,79.2,50.2,85.6,2025-01-10
1966,1967,F,3,Busan,22.3,93.10000000000001,,62.6,2025-01-10
1967,1968,M,2,Gyeonggi,14.3,86.6%,83.5,65.4,2024-07-27
1968,1969,M,1,Gyeonggi,9.9,88.2,60.5,57.5,2024-12-30
1969,1970,M,3,Busan,21.0,94.69999999999999,47.0,75.2,2024-07-25
1970,1971,F,1,Daegu,6.1,84.5,64.4,88.0,2024-11-28
1971,1972,F,1,Seoul,6.3,93.4,69.7,80.5,2024-11-09
1972,1973,F,2,Etc,21.7,89.4%,62.0,74.3,2024-03-21
1973,1974,M,3,Gyeonggi,13.9,84.3,55.3,85.6,2024-11-19
1974,1975,F,2,Gyeonggi,12.4,83.0,89.8,56.2,2024-09-06
1975,1976,F,2,Daegu,14.3,96.3,83.8,47.1,2024-04-17
1976,1977,F,1,Daegu,15.3,91.4,80.0,57.8,2024-07-18
1977,1978,M,2,Seoul,,95.3,76.1,96.7,2024-09-02
1978,1979,M,3,Daegu,,100.0,81.0,65.9,2024-11-28
1979,1980,M,1,Seoul,19.5,95.7,52.6,73.2,2024-06-01
1980,1981,M,2,Busan,13.5,99.0,81.8,81.7,2024-07-30
1981,1982,M,2,Gyeonggi,17.0,94.89999999999999,72.5,88.3,2024-08-28
1982,1983,M,3,Busan,6.5,82.89999999999999%,58.9,73.1,2024-07-31
1983,1984,F,2,Daegu,14.1,90.7,52.7,73.6,2024-11-14
1984,1985,M,1,Etc,0.4,80.10000000000001,81.0,30.1,2024-12-15
1985,1986,F,2,Gyeonggi,7.2,86.4,53.7,53.8,2024-03-04
1986,1987,F,2,Gyeonggi,11.0,99.1,,72.6,2024-05-04
1987,1988,F,2,Seoul,11.4,95.8,80.7,74.2,2024-12-12
1988,1989,F,2,Seoul,,92.2,85.3,34.5,2025-01-31
1989,1990,F,1,Gyeonggi,3.3,99.8,65.9,73.0,2024-10-12
1990,1991,F,1,Gyeonggi,11.3,98.5,69.5,83.6,2024-04-25
1991,1992,M,1,Gyeonggi,13.6,87.3,55.3,69.3,2024-04-12
1992,1993,F,1,Seoul,18.1,97.0,46.9,54.4,2024-06-05
1993,1994,F,2,Seoul,1.3,79.7,42.8,66.1,2024-10-19
1994,1995,F,1,Etc,15.2,88.7,77.8,89.7,2025-01-03
1995,1996,F,3,Seoul,15.1,94.19999999999999,79.9,77.2,2024-10-22
1996,1997,F,2,Daegu,0.0,89.4,59.2,96.9,2024-05-27
1997,1998,M,3,Busan,18.3,97.1,96.8,67.8,2024-04-23
1998,1999,M,2,Gyeonggi,22.0,94.89999999999999,86.2,77.1,2024-07-15
1999,2000,M,3,Seoul,8.8,93.89999999999999,85.2,74.6,2025-02-23
2000,2001,F,3,Seoul,22.2,98.7,78.2,55.7,2024-08-23
2001,2002,F,2,Etc,13.2,91.10000000000001,56.2,45.8,2024-08-07
2002,2003,F,1,Busan,0.0,100.0,67.4,80.7,2024-07-28
2003,2004,F,1,Seoul,10.2,98.2,67.8,85.4,2025-01-10
2004,2005,F,3,Seoul,15.9,100.0,30.8,100.0,2024-06-05
2005,2006,M,2,Etc,13.9,97.3,78.9,64.3,2025-01-08
2006,2007,F,1,Seoul,19.0,79.10000000000001,77.1,50.1,2024-09-01
2007,2008,F,3,Seoul,11.3,95.3,100.0,71.6,2024-08-27
2008,2009,F,1,Gyeonggi,1.4,93.8,67.8,52.3,2024-05-07
2009,2010,M,1,Gyeonggi,19.4,93.4,46.9,44.1,2024-07-22
2010,2011,F,3,Seoul,10.0,88.9,94.7,79.2,2024-05-09
2011,2012,M,3,Seoul,25.1,100.0,84.1,75.2,2024-06-20
2012,2013,M,3,Etc,12.6,100.0,66.0,88.2,2024-07-03
2013,2014,F,3,Seoul,15.6,88.5,63.9,81.7,2025-01-24
2014,2015,F,2,Seoul,5.1,81.39999999999999,76.3,80.1,2025-01-03
2015,2016,M,1,Gyeonggi,0.0,82.19999999999999%,61.8,75.3,2024-11-11
2016,2017,F,2,Etc,13.0,99.9%,70.6,62.7,2024-09-16
2017,2018,M,1,Seoul,12.8,85.8,67.2,79.4,2024-07-16
2018,2019,F,3,Seoul,10.9,96.6,69.8,35.6,2025-02-21
2019,2020,F,1,Seoul,12.2,90.9,93.1,64.6,2025-01-11
2020,2021,F,1,Busan,15.1,96.39999999999999,69.4,58.4,2025-01-30
2021,2022,F,1,Seoul,12.4,92.10000000000001,74.1,95.9,2024-07-17
2022,2023,M,2,Etc,20.4,89.5,80.3,80.9,2024-12-09
2023,2024,M,1,Seoul,13.6,99.1,38.8,52.2,2024-06-26
2024,2025,M,3,Gyeonggi,,97.7,77.8,69.2,2024-11-18
2025,2026,F,2,Seoul,18.4,94.5,37.2,48.0,2024-11-04
2026,2027,M,3,Daegu,21.5,95.89999999999999,57.2,88.8,2024-08-20
2027,2028,F,3,Etc,13.5,90.8,96.4,60.9,2024-10-30
2028,2029,M,1,Busan,20.5,85.39999999999999,81.2,53.3,2024-11-12
2029,2030,F,2,Gyeonggi,,95.3,53.4,40.9,2024-11-02
2030,2031,M,1,Seoul,,93.89999999999999,60.6,69.4,2024-05-02
2031,2032,F,1,Busan,5.7,84.0,79.4,58.1,2024-08-06
2032,2033,M,3,Gyeonggi,6.5,95.8,92.2,91.1,2024-07-25
2033,2034,M,1,Seoul,0.8,96.1,83.2,81.1,2024-04-26
2034,2035,F,1,Busan,23.9,87.9,65.4,57.8,2024-03-15
2035,2036,F,3,Gyeonggi,15.5,100.0,40.0,92.2,2024-04-24
2036,2037,M,1,Etc,22.6,93.7,63.2,66.5,2025-02-22
2037,2038,M,2,Gyeonggi,8.9,83.1,62.8,74.9,2024-10-17
2038,2039,F,3,Etc,4.3,93.10000000000001,89.0,61.0,2024-03-04
2039,2040,M,1,Daegu,12.5,99.3,61.3,87.0,2025-02-16
2040,2041,M,2,Seoul,10.1,94.3,55.1,71.9,2024-05-19
2041,2042,M,1,Gyeonggi,18.7,87.0%,90.0,100.0,2024-05-28
2042,2043,F,3,Busan,10.7,91.9,56.8,76.9,2024-04-01
2043,2044,M,2,Seoul,10.1,93.2,88.6,94.2,2024-06-30
2044,2045,F,1,Seoul,26.0,85.39999999999999,78.8,100.0,2025-01-12
2045,2046,F,1,Etc,1.1,72.0,53.5,29.1,2025-02-23
2046,2047,F,3,Gyeonggi,10.3,100.0,75.7,92.1,2024-05-15
2047,2048,M,1,Etc,16.1,93.0,51.7,78.4,2024-05-15
2048,2049,F,1,Seoul,8.9,94.6,47.9,75.4,2024-06-06
2049,2050,F,3,Gyeonggi,9.0,88.4,81.9,51.1,2024-08-04
2050,2051,F,2,Gyeonggi,19.7,92.0,71.5,87.1,2024-05-07
2051,2052,F,1,Etc,24.9,100.0,66.9,76.2,2025-02-08
2052,2053,F,2,Busan,18.1,95.39999999999999,73.6,70.4,2025-02-10
2053,2054,F,2,Gyeonggi,8.0,83.0,72.5,77.6,2024-03-15
2054,2055,F,3,Busan,22.6,100.0%,74.6,56.1,2024-05-12
2055,2056,M,1,Busan,16.6,91.60000000000001,69.3,70.6,2024-11-29
2056,2057,F,1,Seoul,15.5,89.2,87.4,61.6,2024-05-27
2057,2058,M,1,Gyeonggi,2.4,89.4,80.8,81.5,2024-11-25
2058,2059,F,3,Seoul,9.7,88.6,66.1,79.9,2024-03-16
2059,2060,F,2,Daegu,18.9,90.4,69.5,82.9,2024-08-04
2060,2061,F,2,Seoul,10.1,100.0,71.5,58.1,2024-06-15
2061,2062,F,2,Daegu,15.0,94.39999999999999,79.3,71.0,2024-08-13
2062,2063,F,2,Busan,12.8,96.89999999999999,58.1,73.3,2024-12-14
2063,2064,M,1,Etc,14.4,95.5%,64.2,86.0,2024-11-10
2064,2065,M,2,Seoul,10.4,100.0,59.8,75.9,2024-05-02
2065,2066,F,1,Gyeonggi,,85.0,66.0,100.0,2025-02-17
2066,2067,F,2,Gyeonggi,22.4,94.69999999999999,62.4,57.6,2024-09-19
2067,2068,F,2,Seoul,2.6,99.4,55.9,60.2,2024-10-14
2068,2069,M,2,Gyeonggi,10.3,93.10000000000001,88.1,72.8,2024-10-16
2069,2070,F,3,Seoul,16.5,86.4,79.6,78.0,2024-12-31
2070,2071,F,1,Seoul,19.7,88.1,71.9,87.3,2024-04-18
2071,2072,F,1,Gyeonggi,7.5,86.6,56.7,81.3,2024-08-16
2072,2073,M,2,Gyeonggi,13.0,95.39999999999999,74.8,98.3,2025-01-05
2073,2074,F,2,Gyeonggi,0.0,81.3%,92.4,56.8,2024-08-30
2074,2075,M,1,Gyeonggi,9.2,100.0,86.4,86.3,2024-07-25
2075,2076,M,1,Etc,24.2,97.5,67.1,100.0,2024-10-20
2076,2077,F,2,Seoul,12.0,81.69999999999999,72.9,73.9,2024-09-12
2077,2078,F,3,Etc,0.3,81.2,82.3,73.2,2024-05-11
2078,2079,M,2,Seoul,17.4,100.0,78.3,73.1,2024-06-05
2079,2080,F,2,Gyeonggi,11.4,94.69999999999999,66.6,95.2,2024-07-23
2080,2081,M,2,Seoul,15.3,95.3,68.4,68.0,2024-09-26
2081,2082,F,1,Gyeonggi,14.4,100.0,81.1,47.9,2024-07-13
2082,2083,F,3,Etc,13.4,83.6,54.2,93.3,2024-08-25
2083,2084,F,2,Gyeonggi,7.1,84.5,66.7,37.9,2024-06-01
2084,2085,F,2,Busan,2.3,89.4%,81.2,69.2,2024-09-20
2085,2086,F,1,Gyeonggi,12.5,89.60000000000001,37.8,84.3,2024-10-27
2086,2087,F,1,Gyeonggi,17.4,96.0%,78.2,46.9,2024-11-29
2087,2088,M,1,Etc,7.1,98.3,65.8,30.8,2024-07-23
2088,2089,F,2,Etc,7.4,100.0,69.7,71.1,2024-07-04
2089,2090,M,2,Busan,14.9,97.7,58.7,59.3,2024-07-29
2090,2091,F,2,Daegu,23.4,93.30000000000001,59.6,54.1,2024-04-08
2091,2092,M,1,Etc,22.4,87.0,60.1,66.5,2024-08-30
2092,2093,M,2,Seoul,5.6,100.0%,69.1,86.6,2024-07-03
2093,2094,M,2,Daegu,15.8,97.1,45.3,98.6,2025-02-27
2094,2095,M,3,Seoul,13.1,80.9,51.5,97.2,2024-05-31
2095,2096,F,1,Gyeonggi,14.7,90.7,65.2,94.4,2024-11-03
2096,2097,F,1,Etc,11.5,98.6,86.2,70.2,2024-07-23
2097,2098,M,3,Gyeonggi,9.0,87.2,62.7,68.6,2024-07-09
2098,2099,F,2,Seoul,19.0,100.0,68.1,84.8,2024-04-17
2099,2100,F,1,Etc,6.4,89.5,66.3,49.1,2024-10-03
2100,2101,F,1,Gyeonggi,13.8,87.4,44.6,46.0,2024-09-17
2101,2102,M,2,Daegu,22.0,94.3,78.3,81.3,2024-11-11
2102,2103,M,3,Gyeonggi,12.0,83.39999999999999,74.3,96.2,2024-11-06
2103,2104,M,1,Seoul,15.6,99.5%,,83.5,2024-04-27
2104,2105,F,3,Seoul,19.4,93.89999999999999%,66.5,81.8,2024-06-25
2105,2106,M,2,Daegu,6.9,97.6,,55.7,2024-07-02
2106,2107,F,1,Etc,5.7,94.8,75.7,46.1,2024-05-21
2107,2108,M,2,Etc,6.6,92.9,60.1,88.2,2024-11-17
2108,2109,M,2,Gyeonggi,24.3,100.0,60.9,46.4,2024-10-11
2109,2110,M,3,Seoul,9.7,90.0%,55.6,51.5,2024-05-04
2110,2111,M,3,Seoul,12.5,98.3,52.3,61.8,2024-08-29
2111,2112,M,3,Gyeonggi,8.4,94.8,65.4,48.8,2024-07-12
2112,2113,F,2,Seoul,7.3,93.8,64.3,69.2,2024-09-18
2113,2114,F,2,Etc,9.5,91.0,78.4,75.7,2025-02-05
2114,2115,M,2,Gyeonggi,19.0,85.3,58.4,88.9,2024-10-07
2115,2116,M,1,Busan,13.9,94.69999999999999,63.8,53.0,2024-09-17
2116,2117,M,1,Seoul,15.1,84.2%,80.3,73.9,2024-07-18
2117,2118,F,1,Busan,9.5,79.60000000000001,87.9,33.2,2024-08-05
2118,2119,F,3,Seoul,16.4,94.69999999999999,64.7,58.8,2025-02-21
2119,2120,M,1,Seoul,,81.69999999999999,90.4,56.9,2024-07-25
2120,2121,M,3,Daegu,4.0,100.0,64.3,49.8,2025-02-09
2121,2122,F,2,Gyeonggi,14.8,87.8,78.4,81.6,2024-08-30
2122,2123,F,1,Seoul,5.8,93.0,80.2,92.4,2024-10-06
2123,2124,M,3,Seoul,17.7,87.9,51.9,74.7,2025-01-06
2124,2125,F,1,Gyeonggi,12.0,93.4,90.6,58.8,2024-04-07
2125,2126,F,3,Gyeonggi,6.6,97.5,59.6,76.0,2024-11-07
2126,2127,F,3,Seoul,15.0,99.0,67.1,87.8,2024-07-23
2127,2128,F,2,Etc,6.3,88.5,54.4,76.3,2025-01-04
2128,2129,M,1,Etc,14.3,87.8,84.1,69.3,2024-06-12
2129,2130,F,1,Seoul,2.7,72.5%,69.3,74.5,2024-11-23
2130,2131,F,2,Seoul,13.6,100.0,65.3,86.6,2025-01-27
2131,2132,M,1,Busan,14.8,88.5,85.6,61.8,2025-01-31
2132,2133,M,1,Gyeonggi,6.1,93.5,43.2,82.2,2025-02-26
2133,2134,M,2,Gyeonggi,6.0,99.0,84.2,72.4,2024-12-22
2134,2135,M,1,Etc,6.6,100.0,77.1,62.2,2024-12-04
2135,2136,F,1,Seoul,5.0,82.89999999999999,70.6,98.3,2024-03-10
2136,2137,M,3,Daegu,12.6,88.0,70.5,66.5,2025-02-01
2137,2138,M,3,Gyeonggi,8.8,88.5%,65.3,68.2,2024-10-01
2138,2139,M,3,Gyeonggi,6.7,81.0,51.1,71.3,2024-09-08
2139,2140,M,3,Etc,13.0,92.2,69.4,88.5,2024-07-01
2140,2141,M,2,Gyeonggi,3.7,89.8,60.2,91.4,2024-07-20
2141,2142,F,3,Seoul,13.6,90.2,85.1,75.9,2024-09-17
2142,2143,F,1,Seoul,19.7,86.4,63.2,54.2,2024-07-12
2143,2144,F,2,Gyeonggi,25.9,92.60000000000001,82.8,40.6,2024-05-10
2144,2145,M,2,Gyeonggi,6.7,94.0,55.7,100.0,2024-09-13
2145,2146,M,1,Gyeonggi,6.7,93.30000000000001,55.6,85.6,2024-09-29
2146,2147,F,1,Seoul,3.9,88.6,46.7,78.7,2024-10-16
2147,2148,F,1,Gyeonggi,22.1,96.8,59.0,87.7,2024-06-05
2148,2149,M,3,Busan,22.8,95.19999999999999,62.8,73.1,2024-06-07
2149,2150,M,3,Gyeonggi,22.0,88.2,68.5,71.6,2024-11-29
2150,2151,F,2,Gyeonggi,8.1,90.10000000000001%,50.8,67.7,2024-05-10
2151,2152,M,1,Gyeonggi,22.4,89.1,84.7,81.7,2024-09-20
2152,2153,F,3,Seoul,10.5,83.89999999999999%,44.8,45.0,2024-07-04
2153,2154,M,1,Seoul,1.4,89.60000000000001%,62.2,58.3,2024-05-13
2154,2155,M,2,Seoul,1.2,85.3,73.8,58.2,2024-07-30
2155,2156,F,2,Seoul,15.1,92.5,70.8,75.4,2024-05-22
2156,2157,M,3,Busan,3.2,92.10000000000001%,41.9,81.6,2024-07-04
2157,2158,M,3,Gyeonggi,17.1,84.39999999999999,80.4,46.6,2024-04-05
2158,2159,M,1,Seoul,18.2,95.6,98.2,73.6,2024-07-06
2159,2160,F,2,Gyeonggi,22.9,84.7,73.2,92.0,2024-11-14
2160,2161,M,2,Gyeonggi,9.2,90.7,,53.4,2024-05-28
2161,2162,M,1,Gyeonggi,6.5,82.1,70.7,,2024-09-25
2162,2163,M,2,Daegu,7.3,88.2,54.8,63.8,2024-03-12
2163,2164,F,1,Gyeonggi,11.4,88.1,54.4,76.4,2024-08-15
2164,2165,F,3,Seoul,8.1,100.0,79.8,81.8,2024-07-19
2165,2166,F,1,Seoul,11.0,82.5,88.5,93.4,2024-08-05
2166,2167,F,2,Seoul,18.8,91.2,60.9,,2025-02-23
2167,2168,M,2,Seoul,,84.0,75.9,68.9,2025-01-11
2168,2169,M,3,Gyeonggi,6.7,100.0,67.5,65.6,2024-10-15
2169,2170,F,3,Etc,12.2,100.0,81.7,44.4,2024-11-26
2170,2171,F,1,Seoul,4.8,89.60000000000001,57.9,80.1,2024-11-10
2171,2172,M,1,Gyeonggi,11.8,100.0,43.2,92.6,2024-10-26
2172,2173,F,1,Seoul,19.8,94.3,71.4,76.2,2024-06-22
2173,2174,F,2,Seoul,7.8,90.3,89.1,76.0,2024-04-14
2174,2175,F,1,Busan,6.9,89.5,45.4,100.0,2024-06-18
2175,2176,M,2,Gyeonggi,10.9,82.3,55.4,60.1,2025-01-18
2176,2177,F,1,Seoul,24.7,90.10000000000001,66.1,55.9,2024-11-18
2177,2178,M,1,Seoul,11.8,89.60000000000001,77.4,86.4,2024-09-11
2178,2179,F,3,Gyeonggi,4.5,92.10000000000001%,,42.5,2024-09-22
2179,2180,M,1,Seoul,15.5,92.80000000000001,,49.4,2024-10-01
2180,2181,M,2,Seoul,15.6,97.7,55.7,,2024-12-16
2181,2182,M,2,Etc,20.8,100.0,70.2,78.2,2024-07-17
2182,2183,F,1,Seoul,13.8,100.0,52.4,79.8,2024-09-26
2183,2184,M,1,Seoul,4.7,96.39999999999999,55.3,,2024-12-14
2184,2185,F,2,Seoul,4.0,86.2,43.5,86.0,2024-11-18
2185,2186,M,1,Busan,9.9,83.2%,91.8,68.4,2024-11-21
2186,2187,F,2,Gyeonggi,,90.60000000000001,82.4,83.7,2024-06-06
2187,2188,F,3,Etc,6.9,95.3,57.7,86.7,2024-10-13
2188,2189,F,2,Seoul,14.4,85.9,51.8,100.0,2025-02-03
2189,2190,F,3,Seoul,8.5,89.60000000000001,90.7,69.1,2024-12-20
2190,2191,M,1,Gyeonggi,14.5,92.10000000000001,59.9,67.6,2024-09-29
2191,2192,M,1,Seoul,20.8,85.9,68.3,62.0,2024-06-14
2192,2193,M,1,Busan,13.4,99.9,100.0,55.8,2024-07-01
2193,2194,M,3,Seoul,8.3,77.5,100.0,,2024-06-04
2194,2195,M,2,Gyeonggi,14.7,99.4,82.3,71.4,2024-11-20
2195,2196,F,1,Gyeonggi,25.3,100.0%,51.6,90.3,2024-11-06
2196,2197,F,1,Busan,9.6,93.2,46.9,88.3,2024-12-10
2197,2198,F,2,Daegu,14.2,89.2,53.6,75.2,2024-05-31
2198,2199,F,1,Gyeonggi,17.8,92.30000000000001,61.8,94.7,2025-01-23
2199,2200,F,2,Gyeonggi,18.0,91.2,71.3,68.3,2024-04-01
2200,2201,M,1,Gyeonggi,16.6,95.19999999999999,90.3,98.8,2025-02-26
2201,2202,M,2,Seoul,14.3,93.5,55.6,100.0,2024-11-28
2202,2203,F,1,Busan,20.9,86.8,69.7,75.8,2024-07-07
2203,2204,F,2,Seoul,19.1,97.8,69.9,88.1,2025-02-27
2204,2205,F,3,Gyeonggi,9.3,85.5,62.6,85.2,2025-01-24
2205,2206,F,3,Gyeonggi,14.7,91.60000000000001,78.6,83.4,2024-07-11
2206,2207,F,3,Seoul,,96.7,60.5,51.6,2024-03-08
2207,2208,M,3,Seoul,9.7,100.0,43.9,86.7,2024-04-09
2208,2209,F,3,Gyeonggi,0.1,92.10000000000001,61.4,47.6,2024-03-05
2209,2210,M,3,Etc,17.3,98.4%,67.3,87.5,2024-03-05
2210,2211,F,1,Seoul,9.1,90.8,87.2,47.8,2024-03-28
2211,2212,M,3,Busan,10.2,97.39999999999999,78.9,67.2,2024-09-09
2212,2213,M,2,Gyeonggi,14.0,94.39999999999999,78.6,75.4,2024-05-27
2213,2214,M,1,Busan,6.6,96.89999999999999,76.4,61.3,2024-05-01
2214,2215,M,3,Seoul,14.7,97.6,58.7,97.0,2025-01-15
2215,2216,M,3,Daegu,20.3,95.89999999999999,69.1,67.5,2024-03-25
2216,2217,M,2,Seoul,13.3,87.3,68.5,51.7,2024-10-01
2217,2218,F,3,Daegu,19.2,86.9%,39.5,45.3,2024-06-15
2218,2219,F,1,Seoul,8.0,91.2,67.4,68.9,2025-02-01
2219,2220,M,1,Seoul,15.2,86.2,76.1,72.1,2024-07-13
2220,2221,M,2,Seoul,11.6,100.0,72.8,91.2,2024-05-11
2221,2222,F,1,Daegu,0.0,87.9,91.2,67.1,2024-04-20
2222,2223,F,3,Busan,18.9,90.10000000000001,79.4,63.1,2024-06-01
2223,2224,F,3,Seoul,11.8,94.19999999999999,93.0,72.4,2024-04-28
2224,2225,M,1,Etc,14.7,87.5,47.8,56.7,2024-09-11
2225,2226,M,1,Etc,10.8,84.6,80.7,91.6,2025-01-25
2226,2227,M,2,Etc,10.5,94.8,70.8,92.9,2024-04-04
2227,2228,F,1,Seoul,10.3,92.30000000000001,,55.1,2024-10-07
2228,2229,M,1,Busan,9.3,96.89999999999999,66.4,93.9,2024-12-13
2229,2230,M,2,Seoul,10.2,95.3,67.7,78.2,2025-02-08
2230,2231,F,2,Gyeonggi,8.5,100.0,61.8,87.5,2024-08-05
2231,2232,F,1,Etc,8.1,95.39999999999999,74.9,43.0,2024-08-18
2232,2233,M,1,Gyeonggi,5.0,81.2,74.4,57.4,2024-05-01
2233,2234,F,2,Busan,28.3,90.60000000000001,40.8,86.2,2024-11-23
2234,2235,M,3,Etc,8.1,97.1,36.2,61.1,2024-07-03
2235,2236,F,1,Seoul,13.6,94.3,78.1,72.7,2025-02-05
2236,2237,F,3,Gyeonggi,4.6,91.10000000000001%,59.8,70.1,2024-12-21
2237,2238,F,1,Seoul,11.4,78.4,66.1,98.6,2024-08-26
2238,2239,F,3,Gyeonggi,6.4,92.0,65.7,30.5,2024-12-31
2239,2240,M,1,Etc,,97.89999999999999,82.8,,2024-12-26
2240,2241,F,3,Seoul,7.8,99.3,89.5,64.6,2024-11-24
2241,2242,M,2,Gyeonggi,13.4,87.9,53.4,61.5,2024-10-26
2242,2243,M,2,Daegu,7.9,100.0%,80.5,62.2,2025-02-17
2243,2244,F,2,Seoul,21.5,92.60000000000001,55.1,62.9,2025-01-23
2244,2245,M,2,Etc,12.8,93.8,95.5,98.6,2024-06-14
2245,2246,M,3,Gyeonggi,,93.60000000000001,79.5,59.2,2024-12-07
2246,2247,M,3,Seoul,14.2,91.60000000000001,51.2,,2024-05-14
2247,2248,M,1,Busan,23.2,83.5,54.6,81.6,2024-08-21
2248,2249,F,3,Gyeonggi,,86.0,51.8,77.3,2024-08-10
2249,2250,F,1,Seoul,,84.5,59.1,38.0,2024-04-12
2250,2251,M,1,Etc,10.2,88.9,70.8,78.2,2024-03-23
2251,2252,F,2,Etc,15.7,94.8,79.9,55.8,2024-09-01
2252,2253,M,1,Daegu,17.8,98.2,83.4,66.2,2024-07-09
2253,2254,M,2,Daegu,13.4,79.60000000000001,67.9,100.0,2024-06-24
2254,2255,F,3,Etc,20.0,80.10000000000001,65.5,92.3,2024-04-26
2255,2256,F,2,Seoul,19.8,93.89999999999999,51.3,71.4,2024-04-10
2256,2257,F,1,Seoul,14.7,97.39999999999999,69.2,61.4,2024-08-01
2257,2258,M,1,Etc,7.0,90.5%,55.9,82.4,2025-01-21
2258,2259,F,3,Gyeonggi,9.0,83.8%,82.5,88.6,2025-02-04
2259,2260,M,3,Gyeonggi,13.7,85.1,88.2,53.0,2024-03-25
2260,2261,F,2,Seoul,11.3,85.8,83.7,100.0,2024-10-03
2261,2262,M,1,Seoul,7.0,87.2,68.3,51.4,2024-03-22
2262,2263,M,3,Busan,17.2,100.0,85.9,88.2,2024-11-25
2263,2264,F,2,Seoul,9.3,92.5,58.4,99.6,2025-02-10
2264,2265,M,1,Gyeonggi,5.8,93.89999999999999,97.1,69.7,2024-05-18
2265,2266,M,3,Seoul,15.0,83.89999999999999%,76.4,,2024-08-13
2266,2267,M,2,Busan,8.3,98.5,69.4,63.3,2025-02-01
2267,2268,M,1,Gyeonggi,6.3,90.2%,66.6,64.3,2024-07-12
2268,2269,F,1,Seoul,12.6,93.60000000000001,78.7,76.0,2024-08-04
2269,2270,M,3,Seoul,28.9,91.8,82.4,48.5,2024-11-07
2270,2271,M,1,Gyeonggi,9.0,86.8%,48.5,76.9,2024-07-04
2271,2272,F,3,Seoul,11.9,91.4,,74.0,2024-09-26
2272,2273,M,2,Gyeonggi,9.7,93.89999999999999,43.1,67.6,2025-01-09
2273,2274,M,1,Etc,12.2,77.9,74.8,64.7,2024-10-05
2274,2275,M,2,Gyeonggi,3.5,88.4,49.8,63.8,2024-06-28
2275,2276,F,2,Busan,10.4,87.1,81.0,93.7,2024-10-13
2276,2277,M,1,Seoul,18.2,87.1,70.4,55.7,2024-06-12
2277,2278,M,2,Gyeonggi,4.1,93.7,99.1,75.1,2024-03-17
2278,2279,F,1,Gyeonggi,21.0,84.2,84.9,74.2,2024-06-06
2279,2280,M,2,Gyeonggi,1.7,90.3,50.1,,2024-06-14
2280,2281,M,1,Seoul,17.4,89.60000000000001,83.2,68.2,2024-10-03
2281,2282,F,3,Gyeonggi,17.9,93.4,67.3,93.8,2024-03-09
2282,2283,F,3,Etc,18.5,100.0,64.7,82.8,2024-05-12
2283,2284,F,1,Gyeonggi,12.7,93.0,68.6,86.9,2024-07-07
2284,2285,M,3,Seoul,13.9,99.5,64.7,75.5,2024-11-28
2285,2286,M,3,Gyeonggi,16.4,100.0,47.8,75.6,2024-12-19
2286,2287,M,2,Busan,3.8,81.10000000000001,71.9,81.0,2025-01-03
2287,2288,F,1,Gyeonggi,15.4,93.4%,49.1,45.5,2024-07-17
2288,2289,M,3,Seoul,7.1,91.60000000000001,87.1,76.3,2024-04-04
2289,2290,M,3,Etc,12.0,83.3,85.5,92.0,2024-08-02
2290,2291,F,2,Gyeonggi,20.4,94.6,56.2,99.2,2024-12-10
2291,2292,M,1,Etc,15.4,91.4,37.8,71.8,2024-03-01
2292,2293,F,2,Etc,7.0,79.0,64.7,69.7,2024-03-19
2293,2294,M,1,Gyeonggi,,100.0%,60.6,68.5,2024-05-15
2294,2295,M,1,Seoul,4.3,95.39999999999999,43.1,81.0,2024-11-24
2295,2296,F,2,Gyeonggi,6.9,94.69999999999999,,87.3,2024-03-07
2296,2297,F,1,Seoul,17.9,95.7,59.7,91.1,2024-07-23
2297,2298,M,2,Daegu,7.6,86.5,79.0,73.0,2024-07-25
2298,2299,M,1,Seoul,16.3,100.0,53.9,69.5,2025-01-05
2299,2300,M,2,Gyeonggi,16.0,90.0,74.8,85.7,2024-05-16
2300,2301,M,2,Busan,12.7,97.5%,81.2,56.4,2024-12-24
2301,2302,M,3,Etc,15.9,83.5,68.0,61.4,2025-02-21
2302,2303,M,1,Etc,9.1,100.0,68.9,79.9,2024-07-27
2303,2304,F,3,Seoul,7.8,86.9,65.9,82.3,2024-10-30
2304,2305,F,3,Etc,11.2,92.2,60.6,67.3,2024-08-12
2305,2306,M,1,Gyeonggi,11.9,92.7,95.4,60.7,2024-05-06
2306,2307,F,2,Seoul,6.5,100.0,80.4,69.6,2025-01-14
2307,2308,F,1,Etc,0.4,86.3%,,49.2,2024-03-19
2308,2309,M,1,Etc,19.0,95.3,97.8,67.4,2024-10-23
2309,2310,F,3,Gyeonggi,17.5,87.8,58.3,58.9,2025-01-14
2310,2311,F,3,Gyeonggi,12.6,100.0,72.6,65.7,2024-12-17
2311,2312,F,3,Gyeonggi,7.2,93.30000000000001,55.9,73.0,2024-04-03
2312,2313,M,3,Seoul,28.2,100.0,76.4,78.4,2024-10-03
2313,2314,F,2,Gyeonggi,18.5,100.0,70.5,65.3,2024-07-28
2314,2315,M,1,Gyeonggi,3.1,81.69999999999999,68.8,44.0,2024-06-17
2315,2316,M,2,Etc,15.6,99.1,51.6,100.0,2024-06-25
2316,2317,M,1,Gyeonggi,10.3,92.7,58.2,80.4,2024-05-03
2317,2318,F,2,Busan,22.1,88.2,60.3,66.3,2024-11-25
2318,2319,F,2,Etc,15.4,84.89999999999999,35.3,82.1,2024-12-12
2319,2320,F,3,Seoul,5.2,78.7,65.9,50.9,2024-07-19
2320,2321,F,3,Gyeonggi,4.7,99.1,69.0,64.8,2024-05-21
2321,2322,M,3,Etc,4.0,98.2,59.4,93.3,2024-12-22
2322,2323,F,1,Etc,13.1,94.69999999999999,74.2,79.5,2024-08-15
2323,2324,M,3,Seoul,2.1,87.2,95.7,64.6,2024-12-02
2324,2325,F,1,Gyeonggi,0.0,83.3%,56.3,75.4,2025-01-22
2325,2326,F,3,Busan,9.1,88.6,72.7,67.2,2024-03-13
2326,2327,F,2,Daegu,4.7,90.7,54.3,61.2,2024-06-16
2327,2328,M,3,Busan,9.8,91.3,43.7,86.1,2024-12-10
2328,2329,M,2,Busan,0.0,94.69999999999999,63.5,70.3,2024-04-12
2329,2330,M,1,Busan,11.3,100.0,74.7,66.7,2024-06-04
2330,2331,M,2,Gyeonggi,,94.5,100.0,80.8,2024-03-13
2331,2332,F,2,Gyeonggi,5.1,91.2,57.7,59.5,2024-09-05
2332,2333,M,1,Daegu,0.5,95.1,66.1,55.4,2024-03-02
2333,2334,M,2,Seoul,11.5,98.4,59.1,81.3,2025-01-13
2334,2335,M,3,Seoul,18.9,100.0%,100.0,100.0,2025-01-12
2335,2336,M,1,Gyeonggi,0.0,90.4,82.8,67.2,2024-09-23
2336,2337,F,2,Seoul,12.0,80.5,71.4,77.9,2024-05-26
2337,2338,F,3,Gyeonggi,0.0,91.0,62.0,44.4,2024-04-07
2338,2339,M,3,Gyeonggi,15.7,78.9,98.2,70.3,2024-10-29
2339,2340,F,1,Seoul,8.2,81.8,53.7,63.4,2024-10-07
2340,2341,M,2,Seoul,11.8,88.0,53.0,60.9,2024-05-04
2341,2342,F,3,Seoul,3.7,93.7,53.0,49.7,2024-08-27
2342,2343,M,1,Busan,19.0,92.30000000000001,27.3,82.2,2024-05-08
2343,2344,M,3,Seoul,17.1,87.2,70.4,84.4,2024-04-22
2344,2345,M,1,Seoul,21.1,91.4,,80.0,2024-05-01
2345,2346,M,2,Busan,5.6,94.89999999999999,54.9,80.3,2024-09-04
2346,2347,F,2,Etc,16.7,95.5,92.0,68.5,2024-08-28
2347,2348,M,3,Seoul,36.4,89.1,62.0,76.9,2024-08-28
2348,2349,M,3,Etc,3.1,82.89999999999999,77.5,86.9,2024-12-22
2349,2350,F,2,Seoul,11.2,84.2,72.9,74.5,2024-05-31
2350,2351,M,3,Daegu,8.5,73.9,68.4,55.6,2024-05-14
2351,2352,M,3,Gyeonggi,5.1,100.0,95.3,63.1,2024-10-18
2352,2353,M,2,Gyeonggi,15.7,80.7,68.0,78.1,2025-01-03
2353,2354,F,3,Gyeonggi,14.5,88.3,52.8,64.1,2024-08-01
2354,2355,F,2,Busan,,97.8,76.2,86.6,2024-10-27
2355,2356,M,2,Gyeonggi,10.1,84.89999999999999,78.4,67.1,2024-08-23
2356,2357,F,1,Gyeonggi,1.2,96.0,87.6,83.6,2024-12-17
2357,2358,M,3,Gyeonggi,0.0,97.3,90.8,93.8,2024-08-22
2358,2359,F,2,Seoul,15.7,100.0%,73.0,40.3,2024-05-28
2359,2360,M,2,Daegu,17.0,98.5,56.3,80.1,2024-11-09
2360,2361,F,3,Gyeonggi,8.0,79.7,86.0,61.0,2024-04-02
2361,2362,F,3,Gyeonggi,6.0,93.4,,95.0,2024-06-27
2362,2363,F,1,Gyeonggi,12.4,100.0,83.6,67.2,2024-06-27
2363,2364,M,3,Etc,15.6,90.3,71.7,71.2,2024-11-29
2364,2365,F,1,Seoul,,98.0,87.2,56.7,2024-12-22
2365,2366,M,1,Seoul,14.3,92.7,56.7,66.0,2025-01-22
2366,2367,F,3,Gyeonggi,23.0,96.5%,77.5,40.5,2024-11-13
2367,2368,M,2,Seoul,20.5,100.0,62.6,83.1,2024-09-25
2368,2369,F,2,Daegu,2.9,94.19999999999999,68.8,76.9,2024-12-20
2369,2370,M,1,Gyeonggi,2.6,100.0,100.0,80.7,2024-08-22
2370,2371,M,1,Seoul,13.2,95.1,91.2,41.7,2025-01-28
2371,2372,M,2,Busan,14.0,93.30000000000001,70.4,84.3,2024-05-13
2372,2373,M,3,Seoul,4.1,88.7,82.0,62.2,2024-04-16
2373,2374,M,1,Busan,,81.8,61.1,94.4,2024-08-08
2374,2375,F,3,Gyeonggi,9.5,100.0,72.7,71.4,2024-11-03
2375,2376,F,2,Gyeonggi,8.5,100.0,38.8,77.1,2024-05-19
2376,2377,F,2,Seoul,17.2,86.0,55.7,72.5,2024-07-12
2377,2378,F,3,Gyeonggi,13.6,77.5,,87.7,2025-01-06
2378,2379,M,3,Seoul,18.7,91.2,,88.2,2024-10-28
2379,2380,M,3,Etc,10.0,90.60000000000001,50.7,66.1,2024-11-04
2380,2381,M,1,Etc,6.6,90.5,100.0,94.7,2024-03-25
2381,2382,M,3,Seoul,13.8,98.2,74.8,68.1,2024-11-06
2382,2383,F,3,Seoul,23.6,89.60000000000001,66.1,65.5,2024-12-12
2383,2384,M,1,Etc,21.1,91.60000000000001,68.1,66.1,2024-09-11
2384,2385,F,2,Seoul,15.3,98.1%,83.4,66.4,2025-01-24
2385,2386,M,1,Gyeonggi,1.7,94.39999999999999,69.8,72.4,2024-03-10
2386,2387,F,1,Gyeonggi,7.4,92.5,67.8,71.1,2024-10-07
2387,2388,F,3,Seoul,8.4,91.3,56.7,92.9,2024-04-03
2388,2389,F,1,Gyeonggi,17.9,89.1,64.7,97.2,2024-09-21
2389,2390,F,1,Busan,28.8,99.6,66.8,97.6,2024-05-21
2390,2391,F,2,Etc,7.3,87.0,95.3,80.5,2024-05-20
2391,2392,F,1,Gyeonggi,9.3,80.30000000000001%,90.8,42.9,2024-05-07
2392,2393,F,3,Etc,16.3,85.0,94.1,,2025-02-15
2393,2394,M,1,Gyeonggi,15.8,88.9%,65.0,88.4,2025-02-04
2394,2395,M,3,Gyeonggi,7.6,96.7,72.9,78.0,2024-04-28
2395,2396,F,3,Etc,14.8,89.5,38.0,63.0,2024-08-09
2396,2397,M,1,Daegu,23.2,83.7,75.4,67.7,2025-02-16
2397,2398,F,2,Etc,3.1,85.7,82.7,57.0,2025-01-19
2398,2399,F,1,Gyeonggi,10.6,89.8%,68.2,91.1,2024-11-10
2399,2400,F,1,Seoul,11.5,93.5%,57.6,79.5,2025-02-19
2400,2401,M,2,Etc,22.3,100.0,66.0,62.8,2024-12-05
2401,2402,M,1,Busan,14.6,100.0,95.8,47.1,2024-10-15
2402,2403,F,2,Etc,9.4,98.1,69.3,37.3,2024-06-20
2403,2404,M,1,Seoul,2.3,90.3,67.3,34.1,2024-11-08
2404,2405,F,1,Busan,7.9,99.2,59.4,52.6,2024-09-17
2405,2406,F,2,Gyeonggi,7.3,100.0,42.1,71.5,2025-01-07
2406,2407,M,1,Seoul,4.8,94.89999999999999,82.3,92.8,2024-08-17
2407,2408,M,3,Seoul,6.3,91.5,68.4,83.3,2024-03-07
2408,2409,F,3,Seoul,14.6,80.4,51.6,55.1,2024-03-08
2409,2410,M,1,Gyeonggi,11.6,88.8,71.2,87.9,2024-06-29
2410,2411,M,2,Daegu,6.3,87.2%,46.7,80.4,2024-10-15
2411,2412,M,2,Etc,10.7,89.8,40.7,54.7,2024-07-09
2412,2413,F,1,Seoul,13.6,97.1,59.3,61.2,2024-11-15
2413,2414,M,3,Daegu,6.6,94.3,64.7,100.0,2025-02-08
2414,2415,M,3,Seoul,7.0,85.1,55.7,67.4,2024-06-15
2415,2416,M,1,Gyeonggi,14.0,67.4%,58.0,75.8,2024-12-08
2416,2417,F,3,Gyeonggi,14.6,100.0,,45.8,2024-05-26
2417,2418,M,2,Busan,7.6,98.5,60.1,48.6,2024-05-16
2418,2419,F,1,Seoul,11.6,95.39999999999999,65.4,87.1,2024-12-27
2419,2420,M,1,Seoul,,100.0,68.4,69.2,2024-04-14
2420,2421,F,2,Gyeonggi,14.9,89.5,53.6,85.7,2024-05-17
2421,2422,M,1,Gyeonggi,4.0,94.19999999999999,58.2,84.9,2024-08-30
2422,2423,M,2,Daegu,10.7,87.1,77.1,89.0,2024-08-31
2423,2424,F,1,Gyeonggi,8.4,96.39999999999999,51.5,84.5,2024-06-18
2424,2425,F,2,Seoul,7.8,88.1,74.4,78.5,2024-08-09
2425,2426,M,2,Seoul,7.2,92.80000000000001,54.8,,2024-04-19
2426,2427,M,3,Gyeonggi,2.6,96.2,56.5,80.2,2024-03-29
2427,2428,M,1,Seoul,25.4,89.9,78.9,43.9,2024-10-18
2428,2429,F,2,Seoul,11.7,88.3,55.0,67.4,2025-01-21
2429,2430,M,3,Seoul,19.8,84.89999999999999,80.1,48.9,2024-12-29
2430,2431,M,2,Gyeonggi,13.0,87.0,89.3,87.1,2024-04-03
2431,2432,F,1,Seoul,0.0,100.0,62.5,61.3,2024-08-03
2432,2433,M,1,Busan,14.4,85.5,100.0,57.3,2024-12-28
2433,2434,M,1,Daegu,24.3,89.60000000000001,69.5,100.0,2024-03-02
2434,2435,F,2,Seoul,11.9,95.5,84.2,79.8,2025-01-11
2435,2436,F,2,Gyeonggi,9.0,93.60000000000001,62.2,87.7,2024-04-19
2436,2437,M,2,Seoul,9.3,83.0,66.3,72.3,2024-07-20
2437,2438,F,2,Gyeonggi,10.5,89.0,87.7,76.0,2024-12-10
2438,2439,F,1,Seoul,20.5,95.39999999999999,,83.3,2025-02-13
2439,2440,M,1,Seoul,8.9,84.89999999999999%,41.9,52.8,2024-12-12
2440,2441,F,1,Gyeonggi,4.7,96.7,73.9,43.1,2024-05-13
2441,2442,M,1,Etc,15.0,85.6%,100.0,96.1,2024-06-28
2442,2443,F,1,Busan,21.5,100.0,49.4,75.0,2024-08-20
2443,2444,M,3,Etc,4.5,93.8,94.0,61.2,2024-05-04
2444,2445,F,2,Etc,26.4,95.0,,67.4,2024-12-05
2445,2446,F,1,Gyeonggi,9.4,84.3,58.1,82.7,2024-05-03
2446,2447,M,1,Busan,20.9,94.1,76.8,68.4,2024-08-15
2447,2448,F,1,Daegu,13.7,100.0,89.9,88.7,2024-10-27
2448,2449,M,3,Gyeonggi,17.3,96.7,74.3,46.1,2024-03-03
2449,2450,F,2,Seoul,14.3,88.8,100.0,45.6,2024-05-11
2450,2451,F,2,Etc,11.3,92.0,83.7,57.7,2024-06-30
2451,2452,M,2,Seoul,,90.9,36.5,85.1,2024-10-24
2452,2453,M,1,Gyeonggi,0.0,94.19999999999999,92.2,81.2,2024-10-16
2453,2454,F,1,Etc,13.1,89.4,88.6,41.7,2024-03-15
2454,2455,M,1,Seoul,,80.60000000000001,62.0,91.6,2024-06-11
2455,2456,M,3,Seoul,15.7,100.0%,97.1,59.9,2024-05-07
2456,2457,M,3,Seoul,1.6,94.3,65.6,45.0,2024-08-21
2457,2458,M,3,Seoul,7.7,100.0,78.0,96.3,2024-07-15
2458,2459,M,2,Gyeonggi,10.7,96.0,74.4,82.3,2025-01-20
2459,2460,M,1,Gyeonggi,18.8,100.0,53.4,55.6,2024-07-17
2460,2461,M,1,Daegu,17.7,93.30000000000001,51.7,80.7,2024-05-03
2461,2462,M,3,Etc,3.4,92.0,57.5,60.1,2024-10-18
2462,2463,F,1,Seoul,6.2,96.3,46.0,79.7,2024-04-18
2463,2464,F,1,Gyeonggi,14.5,97.5,59.2,100.0,2024-05-25
2464,2465,F,3,Daegu,13.7,97.6,63.1,74.3,2024-06-07
2465,2466,M,1,Busan,13.6,100.0,52.1,70.8,2024-12-02
2466,2467,F,1,Seoul,20.9,100.0,45.3,54.6,2024-08-07
2467,2468,F,1,Gyeonggi,14.8,80.5,93.3,,2024-12-27
2468,2469,M,1,Seoul,16.7,85.9,74.3,76.5,2024-04-10
2469,2470,F,1,Etc,17.4,91.0,88.3,65.9,2024-08-28
2470,2471,M,2,Etc,9.5,96.7,78.2,54.0,2024-07-09
2471,2472,F,2,Busan,3.7,97.0,68.9,76.1,2025-02-14
2472,2473,F,1,Gyeonggi,23.9,84.1,78.2,57.3,2025-02-21
2473,2474,M,3,Seoul,13.3,100.0,75.5,61.9,2024-04-25
2474,2475,F,2,Daegu,7.5,97.2,92.1,42.3,2024-06-28
2475,2476,M,2,Daegu,6.9,88.3,76.5,78.8,2024-04-28
2476,2477,F,1,Gyeonggi,16.6,74.3,62.0,74.0,2025-01-02
2477,2478,M,1,Gyeonggi,2.3,81.39999999999999,53.9,75.9,2024-06-25
2478,2479,F,3,Seoul,0.0,87.0,,59.1,2024-11-09
2479,2480,M,2,Etc,5.9,87.2,97.8,58.1,2024-07-19
2480,2481,M,2,Seoul,25.6,100.0,50.1,50.0,2025-02-10
2481,2482,M,3,Busan,17.4,100.0,48.3,72.8,2025-02-07
2482,2483,F,3,Busan,,99.0,56.9,64.1,2024-10-21
2483,2484,F,2,Busan,10.2,89.4%,78.1,61.5,2024-03-22
2484,2485,M,3,Busan,14.7,100.0,79.9,75.4,2024-10-23
2485,2486,F,2,Etc,13.8,77.7,72.3,87.7,2025-02-18
2486,2487,F,3,Gyeonggi,11.1,75.9,81.5,65.8,2024-04-03
2487,2488,F,1,Seoul,11.7,82.39999999999999,82.0,54.1,2024-04-22
2488,2489,M,1,Seoul,10.9,93.4,81.9,95.5,2024-04-27
2489,2490,M,2,Seoul,9.3,91.0,68.4,49.2,2024-03-17
2490,2491,M,2,Gyeonggi,12.1,93.2%,87.2,54.9,2024-03-26
2491,2492,M,3,Seoul,8.6,86.9,80.6,62.1,2024-07-31
2492,2493,M,2,Daegu,10.5,88.1,94.5,70.2,2024-11-22
2493,2494,M,2,Gyeonggi,8.9,93.60000000000001,24.5,69.5,2025-01-19
2494,2495,F,1,Daegu,9.8,90.10000000000001,71.5,37.5,2024-08-17
2495,2496,F,2,Busan,15.3,100.0,60.1,81.1,2024-11-06
2496,2497,M,2,Etc,17.9,94.69999999999999,52.2,49.8,2025-02-24
2497,2498,M,3,Daegu,10.4,82.5,59.6,65.7,2024-08-25
2498,2499,M,3,Seoul,14.7,88.8,72.2,58.3,2025-01-21
2499,2500,F,2,Busan,13.6,93.30000000000001,68.6,76.1,2024-08-06
2500,2501,F,1,Etc,14.8,88.2,41.5,57.2,2024-11-25
2501,2502,F,3,Gyeonggi,12.1,99.3,61.3,67.7,2024-07-20
2502,2503,M,2,Busan,10.5,85.2,72.8,56.8,2024-10-07
2503,2504,F,1,Seoul,9.8,85.7,80.9,55.9,2024-05-06
2504,2505,M,3,Gyeonggi,11.3,89.9,77.7,75.2,2025-01-26
2505,2506,M,1,Busan,12.0,96.2,75.0,85.8,2024-10-24
2506,2507,F,1,Gyeonggi,,99.8%,79.0,67.5,2025-02-07
2507,2508,M,2,Seoul,7.6,100.0,70.5,65.9,2025-01-14
2508,2509,F,1,Etc,2.5,91.10000000000001,90.1,72.1,2024-12-12
2509,2510,F,1,Gyeonggi,6.6,84.5,74.0,73.1,2024-09-09
2510,2511,M,2,Gyeonggi,12.6,92.60000000000001%,63.1,100.0,2024-12-23
2511,2512,M,1,Seoul,14.7,82.1,91.1,59.1,2024-04-27
2512,2513,F,2,Daegu,,98.6,62.3,54.0,2025-02-17
2513,2514,M,1,Gyeonggi,16.9,95.7,79.7,77.5,2024-11-25
2514,2515,F,3,Seoul,15.2,92.7,69.5,76.9,2024-11-23
2515,2516,F,2,Etc,27.6,79.2,57.4,83.7,2024-07-26
2516,2517,M,1,Seoul,,86.1,48.5,62.9,2024-06-06
2517,2518,F,2,Seoul,2.9,96.5,78.3,77.7,2024-08-18
2518,2519,F,2,Gyeonggi,8.8,94.3,61.4,77.6,2024-09-13
2519,2520,F,1,Busan,26.7,97.1,69.7,95.4,2024-05-27
2520,2521,M,3,Seoul,0.0,84.2,75.0,,2025-02-24
2521,2522,F,1,Busan,15.4,99.8,71.1,97.8,2024-04-18
2522,2523,M,3,Gyeonggi,21.6,94.3,41.5,66.8,2024-07-11
2523,2524,M,3,Busan,17.2,91.5%,73.6,83.6,2024-08-18
2524,2525,M,1,Busan,10.8,86.8,73.4,100.0,2024-10-27
2525,2526,M,2,Seoul,17.0,88.0,67.7,72.4,2024-05-06
2526,2527,M,2,Seoul,15.1,100.0%,74.2,87.6,2025-01-03
2527,2528,F,2,Seoul,10.5,99.3%,63.2,,2024-05-27
2528,2529,F,2,Seoul,15.7,98.4,70.3,73.8,2024-11-13
2529,2530,F,3,Etc,10.5,81.8,87.8,54.9,2024-10-03
2530,2531,M,3,Gyeonggi,19.3,92.2,78.6,75.1,2024-06-09
2531,2532,F,2,Seoul,15.0,98.7%,63.2,68.7,2025-01-16
2532,2533,M,2,Etc,8.8,91.0,54.6,68.2,2024-05-26
2533,2534,F,1,Etc,17.1,91.2,66.6,73.0,2024-07-22
2534,2535,M,1,Gyeonggi,2.8,100.0%,59.3,91.5,2024-12-11
2535,2536,F,1,Gyeonggi,9.8,100.0,75.5,59.0,2024-10-28
2536,2537,F,3,Gyeonggi,26.0,87.8,60.6,96.3,2024-05-17
2537,2538,M,1,Busan,13.0,94.0,67.8,84.6,2024-03-12
2538,2539,M,1,Seoul,15.2,90.0,,46.1,2025-02-04
2539,2540,F,1,Busan,13.9,95.1,53.3,71.1,2024-06-29
2540,2541,M,3,Seoul,10.2,82.8,60.2,79.0,2024-09-24
2541,2542,M,1,Daegu,9.3,100.0,67.1,77.5,2024-07-23
2542,2543,M,3,Busan,7.9,98.3,48.1,26.9,2024-09-12
2543,2544,M,3,Etc,16.5,88.8,57.5,61.1,2024-08-31
2544,2545,M,1,Gyeonggi,9.4,92.2,94.8,86.7,2024-11-29
2545,2546,M,1,Gyeonggi,16.2,96.0,88.0,62.7,2024-10-01
2546,2547,F,3,Seoul,21.0,92.10000000000001,86.4,66.0,2024-11-10
2547,2548,M,1,Gyeonggi,12.7,96.89999999999999,,61.7,2024-11-09
2548,2549,F,2,Daegu,11.3,98.1,75.0,84.2,2024-05-21
2549,2550,F,2,Gyeonggi,11.2,100.0,84.9,92.2,2025-02-22
2550,2551,M,2,Busan,9.2,100.0,90.0,70.5,2024-05-01
2551,2552,F,3,Etc,9.5,92.9,79.4,100.0,2025-01-20
2552,2553,F,2,Gyeonggi,,89.1,73.4,44.0,2024-12-17
2553,2554,M,2,Seoul,6.0,95.6,35.0,71.5,2024-09-24
2554,2555,M,3,Gyeonggi,15.4,95.1,63.3,91.8,2025-01-04
2555,2556,F,2,Seoul,6.7,89.8%,46.4,74.0,2024-09-08
2556,2557,M,1,Seoul,12.4,100.0,80.8,56.5,2025-02-25
2557,2558,M,1,Etc,0.0,85.6,90.0,70.4,2024-11-10
2558,2559,M,3,Gyeonggi,16.9,100.0,84.0,62.3,2025-02-05
2559,2560,M,2,Etc,22.6,87.2,53.5,74.2,2024-07-28
2560,2561,F,3,Busan,8.6,91.0,34.2,64.5,2024-05-15
2561,2562,F,3,Gyeonggi,10.2,100.0,67.2,46.8,2024-04-30
2562,2563,M,3,Seoul,14.7,91.9,60.3,75.9,2024-10-05
2563,2564,M,2,Gyeonggi,21.7,86.0,84.6,91.7,2024-10-06
2564,2565,F,1,Seoul,16.7,100.0%,44.0,55.7,2024-07-13
2565,2566,M,3,Gyeonggi,3.5,92.7,72.2,73.4,2024-03-31
2566,2567,M,2,Gyeonggi,11.9,91.5,99.9,66.7,2025-01-21
2567,2568,F,3,Gyeonggi,19.8,94.0,56.9,67.7,2024-07-22
2568,2569,F,1,Seoul,21.7,91.8%,48.7,75.3,2024-03-05
2569,2570,F,3,Gyeonggi,13.5,90.8,65.2,51.4,2024-08-10
2570,2571,F,1,Gyeonggi,11.2,90.10000000000001,87.5,74.0,2024-07-03
2571,2572,M,1,Seoul,12.4,95.8,62.1,81.5,2024-03-06
2572,2573,M,1,Seoul,,90.10000000000001,69.0,100.0,2024-09-21
2573,2574,F,1,Gyeonggi,13.5,91.7,58.2,56.8,2024-05-13
2574,2575,F,1,Busan,8.2,97.5,51.6,63.8,2024-10-25
2575,2576,F,2,Seoul,8.2,86.4,48.9,66.3,2024-08-05
2576,2577,M,2,Busan,21.3,91.0,79.7,52.2,2024-03-03
2577,2578,F,1,Seoul,4.8,94.19999999999999,53.4,72.1,2024-12-21
2578,2579,M,3,Daegu,7.8,94.6,63.1,66.5,2024-12-24
2579,2580,M,1,Gyeonggi,19.0,81.89999999999999,56.9,56.6,2024-09-03
2580,2581,F,1,Daegu,6.5,92.4,63.2,75.8,2024-05-19
2581,2582,M,3,Seoul,,87.2%,76.3,62.5,2024-05-27
2582,2583,M,2,Busan,12.1,89.60000000000001,56.5,54.1,2024-06-20
2583,2584,M,1,Gyeonggi,3.5,89.3,63.1,77.1,2024-04-30
2584,2585,F,3,Gyeonggi,33.4,90.3,82.8,54.6,2024-04-08
2585,2586,M,1,Gyeonggi,2.0,87.0,77.4,73.1,2025-01-02
2586,2587,M,1,Etc,18.3,92.2%,80.5,63.0,2024-05-09
2587,2588,F,1,Busan,21.4,93.5,76.5,51.2,2024-04-16
2588,2589,F,3,Gyeonggi,8.4,100.0%,79.0,59.2,2024-05-19
2589,2590,F,3,Busan,10.4,82.89999999999999,67.7,84.8,2025-02-18
2590,2591,M,3,Busan,7.1,93.89999999999999,51.9,91.3,2025-01-20
2591,2592,F,2,Seoul,6.9,81.6,61.6,75.4,2025-02-16
2592,2593,M,2,Seoul,17.2,87.1,77.1,71.0,2024-10-15
2593,2594,M,1,Busan,7.8,81.39999999999999,73.3,68.6,2024-07-07
2594,2595,M,2,Gyeonggi,1.5,95.8,67.5,86.6,2024-10-21
2595,2596,M,1,Gyeonggi,12.9,88.6,72.5,59.0,2024-03-07
2596,2597,F,1,Gyeonggi,13.1,89.8,88.9,76.7,2024-12-18
2597,2598,M,2,Daegu,14.1,90.0%,73.1,100.0,2024-12-21
2598,2599,F,1,Gyeonggi,0.5,83.8,90.2,82.8,2024-12-05
2599,2600,M,2,Seoul,26.6,94.8,56.0,83.9,2025-02-19
2600,2601,F,2,Busan,17.2,93.8,53.2,47.3,2025-02-16
2601,2602,M,2,Etc,6.2,86.7,88.8,24.8,2024-08-05
2602,2603,F,1,Gyeonggi,5.2,95.39999999999999,76.5,53.4,2024-10-24
2603,2604,M,3,Busan,10.2,98.9,83.4,100.0,2024-10-03
2604,2605,M,2,Daegu,19.8,93.10000000000001,78.1,85.0,2024-06-11
2605,2606,F,1,Seoul,16.9,93.0,44.2,91.9,2024-07-23
2606,2607,M,1,Gyeonggi,7.9,84.7,57.7,91.0,2024-07-17
2607,2608,F,2,Busan,13.3,96.89999999999999,68.3,54.6,2024-09-28
2608,2609,F,3,Seoul,21.2,89.1,46.3,47.2,2024-04-04
2609,2610,M,1,Gyeonggi,12.4,84.3%,64.4,73.0,2024-10-08
2610,2611,F,3,Seoul,2.8,90.5,75.7,69.8,2025-01-21
2611,2612,M,2,Gyeonggi,8.2,91.60000000000001,65.3,70.2,2024-09-24
2612,2613,F,1,Seoul,5.7,99.5,80.6,88.1,2024-06-16
2613,2614,F,3,Busan,7.5,95.3,,58.9,2024-10-15
2614,2615,M,2,Daegu,13.7,82.1%,73.4,92.1,2024-08-26
2615,2616,M,3,Daegu,18.4,91.8,56.5,53.5,2024-12-10
2616,2617,F,1,Daegu,8.6,100.0,50.7,77.0,2024-07-18
2617,2618,M,2,Seoul,14.7,96.3,80.2,55.4,2024-10-07
2618,2619,F,1,Seoul,18.0,93.5,79.6,85.5,2024-06-03
2619,2620,M,2,Seoul,11.1,93.8,94.3,62.2,2024-03-13
2620,2621,M,3,Gyeonggi,1.4,88.2,88.3,53.2,2024-06-28
2621,2622,M,2,Etc,5.2,100.0,43.3,87.1,2024-07-07
2622,2623,F,3,Seoul,13.9,95.5%,86.6,58.2,2025-02-01
2623,2624,M,1,Daegu,6.3,94.6,64.4,62.1,2025-01-26
2624,2625,F,2,Gyeonggi,2.7,92.80000000000001%,65.0,72.9,2024-08-11
2625,2626,M,3,Seoul,0.0,95.8,53.2,64.0,2024-10-01
2626,2627,M,3,Gyeonggi,24.5,86.7,43.7,37.3,2024-05-20
2627,2628,F,2,Seoul,2.2,94.19999999999999,43.9,89.2,2024-03-15
2628,2629,F,3,Seoul,15.2,90.2,56.6,91.3,2024-06-21
2629,2630,F,1,Etc,21.8,77.2,88.7,72.8,2024-07-09
2630,2631,M,1,Seoul,16.3,89.5,47.9,88.3,2024-03-12
2631,2632,F,1,Daegu,15.9,85.3,85.7,58.6,2024-06-16
2632,2633,F,2,Seoul,7.6,88.2,76.8,79.1,2025-02-04
2633,2634,F,3,Seoul,5.0,95.8,64.3,68.1,2024-05-20
2634,2635,M,3,Gyeonggi,18.1,87.5,64.5,63.3,2025-01-18
2635,2636,M,3,Busan,12.6,92.4,54.7,80.8,2024-04-14
2636,2637,M,3,Gyeonggi,14.5,83.0,50.2,66.4,2024-09-21
2637,2638,M,2,Etc,9.9,99.1,72.8,100.0,2024-04-18
2638,2639,M,2,Seoul,12.7,100.0,81.9,78.1,2024-07-12
2639,2640,M,3,Seoul,21.7,98.2,95.1,69.4,2024-11-27
2640,2641,M,3,Gyeonggi,2.0,100.0,68.9,77.5,2024-07-18
2641,2642,F,3,Seoul,19.5,90.60000000000001,48.3,84.5,2024-10-22
2642,2643,F,2,Gyeonggi,12.3,100.0,70.6,87.8,2024-08-07
2643,2644,F,2,Gyeonggi,21.2,100.0,63.1,78.9,2025-01-21
2644,2645,M,3,Gyeonggi,17.1,92.30000000000001,74.6,87.4,2024-10-09
2645,2646,M,3,Daegu,8.7,88.7%,68.1,93.9,2025-01-31
2646,2647,M,3,Daegu,20.2,86.8,56.5,100.0,2024-12-31
2647,2648,F,3,Seoul,18.6,93.2,66.1,85.5,2024-04-09
2648,2649,M,1,Seoul,10.8,75.0,45.6,72.9,2024-03-15
2649,2650,M,3,Seoul,4.8,100.0,44.8,63.2,2024-05-13
2650,2651,F,3,Etc,8.7,97.39999999999999,83.9,57.3,2025-01-11
2651,2652,M,1,Seoul,12.9,95.19999999999999,57.0,62.8,2024-12-07
2652,2653,F,1,Seoul,8.9,100.0%,66.8,59.4,2024-03-15
2653,2654,M,1,Gyeonggi,19.4,98.6,88.4,97.1,2024-05-19
2654,2655,F,1,Daegu,10.2,84.2,56.8,57.4,2024-04-07
2655,2656,M,2,Seoul,24.3,88.2,92.0,70.4,2024-09-21
2656,2657,F,1,Seoul,20.9,95.39999999999999,60.6,,2024-09-05
2657,2658,M,1,Etc,21.0,99.0%,53.3,83.0,2024-07-29
2658,2659,M,3,Gyeonggi,14.6,94.3,91.9,77.5,2024-08-23
2659,2660,F,3,Seoul,16.9,90.5,70.5,80.3,2024-11-15
2660,2661,M,3,Seoul,16.3,83.0,44.3,83.4,2025-02-13
2661,2662,F,2,Busan,7.8,82.6,,56.1,2024-03-15
2662,2663,F,2,Gyeonggi,18.8,86.6,77.8,66.0,2024-05-30
2663,2664,M,1,Gyeonggi,18.7,89.8,81.2,74.8,2024-03-17
2664,2665,F,3,Busan,25.9,91.4,77.0,64.5,2024-03-30
2665,2666,M,3,Seoul,15.0,78.7,63.0,67.8,2024-04-13
2666,2667,M,3,Daegu,15.0,96.3,67.9,65.5,2024-04-05
2667,2668,M,3,Seoul,16.6,100.0,69.1,,2024-12-27
2668,2669,M,3,Seoul,0.0,100.0,59.4,65.8,2024-10-26
2669,2670,M,2,Etc,14.9,99.4,52.9,76.2,2024-10-13
2670,2671,M,1,Seoul,14.2,92.4,79.9,100.0,2024-07-23
2671,2672,M,3,Gyeonggi,9.1,95.0,75.4,78.7,2024-03-23
2672,2673,M,2,Seoul,10.4,99.8,62.0,92.1,2024-05-23
2673,2674,M,1,Busan,2.5,78.60000000000001%,77.0,70.6,2025-01-26
2674,2675,F,2,Etc,0.0,97.89999999999999,100.0,59.5,2024-06-29
2675,2676,F,1,Daegu,11.2,90.9%,66.0,100.0,2024-05-02
2676,2677,F,2,Busan,21.0,91.4%,56.3,78.7,2024-04-09
2677,2678,F,1,Busan,6.0,82.6,38.6,59.4,2024-08-04
2678,2679,M,2,Etc,17.7,86.2,51.1,76.4,2025-02-12
2679,2680,F,3,Seoul,10.9,94.8,58.7,70.9,2024-05-24
2680,2681,F,1,Gyeonggi,12.2,91.0,93.4,52.3,2024-12-22
2681,2682,F,1,Etc,16.6,86.1,49.0,58.0,2024-04-04
2682,2683,F,3,Seoul,10.0,94.5,62.3,56.7,2024-04-15
2683,2684,F,2,Seoul,10.7,88.9,63.3,64.2,2025-01-22
2684,2685,F,1,Busan,6.0,83.5%,56.1,50.0,2024-08-20
2685,2686,F,1,Busan,17.2,100.0%,55.8,85.7,2024-06-13
2686,2687,F,2,Gyeonggi,14.2,87.9,56.2,93.3,2024-06-03
2687,2688,M,3,Seoul,21.8,100.0,81.1,88.1,2024-10-25
2688,2689,F,2,Gyeonggi,9.8,83.5,60.1,69.2,2024-04-28
2689,2690,F,3,Busan,19.0,94.39999999999999,95.3,67.1,2024-03-01
2690,2691,M,2,Daegu,7.7,95.19999999999999,68.7,69.2,2024-06-29
2691,2692,M,2,Daegu,24.5,100.0,56.8,35.1,2024-09-05
2692,2693,M,1,Busan,11.3,90.0,84.3,63.0,2025-02-06
2693,2694,F,2,Gyeonggi,11.5,92.9,62.6,66.8,2024-03-18
2694,2695,M,2,Seoul,14.2,89.0,48.4,82.8,2024-09-29
2695,2696,F,2,Busan,23.6,99.5,57.1,98.6,2024-08-27
2696,2697,F,1,Gyeonggi,17.8,81.3,85.8,90.3,2024-05-19
2697,2698,F,1,Gyeonggi,20.1,90.7%,70.1,58.1,2024-08-14
2698,2699,F,3,Seoul,17.9,93.7%,67.6,47.3,2024-08-01
2699,2700,F,1,Seoul,17.2,100.0,51.9,66.5,2024-07-04
2700,2701,M,1,Seoul,13.0,81.2,55.3,72.8,2024-11-18
2701,2702,F,1,Gyeonggi,8.2,85.3,64.6,83.4,2024-04-14
2702,2703,F,3,Gyeonggi,20.4,96.0%,65.7,80.5,2024-04-13
2703,2704,M,2,Seoul,16.6,88.5,63.7,100.0,2024-10-05
2704,2705,M,3,Gyeonggi,11.0,100.0,59.4,63.1,2024-07-27
2705,2706,M,1,Gyeonggi,6.7,91.10000000000001%,34.9,51.5,2024-04-26
2706,2707,M,2,Gyeonggi,1.0,81.3,97.7,68.5,2024-11-25
2707,2708,M,1,Gyeonggi,5.7,99.9,58.3,86.3,2024-10-13
2708,2709,F,2,Seoul,6.5,99.9,82.8,72.1,2025-02-26
2709,2710,F,1,Seoul,12.3,83.3,72.1,,2024-06-02
2710,2711,F,2,Daegu,4.2,87.6,63.3,85.7,2024-08-16
2711,2712,F,1,Seoul,6.2,86.5,47.2,65.5,2024-10-12
2712,2713,M,1,Seoul,12.7,91.2,66.5,33.3,2024-09-28
2713,2714,F,2,Busan,16.2,93.0,96.2,51.3,2024-04-28
2714,2715,M,2,Seoul,0.0,100.0,88.0,76.6,2024-05-22
2715,2716,F,3,Seoul,7.5,80.2,,69.8,2024-11-28
2716,2717,M,1,Gyeonggi,6.5,92.0,100.0,69.7,2025-01-21
2717,2718,F,1,Gyeonggi,11.9,83.6,81.4,37.5,2025-01-25
2718,2719,M,1,Daegu,20.0,98.1%,69.6,59.5,2024-08-29
2719,2720,F,1,Seoul,11.2,89.2,74.9,74.7,2025-01-05
2720,2721,M,1,Gyeonggi,4.6,90.9,74.2,40.5,2025-01-24
2721,2722,F,2,Seoul,11.5,98.1,88.4,58.9,2024-07-04
2722,2723,M,2,Seoul,8.0,86.6,73.2,65.0,2024-04-03
2723,2724,M,2,Busan,21.1,99.9,69.7,72.9,2024-07-14
2724,2725,M,2,Etc,9.9,96.39999999999999,67.3,92.9,2024-11-07
2725,2726,F,3,Seoul,13.8,94.8,56.9,90.5,2024-03-30
2726,2727,M,2,Seoul,4.0,80.4,79.1,55.5,2024-06-07
2727,2728,F,2,Seoul,2.3,92.4,60.5,59.3,2025-01-18
2728,2729,M,2,Seoul,0.8,79.9,47.7,77.6,2024-09-16
2729,2730,M,2,Gyeonggi,11.2,87.9,63.6,83.1,2024-10-13
2730,2731,F,3,Etc,5.5,93.60000000000001%,84.8,82.6,2025-02-15
2731,2732,F,3,Seoul,23.0,83.39999999999999,60.7,63.2,2024-12-01
2732,2733,M,3,Gyeonggi,8.8,83.5,57.3,77.7,2024-07-19
2733,2734,F,1,Seoul,14.6,87.0,71.6,76.4,2024-09-13
2734,2735,F,3,Gyeonggi,9.2,95.5,64.2,69.7,2024-07-20
2735,2736,M,2,Seoul,14.7,97.8,74.0,77.0,2024-06-17
2736,2737,M,1,Seoul,10.7,94.69999999999999,82.6,70.3,2024-09-21
2737,2738,F,1,Seoul,4.5,98.6,82.1,90.1,2024-07-03
2738,2739,F,2,Busan,6.8,100.0,64.2,79.3,2024-05-08
2739,2740,M,3,Seoul,11.4,79.3,71.8,77.1,2024-03-31
2740,2741,F,3,Gyeonggi,5.0,90.0,89.6,83.4,2024-05-14
2741,2742,F,3,Gyeonggi,8.9,96.6,73.9,81.1,2024-04-18
2742,2743,M,1,Etc,17.0,97.2,45.2,88.4,2025-01-07
2743,2744,F,3,Seoul,9.7,96.3,79.7,64.9,2024-07-19
2744,2745,F,2,Gyeonggi,12.4,96.7,55.5,95.1,2024-08-10
2745,2746,M,3,Seoul,10.6,92.10000000000001,73.9,55.2,2024-09-11
2746,2747,F,1,Seoul,5.5,88.7,48.7,67.3,2024-06-28
2747,2748,F,2,Gyeonggi,3.8,95.0,68.6,82.1,2024-11-14
2748,2749,F,1,Gyeonggi,17.1,81.6,69.0,50.9,2025-01-23
2749,2750,M,3,Etc,17.9,99.7,55.9,89.7,2024-11-20
2750,2751,F,3,Seoul,4.6,96.8,89.6,67.6,2025-01-03
2751,2752,M,2,Gyeonggi,17.3,96.2,63.5,42.5,2024-09-10
2752,2753,M,2,Seoul,12.4,99.0,97.5,62.7,2024-03-28
2753,2754,F,1,Etc,14.8,90.60000000000001,65.4,54.1,2024-10-23
2754,2755,M,1,Seoul,24.2,98.3,51.0,53.7,2024-05-05
2755,2756,M,1,Gyeonggi,0.0,90.2,51.6,71.2,2025-01-01
2756,2757,F,3,Busan,9.2,84.0,65.2,64.0,2024-07-05
2757,2758,M,3,Gyeonggi,13.8,90.2,73.1,100.0,2025-02-24
2758,2759,F,1,Seoul,17.1,90.60000000000001,37.4,41.0,2024-08-05
2759,2760,M,3,Daegu,5.5,83.1,85.5,54.6,2024-12-11
2760,2761,F,1,Daegu,,99.4%,80.9,55.9,2024-07-22
2761,2762,M,2,Etc,13.0,83.3,65.8,100.0,2024-12-03
2762,2763,M,2,Gyeonggi,21.0,100.0,85.2,65.7,2024-11-23
2763,2764,F,1,Gyeonggi,8.7,90.10000000000001,50.7,50.5,2025-01-27
2764,2765,M,3,Daegu,16.1,90.3,81.4,73.8,2025-02-21
2765,2766,M,3,Busan,11.9,89.0,49.8,65.6,2025-01-16
2766,2767,F,2,Seoul,6.8,99.2,58.7,100.0,2024-03-04
2767,2768,F,3,Seoul,7.9,99.1,73.1,83.0,2024-06-20
2768,2769,M,1,Gyeonggi,7.9,100.0,64.2,49.2,2024-06-09
2769,2770,M,1,Seoul,11.3,83.8,73.4,39.7,2024-12-04
2770,2771,F,3,Seoul,13.2,92.9%,67.5,61.8,2024-05-30
2771,2772,M,2,Gyeonggi,8.7,95.39999999999999,77.1,82.1,2024-08-02
2772,2773,F,1,Seoul,,93.4,58.6,76.3,2024-11-04
2773,2774,F,2,Daegu,10.1,85.1,63.3,65.5,2024-11-10
2774,2775,F,2,Gyeonggi,19.3,91.0,80.1,96.1,2024-04-12
2775,2776,F,2,Daegu,13.3,88.3,59.4,84.5,2024-05-30
2776,2777,M,2,Seoul,12.9,92.30000000000001,43.2,67.4,2024-09-10
2777,2778,F,2,Seoul,9.6,88.3,60.6,34.8,2024-10-20
2778,2779,F,2,Etc,17.6,89.4,72.0,61.2,2024-05-30
2779,2780,F,1,Seoul,0.6,99.4,80.9,64.0,2024-10-29
2780,2781,M,2,Gyeonggi,15.1,80.2,53.8,61.4,2024-12-31
2781,2782,F,3,Gyeonggi,16.4,87.5,83.7,100.0,2024-09-30
2782,2783,M,2,Busan,17.2,98.1,86.9,62.8,2024-07-21
2783,2784,F,1,Gyeonggi,13.1,87.4,68.5,55.2,2024-06-17
2784,2785,M,2,Gyeonggi,30.1,88.6,72.3,80.9,2025-01-17
2785,2786,M,1,Seoul,13.0,94.8,61.1,61.1,2024-05-01
2786,2787,F,3,Busan,0.2,94.39999999999999,74.4,80.4,2024-04-06
2787,2788,F,2,Gyeonggi,12.0,93.8,34.0,57.1,2024-07-29
2788,2789,M,3,Gyeonggi,13.3,93.10000000000001,75.9,90.2,2024-11-16
2789,2790,F,1,Seoul,7.2,91.0,75.5,76.0,2024-07-05
2790,2791,M,1,Daegu,,96.39999999999999,54.8,74.4,2024-04-15
2791,2792,F,2,Seoul,10.4,87.4,55.6,61.2,2024-06-17
2792,2793,M,2,Busan,5.8,94.19999999999999%,66.7,86.3,2024-07-30
2793,2794,M,1,Seoul,13.0,92.9,73.4,52.9,2024-11-12
2794,2795,F,3,Gyeonggi,13.0,100.0,76.8,72.6,2024-05-29
2795,2796,F,2,Gyeonggi,14.9,83.7,82.5,66.2,2025-01-12
2796,2797,F,2,Etc,0.0,86.7,71.8,82.3,2024-09-23
2797,2798,F,2,Seoul,7.1,83.5,80.8,81.1,2025-02-11
2798,2799,F,2,Seoul,14.3,99.0,75.9,56.9,2025-01-03
2799,2800,F,1,Busan,19.0,96.6,53.4,75.0,2024-12-25
2800,2801,M,2,Seoul,13.8,83.3,52.4,55.2,2024-06-20
2801,2802,F,2,Busan,7.2,88.2,56.0,71.9,2024-03-08
2802,2803,M,1,Gyeonggi,11.1,100.0,65.3,80.4,2024-11-13
2803,2804,M,1,Busan,17.8,100.0,88.2,73.2,2024-08-09
2804,2805,M,2,Seoul,16.6,88.3,78.6,54.4,2024-07-23
2805,2806,F,1,Seoul,16.4,88.0,100.0,92.4,2025-02-17
2806,2807,M,1,Seoul,,100.0,66.0,61.7,2024-05-04
2807,2808,F,2,Seoul,21.3,92.7,47.0,92.2,2024-12-05
2808,2809,F,2,Seoul,5.2,90.4,72.8,81.1,2024-09-14
2809,2810,F,1,Gyeonggi,8.0,92.0,56.8,56.9,2024-12-13
2810,2811,F,3,Seoul,19.7,92.4,73.2,57.3,2024-05-17
2811,2812,M,3,Seoul,2.7,83.5%,69.3,,2024-05-30
2812,2813,F,3,Gyeonggi,17.9,83.39999999999999,57.0,86.7,2024-07-19
2813,2814,F,2,Seoul,3.0,86.9,70.5,45.3,2024-05-31
2814,2815,F,3,Gyeonggi,18.8,87.1%,47.9,56.7,2024-11-30
2815,2816,M,2,Gyeonggi,12.7,89.5,66.4,52.2,2024-11-02
2816,2817,M,1,Seoul,13.0,93.10000000000001,60.9,83.8,2024-12-06
2817,2818,M,1,Seoul,14.3,94.39999999999999%,53.8,77.9,2024-10-04
2818,2819,F,3,Seoul,6.4,100.0,63.3,43.5,2024-08-30
2819,2820,M,2,Gyeonggi,20.0,92.5,66.0,74.1,2024-11-17
2820,2821,F,3,Seoul,19.1,82.5,77.9,66.6,2024-08-12
2821,2822,F,1,Seoul,0.1,90.7,81.1,76.0,2025-02-09
2822,2823,F,2,Daegu,23.4,91.7,72.2,,2024-04-05
2823,2824,M,2,Etc,6.4,90.2,78.5,74.0,2024-10-19
2824,2825,F,3,Etc,3.8,92.0,69.3,41.2,2024-12-23
2825,2826,F,1,Seoul,4.6,93.60000000000001,60.0,38.7,2024-03-01
2826,2827,M,2,Daegu,16.2,93.4,94.9,65.9,2024-10-31
2827,2828,F,2,Gyeonggi,0.0,92.10000000000001,82.1,78.1,2024-08-02
2828,2829,M,3,Seoul,8.8,100.0,47.5,89.5,2024-04-13
2829,2830,M,1,Seoul,8.5,84.8,79.6,72.0,2024-12-13
2830,2831,F,1,Seoul,9.4,90.10000000000001,79.2,55.3,2024-03-13
2831,2832,M,1,Gyeonggi,3.3,87.0,66.7,96.1,2024-04-15
2832,2833,F,2,Gyeonggi,11.8,95.8,64.0,84.3,2024-12-29
2833,2834,M,3,Busan,12.4,81.89999999999999,78.4,80.6,2024-05-07
2834,2835,F,1,Busan,9.1,94.3,87.8,83.0,2024-07-04
2835,2836,M,3,Daegu,18.6,83.39999999999999,76.7,36.0,2024-03-09
2836,2837,M,1,Seoul,6.0,89.3,76.9,78.2,2025-02-04
2837,2838,M,2,Daegu,10.6,99.6,95.8,92.6,2024-09-05
2838,2839,F,3,Seoul,14.3,92.9,81.2,72.9,2024-04-29
2839,2840,M,1,Gyeonggi,2.4,97.89999999999999%,97.2,37.0,2024-12-03
2840,2841,M,3,Etc,0.0,91.2,,19.2,2024-03-18
2841,2842,M,1,Seoul,13.2,98.5,77.1,64.4,2024-05-14
2842,2843,F,1,Etc,,100.0,54.0,55.8,2024-12-03
2843,2844,M,1,Seoul,22.7,90.8,,91.5,2025-02-12
2844,2845,F,3,Gyeonggi,11.5,100.0,79.4,75.8,2024-12-07
2845,2846,F,2,Seoul,12.2,87.3,77.8,85.6,2024-08-14
2846,2847,F,1,Etc,7.7,77.60000000000001,67.0,50.4,2025-01-27
2847,2848,F,1,Seoul,14.1,93.30000000000001,73.3,57.9,2024-11-17
2848,2849,F,2,Etc,4.4,94.19999999999999,82.6,55.1,2024-08-25
2849,2850,M,1,Gyeonggi,15.4,99.3,60.5,78.8,2025-01-01
2850,2851,M,3,Seoul,11.3,97.0,96.5,77.7,2024-05-11
2851,2852,F,3,Seoul,7.0,89.4,89.1,69.5,2024-06-07
2852,2853,F,1,Gyeonggi,14.8,87.3,65.2,78.2,2024-03-27
2853,2854,F,2,Seoul,16.1,100.0,65.1,89.7,2024-06-29
2854,2855,F,2,Etc,25.6,100.0,57.1,91.8,2025-01-12
2855,2856,M,1,Seoul,13.0,95.1,90.0,69.2,2025-01-06
2856,2857,F,3,Seoul,10.5,94.1%,65.5,,2024-09-29
2857,2858,F,1,Gyeonggi,13.8,89.0,87.3,100.0,2024-09-29
2858,2859,M,2,Seoul,13.9,87.1,98.7,80.7,2025-02-26
2859,2860,F,1,Etc,12.2,81.89999999999999,61.3,68.9,2024-11-17
2860,2861,F,1,Etc,27.1,87.9,68.4,82.5,2024-08-30
2861,2862,F,1,Gyeonggi,20.0,84.5,53.5,88.2,2024-10-10
2862,2863,F,3,Seoul,17.9,98.1,77.1,,2024-12-06
2863,2864,M,3,Etc,13.1,94.6,68.1,75.0,2025-01-01
2864,2865,M,2,Daegu,13.1,93.60000000000001,66.1,76.7,2024-07-30
2865,2866,F,1,Gyeonggi,8.9,92.0,65.7,54.2,2024-06-19
2866,2867,M,1,Daegu,2.6,97.39999999999999%,56.9,67.2,2024-07-04
2867,2868,F,3,Busan,11.7,91.5,97.1,76.4,2024-09-01
2868,2869,M,1,Gyeonggi,12.0,85.8,91.8,77.0,2024-05-27
2869,2870,F,1,Seoul,9.5,88.5,66.1,55.4,2024-05-18
2870,2871,M,2,Daegu,18.6,97.3,100.0,80.7,2024-04-24
2871,2872,F,2,Etc,14.4,100.0,85.9,71.5,2024-11-10
2872,2873,M,1,Busan,13.1,94.3,81.7,97.3,2025-02-10
2873,2874,F,2,Seoul,14.8,97.5,40.3,97.0,2024-11-24
2874,2875,M,1,Gyeonggi,4.8,88.5,77.3,78.5,2024-08-12
2875,2876,F,2,Etc,10.2,82.8,80.3,92.7,2024-10-14
2876,2877,F,1,Etc,5.9,87.4,53.6,65.8,2024-09-08
2877,2878,M,1,Etc,18.0,99.5,93.4,50.2,2024-04-30
2878,2879,F,2,Gyeonggi,,98.2,83.3,68.4,2025-01-14
2879,2880,F,2,Seoul,4.1,90.8,80.3,97.8,2024-09-16
2880,2881,M,2,Gyeonggi,13.8,90.3,83.2,73.2,2025-02-20
2881,2882,F,1,Daegu,19.5,83.2,73.0,45.9,2025-01-02
2882,2883,F,2,Daegu,4.0,89.9,71.1,63.2,2024-03-11
2883,2884,M,2,Etc,18.4,84.8,73.5,99.9,2024-07-13
2884,2885,F,3,Gyeonggi,10.9,85.6,92.4,99.4,2024-05-01
2885,2886,F,2,Busan,8.0,93.8,57.6,67.7,2024-12-12
2886,2887,F,3,Seoul,20.8,97.7,67.2,60.7,2024-06-26
2887,2888,F,2,Gyeonggi,19.2,93.30000000000001%,73.7,96.3,2024-03-10
2888,2889,M,1,Gyeonggi,4.9,95.5,75.2,77.1,2025-02-15
2889,2890,M,2,Gyeonggi,19.3,100.0,80.3,86.5,2024-04-17
2890,2891,M,1,Seoul,13.6,96.2,59.8,72.5,2024-04-10
2891,2892,M,1,Seoul,13.9,96.8,70.9,100.0,2025-01-11
2892,2893,M,2,Gyeonggi,7.2,91.5,,71.0,2024-05-19
2893,2894,M,1,Gyeonggi,9.7,82.5%,64.2,73.6,2025-02-04
2894,2895,F,2,Seoul,21.7,79.5,76.1,88.2,2025-02-24
2895,2896,F,2,Seoul,,100.0,48.1,63.2,2024-12-11
2896,2897,F,2,Busan,20.6,99.5,54.7,60.7,2024-11-10
2897,2898,F,1,Daegu,28.6,95.6,78.5,91.9,2024-10-03
2898,2899,F,2,Busan,7.8,100.0,55.3,84.4,2024-09-24
2899,2900,M,3,Seoul,15.4,95.19999999999999,71.8,95.1,2024-07-18
2900,2901,M,3,Etc,18.4,95.7,,85.0,2024-07-26
2901,2902,M,2,Seoul,13.1,80.4,61.3,83.7,2024-04-21
2902,2903,F,3,Daegu,2.3,83.6,57.7,84.6,2024-06-04
2903,2904,M,2,Busan,12.7,87.1,67.3,64.7,2024-10-01
2904,2905,M,3,Gyeonggi,16.1,94.39999999999999,60.2,69.7,2024-07-15
2905,2906,F,3,Seoul,17.4,88.0,92.5,53.3,2024-06-29
2906,2907,M,1,Gyeonggi,6.1,90.7,62.1,75.5,2025-01-31
2907,2908,M,1,Seoul,14.4,100.0,50.6,91.4,2024-04-03
2908,2909,F,3,Gyeonggi,14.3,95.7,93.2,94.8,2025-02-23
2909,2910,M,2,Gyeonggi,21.8,93.8,62.6,76.4,2024-03-17
2910,2911,F,1,Busan,18.7,82.6,95.5,86.7,2025-01-23
2911,2912,M,2,Seoul,14.4,100.0,90.2,63.6,2024-05-10
2912,2913,M,2,Seoul,21.2,86.1,68.0,83.0,2024-12-31
2913,2914,M,1,Seoul,16.3,98.5,74.2,74.2,2025-02-10
2914,2915,F,3,Gyeonggi,9.3,100.0%,74.6,61.1,2024-07-08
2915,2916,M,2,Daegu,15.1,83.5,89.2,100.0,2024-08-07
2916,2917,F,1,Seoul,12.2,89.60000000000001,62.4,84.2,2024-06-14
2917,2918,M,2,Gyeonggi,15.4,93.7,75.0,94.7,2024-10-22
2918,2919,F,2,Gyeonggi,25.0,87.9,74.9,62.0,2025-01-07
2919,2920,F,1,Seoul,9.0,95.39999999999999,76.0,76.6,2024-08-13
2920,2921,F,1,Seoul,16.8,84.3,72.5,73.9,2024-10-31
2921,2922,F,2,Seoul,21.5,97.39999999999999,66.8,70.4,2025-02-16
2922,2923,F,1,Gyeonggi,25.7,83.1,63.7,82.0,2024-05-24
2923,2924,F,3,Busan,18.5,85.39999999999999,73.5,73.5,2024-03-30
2924,2925,M,1,Seoul,10.1,86.9,70.7,64.3,2024-05-01
2925,2926,M,3,Seoul,6.5,81.6,57.6,100.0,2024-11-01
2926,2927,M,1,Seoul,6.9,85.2,74.1,53.4,2024-04-16
2927,2928,M,3,Seoul,0.0,96.1,92.9,44.8,2024-05-11
2928,2929,F,2,Gyeonggi,14.6,91.7,52.4,97.4,2024-05-16
2929,2930,M,1,Gyeonggi,10.5,93.5,36.6,63.7,2025-02-14
2930,2931,F,1,Seoul,11.6,83.39999999999999,64.4,59.2,2024-03-23
2931,2932,M,2,Seoul,9.7,99.7,74.3,100.0,2024-03-18
2932,2933,F,2,Seoul,,100.0,98.8,65.2,2024-11-19
2933,2934,M,2,Gyeonggi,9.4,84.89999999999999%,42.3,82.7,2024-07-21
2934,2935,M,2,Daegu,11.5,87.6,74.6,59.4,2024-11-29
2935,2936,F,1,Gyeonggi,11.0,96.7,89.0,41.5,2024-07-13
2936,2937,M,1,Gyeonggi,14.0,92.30000000000001,100.0,81.1,2024-11-20
2937,2938,M,2,Seoul,,88.7,81.6,56.3,2024-11-21
2938,2939,M,2,Busan,15.6,97.3,74.0,61.1,2024-06-10
2939,2940,M,2,Seoul,13.2,81.89999999999999,91.3,46.1,2025-01-12
2940,2941,F,2,Seoul,4.9,98.5%,95.7,68.9,2024-11-15
2941,2942,F,1,Busan,11.0,79.80000000000001,70.5,72.8,2024-08-19
2942,2943,F,3,Seoul,20.6,97.0,68.2,66.9,2024-09-03
2943,2944,F,3,Gyeonggi,11.2,97.89999999999999,75.1,76.4,2025-01-13
2944,2945,M,2,Seoul,23.8,87.9,92.5,81.6,2025-01-14
2945,2946,F,3,Gyeonggi,18.3,91.7,84.8,100.0,2024-11-20
2946,2947,F,1,Etc,5.3,82.8,86.6,58.6,2024-05-16
2947,2948,M,2,Gyeonggi,10.6,100.0,66.3,69.0,2024-11-01
2948,2949,F,2,Seoul,15.3,90.3,72.9,91.2,2024-06-02
2949,2950,M,1,Seoul,17.9,83.8,82.8,86.6,2024-04-13
2950,2951,M,1,Etc,10.8,88.0,78.1,55.6,2024-08-07
2951,2952,M,1,Gyeonggi,9.3,91.0,70.5,44.8,2025-01-22
2952,2953,M,2,Etc,19.1,95.3,48.6,80.3,2024-11-28
2953,2954,M,3,Gyeonggi,16.8,95.19999999999999,74.4,68.5,2025-02-06
2954,2955,M,3,Seoul,22.2,94.0,81.8,63.4,2024-10-08
2955,2956,F,1,Seoul,8.9,95.1,83.8,61.1,2024-12-02
2956,2957,F,2,Gyeonggi,4.0,92.5,88.0,59.6,2024-08-04
2957,2958,F,3,Busan,18.8,92.7,49.3,100.0,2024-03-18
2958,2959,F,1,Gyeonggi,15.7,78.5%,73.1,54.5,2024-08-14
2959,2960,F,1,Gyeonggi,10.5,98.4,91.7,78.2,2024-09-12
2960,2961,M,1,Seoul,,85.39999999999999,78.2,65.4,2025-01-20
2961,2962,M,3,Gyeonggi,6.8,92.60000000000001,73.6,80.1,2024-09-13
2962,2963,F,1,Seoul,8.6,96.7%,67.3,44.0,2024-07-26
2963,2964,M,1,Daegu,0.8,85.39999999999999,67.9,53.9,2024-04-16
2964,2965,M,3,Seoul,18.6,86.3,83.8,87.4,2024-03-16
2965,2966,F,3,Seoul,16.3,82.3,79.0,68.4,2024-10-21
2966,2967,M,3,Seoul,8.9,84.3,70.9,58.1,2024-07-30
2967,2968,M,1,Etc,7.1,100.0,86.8,77.6,2024-10-18
2968,2969,F,3,Seoul,11.7,100.0,85.4,82.0,2024-10-24
2969,2970,M,2,Seoul,28.2,100.0,75.9,77.7,2024-10-17
2970,2971,M,1,Seoul,14.2,89.1,73.1,65.2,2024-04-01
2971,2972,M,3,Gyeonggi,13.5,97.1,41.3,81.6,2024-12-24
2972,2973,M,1,Seoul,6.4,90.5,76.1,57.3,2024-05-14
2973,2974,F,1,Gyeonggi,6.9,93.7,71.9,82.8,2024-08-02
2974,2975,F,2,Etc,,91.3,73.4,86.1,2024-05-31
2975,2976,M,3,Etc,9.2,89.3%,69.3,,2024-07-12
2976,2977,M,1,Seoul,14.2,89.2,76.1,91.8,2024-05-01
2977,2978,F,1,Busan,11.2,100.0,72.2,79.2,2024-04-11
2978,2979,M,1,Seoul,,91.9%,73.6,66.7,2025-02-18
2979,2980,F,1,Etc,9.3,90.9,75.3,75.3,2024-09-12
2980,2981,F,1,Gyeonggi,16.4,91.0,63.4,,2024-04-19
2981,2982,M,1,Gyeonggi,4.9,98.1,69.8,93.6,2024-09-30
2982,2983,M,3,Etc,17.9,91.8,70.8,71.2,2024-10-23
2983,2984,F,3,Gyeonggi,12.0,79.80000000000001,51.3,71.9,2024-08-19
2984,2985,M,2,Seoul,3.2,89.60000000000001,78.6,87.6,2024-09-18
2985,2986,F,2,Gyeonggi,6.5,100.0,63.2,47.8,2024-08-01
2986,2987,M,2,Busan,9.4,96.3,81.6,45.8,2025-01-12
2987,2988,F,3,Busan,6.2,83.0,86.5,74.5,2024-10-05
2988,2989,M,2,Busan,4.8,86.6,63.3,60.9,2024-04-10
2989,2990,M,3,Busan,14.3,100.0,57.8,73.8,2024-03-30
2990,2991,F,3,Etc,22.1,89.2,98.6,80.1,2024-10-05
2991,2992,F,2,Gyeonggi,13.1,86.7,73.4,78.0,2025-02-10
2992,2993,M,1,Gyeonggi,8.0,92.5,71.1,77.6,2024-04-03
2993,2994,F,3,Daegu,9.7,100.0,84.3,79.5,2024-10-26
2994,2995,M,2,Seoul,11.0,86.8,56.0,64.3,2024-06-23
2995,2996,F,1,Gyeonggi,13.7,94.8,70.1,56.3,2024-05-22
2996,2997,M,3,Gyeonggi,23.7,94.19999999999999,63.0,56.5,2024-11-12
2997,2998,F,1,Gyeonggi,14.4,86.7,68.7,46.2,2025-02-17
2998,2999,M,1,Busan,19.0,94.5,78.3,78.9,2024-03-27
2999,3000,F,1,Gyeonggi,,96.5%,65.0,67.7,2025-02-08
3000,124,F,3,Busan,4.2,88.8,86.4,81.0,2024-10-24
3001,306,M,1,Gyeonggi,,97.8,83.7,76.0,2024-12-29
3002,1523,M,3,Seoul,18.5,89.0,75.4,51.7,2024-11-22
3003,1476,M,1,Etc,5.8,100.0,78.7,80.3,2024-06-28
3004,2878,M,1,Etc,18.0,99.5,93.4,50.2,2024-04-30
3005,780,M,3,Seoul,7.6,100.0,52.9,79.8,2025-01-05
3006,1862,M,2,Etc,11.1,97.7%,100.0,,2024-11-17
3007,1233,M,1,Etc,9.1,92.5,54.5,77.5,2024-05-12
3008,522,F,1,Etc,8.7,89.9,66.8,54.5,2024-03-07
3009,2302,M,3,Etc,15.9,83.5,68.0,61.4,2025-02-21
3010,2601,F,2,Busan,17.2,93.8,53.2,47.3,2025-02-16
3011,106,F,3,Seoul,15.8,97.1,77.1,94.4,2024-09-12
3012,932,M,2,Seoul,8.3,94.1%,56.3,68.0,2025-01-10
3013,684,M,2,Gyeonggi,0.3,81.5,90.2,51.9,2024-12-06
3014,2736,M,2,Seoul,14.7,97.8,74.0,77.0,2024-06-17
3015,533,M,2,Gyeonggi,3.9,77.7,66.3,89.2,2024-10-06
3016,2232,F,1,Etc,8.1,95.39999999999999,74.9,43.0,2024-08-18
3017,1910,F,1,Gyeonggi,4.7,82.5,71.1,62.2,2024-08-22
3018,558,F,1,Etc,28.2,100.0,67.0,69.0,2024-06-25
3019,753,M,3,Busan,12.6,90.0,100.0,77.8,2025-01-23
3020,903,F,1,Seoul,10.5,84.3,40.7,100.0,2024-05-15
3021,2012,M,3,Seoul,25.1,100.0,84.1,75.2,2024-06-20
3022,1084,F,1,Gyeonggi,15.0,90.7,44.8,100.0,2024-09-07
3023,2731,F,3,Etc,5.5,93.60000000000001%,84.8,82.6,2025-02-15
3024,818,F,3,Seoul,9.4,89.5,64.5,83.4,2024-08-23
3025,967,F,1,Etc,3.9,92.7,83.5,82.6,2024-04-09
3026,2190,F,3,Seoul,8.5,89.60000000000001,90.7,69.1,2024-12-20
3027,25,F,2,Seoul,15.0,97.3%,82.7,100.0,2024-09-14
3028,87,M,1,Seoul,9.5,88.4,80.0,57.7,2025-01-27
3029,1450,F,2,Gyeonggi,8.3,89.8,78.3,88.7,2024-07-25
